Source,Target,Type,TravelType,TimeCost,PollutionCost,Weight
IDFM:480908,IDFM:494486,Directed,TRANSFER,0,033333,0,000000,0,033333
IDFM:494486,IDFM:480908,Directed,TRANSFER,0,033333,0,000000,0,033333
IDFM:470812,IDFM:monomodalStopPlace:46984,Directed,TRANSFER,0,083333,0,000000,0,083333
IDFM:monomodalStopPlace:46984,IDFM:470812,Directed,TRANSFER,0,083333,0,000000,0,083333
IDFM:470966,IDFM:monomodalStopPlace:43106,Directed,TRANSFER,0,416667,0,000000,0,416667
IDFM:monomodalStopPlace:43106,IDFM:470966,Directed,TRANSFER,0,416667,0,000000,0,416667
IDFM:472536,IDFM:monomodalStopPlace:43178,Directed,TRANSFER,0,416667,0,000000,0,416667
IDFM:monomodalStopPlace:43178,IDFM:472536,Directed,TRANSFER,0,416667,0,000000,0,416667
IDFM:472518,IDFM:monomodalStopPlace:411405,Directed,TRANSFER,0,450000,0,000000,0,450000
IDFM:monomodalStopPlace:411405,IDFM:472518,Directed,TRANSFER,0,450000,0,000000,0,450000
IDFM:22151,IDFM:463242,Directed,METRO,0,600000,1,701158,0,600000
IDFM:463242,IDFM:22151,Directed,METRO,0,600000,1,701158,0,600000
IDFM:472271,IDFM:monomodalStopPlace:411396,Directed,TRANSFER,0,600000,0,000000,0,600000
IDFM:monomodalStopPlace:411396,IDFM:472271,Directed,TRANSFER,0,600000,0,000000,0,600000
IDFM:22135,IDFM:462996,Directed,METRO,0,616667,2,003175,0,616667
IDFM:462996,IDFM:22135,Directed,METRO,0,616667,2,003175,0,616667
IDFM:22176,IDFM:463314,Directed,METRO,0,633333,2,719304,0,633333
IDFM:463314,IDFM:22176,Directed,METRO,0,633333,2,719304,0,633333
IDFM:470808,IDFM:monomodalStopPlace:46736,Directed,TRANSFER,0,633333,0,000000,0,633333
IDFM:monomodalStopPlace:46736,IDFM:470808,Directed,TRANSFER,0,633333,0,000000,0,633333
IDFM:22176,IDFM:463194,Directed,METRO,0,650000,1,664744,0,650000
IDFM:463194,IDFM:22176,Directed,METRO,0,650000,1,664744,0,650000
IDFM:492416,IDFM:monomodalStopPlace:47322,Directed,TRANSFER,0,650000,0,000000,0,650000
IDFM:monomodalStopPlace:47322,IDFM:492416,Directed,TRANSFER,0,650000,0,000000,0,650000
IDFM:22152,IDFM:463093,Directed,METRO,0,666667,2,118124,0,666667
IDFM:463093,IDFM:22152,Directed,METRO,0,666667,2,118124,0,666667
IDFM:21951,IDFM:21995,Directed,METRO,0,683333,1,674869,0,683333
IDFM:21995,IDFM:21951,Directed,METRO,0,683333,1,674869,0,683333
IDFM:21983,IDFM:462998,Directed,METRO,0,683333,1,692179,0,683333
IDFM:462998,IDFM:21983,Directed,METRO,0,683333,1,692179,0,683333
IDFM:22152,IDFM:22132,Directed,METRO,0,683333,2,324200,0,683333
IDFM:22132,IDFM:22152,Directed,METRO,0,683333,2,324200,0,683333
IDFM:22134,IDFM:22142,Directed,METRO,0,716667,2,194890,0,716667
IDFM:22142,IDFM:22134,Directed,METRO,0,716667,2,194890,0,716667
IDFM:22134,IDFM:22153,Directed,METRO,0,716667,1,728627,0,716667
IDFM:22153,IDFM:22134,Directed,METRO,0,716667,1,728627,0,716667
IDFM:21995,IDFM:463287,Directed,METRO,0,733333,1,763532,0,733333
IDFM:463287,IDFM:21995,Directed,METRO,0,733333,1,763532,0,733333
IDFM:21996,IDFM:21937,Directed,METRO,0,750000,2,549345,0,750000
IDFM:21937,IDFM:21996,Directed,METRO,0,750000,2,549345,0,750000
IDFM:22081,IDFM:22079,Directed,METRO,0,750000,2,073461,0,750000
IDFM:22079,IDFM:22081,Directed,METRO,0,750000,2,073461,0,750000
IDFM:22136,IDFM:22145,Directed,METRO,0,750000,2,261394,0,750000
IDFM:22145,IDFM:22136,Directed,METRO,0,750000,2,261394,0,750000
IDFM:22390,IDFM:463255,Directed,METRO,0,750000,1,766363,0,750000
IDFM:463255,IDFM:22390,Directed,METRO,0,750000,1,766363,0,750000
IDFM:24680,IDFM:24685,Directed,METRO,0,750000,1,652949,0,750000
IDFM:24685,IDFM:24680,Directed,METRO,0,750000,1,652949,0,750000
IDFM:463118,IDFM:463242,Directed,METRO,0,750000,2,098123,0,750000
IDFM:463242,IDFM:463118,Directed,METRO,0,750000,2,098123,0,750000
IDFM:463253,IDFM:478395,Directed,METRO,0,750000,2,197392,0,750000
IDFM:478395,IDFM:463253,Directed,METRO,0,750000,2,197392,0,750000
IDFM:463311,IDFM:22060,Directed,METRO,0,750000,1,739281,0,750000
IDFM:22060,IDFM:463311,Directed,METRO,0,750000,1,739281,0,750000
IDFM:21992,IDFM:463061,Directed,METRO,0,766667,2,180984,0,766667
IDFM:463061,IDFM:21992,Directed,METRO,0,766667,2,180984,0,766667
IDFM:22132,IDFM:463310,Directed,METRO,0,766667,1,623890,0,766667
IDFM:463310,IDFM:22132,Directed,METRO,0,766667,1,623890,0,766667
IDFM:22174,IDFM:463004,Directed,METRO,0,766667,2,232453,0,766667
IDFM:463004,IDFM:22174,Directed,METRO,0,766667,2,232453,0,766667
IDFM:463022,IDFM:22153,Directed,METRO,0,766667,2,298607,0,766667
IDFM:22153,IDFM:463022,Directed,METRO,0,766667,2,298607,0,766667
IDFM:463194,IDFM:22171,Directed,METRO,0,766667,2,216940,0,766667
IDFM:22171,IDFM:463194,Directed,METRO,0,766667,2,216940,0,766667
IDFM:463288,IDFM:22174,Directed,METRO,0,766667,2,150495,0,766667
IDFM:22174,IDFM:463288,Directed,METRO,0,766667,2,150495,0,766667
IDFM:22039,IDFM:462964,Directed,METRO,0,783333,1,940652,0,783333
IDFM:462964,IDFM:22039,Directed,METRO,0,783333,1,940652,0,783333
IDFM:22158,IDFM:22155,Directed,METRO,0,783333,2,883277,0,783333
IDFM:22155,IDFM:22158,Directed,METRO,0,783333,2,883277,0,783333
IDFM:22160,IDFM:22158,Directed,METRO,0,783333,1,810240,0,783333
IDFM:22158,IDFM:22160,Directed,METRO,0,783333,1,810240,0,783333
IDFM:22164,IDFM:22165,Directed,METRO,0,783333,3,503006,0,783333
IDFM:22165,IDFM:22164,Directed,METRO,0,783333,3,503006,0,783333
IDFM:463312,IDFM:22198,Directed,METRO,0,783333,2,087464,0,783333
IDFM:22198,IDFM:463312,Directed,METRO,0,783333,2,087464,0,783333
IDFM:21923,IDFM:463238,Directed,METRO,0,800000,1,831802,0,800000
IDFM:463238,IDFM:21923,Directed,METRO,0,800000,1,831802,0,800000
IDFM:22021,IDFM:22028,Directed,METRO,0,800000,2,699798,0,800000
IDFM:22028,IDFM:22021,Directed,METRO,0,800000,2,699798,0,800000
IDFM:22160,IDFM:22173,Directed,METRO,0,800000,2,602773,0,800000
IDFM:22173,IDFM:22160,Directed,METRO,0,800000,2,602773,0,800000
IDFM:22198,IDFM:463058,Directed,METRO,0,800000,2,222015,0,800000
IDFM:463058,IDFM:22198,Directed,METRO,0,800000,2,222015,0,800000
IDFM:463114,IDFM:463102,Directed,METRO,0,800000,2,849630,0,800000
IDFM:463102,IDFM:463114,Directed,METRO,0,800000,2,849630,0,800000
IDFM:463158,IDFM:463208,Directed,METRO,0,800000,1,622671,0,800000
IDFM:463208,IDFM:463158,Directed,METRO,0,800000,1,622671,0,800000
IDFM:463288,IDFM:463128,Directed,METRO,0,800000,3,107293,0,800000
IDFM:463128,IDFM:463288,Directed,METRO,0,800000,3,107293,0,800000
IDFM:463310,IDFM:22141,Directed,METRO,0,800000,2,442788,0,800000
IDFM:22141,IDFM:463310,Directed,METRO,0,800000,2,442788,0,800000
IDFM:21994,IDFM:463091,Directed,METRO,0,816667,1,807794,0,816667
IDFM:463091,IDFM:21994,Directed,METRO,0,816667,1,807794,0,816667
IDFM:22009,IDFM:22000,Directed,METRO,0,816667,1,862421,0,816667
IDFM:22000,IDFM:22009,Directed,METRO,0,816667,1,862421,0,816667
IDFM:22049,IDFM:21980,Directed,METRO,0,816667,1,994157,0,816667
IDFM:21980,IDFM:22049,Directed,METRO,0,816667,1,994157,0,816667
IDFM:22121,IDFM:463240,Directed,METRO,0,816667,2,433915,0,816667
IDFM:463240,IDFM:22121,Directed,METRO,0,816667,2,433915,0,816667
IDFM:462986,IDFM:463090,Directed,METRO,0,816667,2,732237,0,816667
IDFM:463090,IDFM:462986,Directed,METRO,0,816667,2,732237,0,816667
IDFM:463005,IDFM:22171,Directed,METRO,0,816667,2,599381,0,816667
IDFM:22171,IDFM:463005,Directed,METRO,0,816667,2,599381,0,816667
IDFM:463041,IDFM:22085,Directed,METRO,0,816667,1,897920,0,816667
IDFM:22085,IDFM:463041,Directed,METRO,0,816667,1,897920,0,816667
IDFM:463308,IDFM:462992,Directed,METRO,0,816667,2,798698,0,816667
IDFM:462992,IDFM:463308,Directed,METRO,0,816667,2,798698,0,816667
IDFM:463317,IDFM:22050,Directed,METRO,0,816667,1,846972,0,816667
IDFM:22050,IDFM:463317,Directed,METRO,0,816667,1,846972,0,816667
IDFM:21994,IDFM:463316,Directed,METRO,0,833333,1,957261,0,833333
IDFM:463316,IDFM:21994,Directed,METRO,0,833333,1,957261,0,833333
IDFM:22164,IDFM:463114,Directed,METRO,0,833333,2,151462,0,833333
IDFM:463114,IDFM:22164,Directed,METRO,0,833333,2,151462,0,833333
IDFM:462950,IDFM:463311,Directed,METRO,0,833333,1,820763,0,833333
IDFM:463311,IDFM:462950,Directed,METRO,0,833333,1,820763,0,833333
IDFM:462959,IDFM:462967,Directed,METRO,0,833333,2,249088,0,833333
IDFM:462967,IDFM:462959,Directed,METRO,0,833333,2,249088,0,833333
IDFM:463004,IDFM:463003,Directed,METRO,0,833333,2,865748,0,833333
IDFM:463003,IDFM:463004,Directed,METRO,0,833333,2,865748,0,833333
IDFM:463095,IDFM:463032,Directed,METRO,0,833333,1,638120,0,833333
IDFM:463032,IDFM:463095,Directed,METRO,0,833333,1,638120,0,833333
IDFM:463135,IDFM:463163,Directed,METRO,0,833333,1,768182,0,833333
IDFM:463163,IDFM:463135,Directed,METRO,0,833333,1,768182,0,833333
IDFM:463169,IDFM:463075,Directed,METRO,0,833333,2,496011,0,833333
IDFM:463075,IDFM:463169,Directed,METRO,0,833333,2,496011,0,833333
IDFM:463244,IDFM:463063,Directed,METRO,0,833333,2,390923,0,833333
IDFM:463063,IDFM:463244,Directed,METRO,0,833333,2,390923,0,833333
IDFM:472571,IDFM:monomodalStopPlace:411390,Directed,TRANSFER,0,833333,0,000000,0,833333
IDFM:monomodalStopPlace:411390,IDFM:472571,Directed,TRANSFER,0,833333,0,000000,0,833333
IDFM:486814,IDFM:486816,Directed,METRO,0,833333,1,609220,0,833333
IDFM:486816,IDFM:486814,Directed,METRO,0,833333,1,609220,0,833333
IDFM:486816,IDFM:486818,Directed,METRO,0,833333,1,818056,0,833333
IDFM:486818,IDFM:486816,Directed,METRO,0,833333,1,818056,0,833333
IDFM:21906,IDFM:22030,Directed,METRO,0,850000,1,790431,0,850000
IDFM:22030,IDFM:21906,Directed,METRO,0,850000,1,790431,0,850000
IDFM:21933,IDFM:463049,Directed,METRO,0,850000,2,064479,0,850000
IDFM:463049,IDFM:21933,Directed,METRO,0,850000,2,064479,0,850000
IDFM:21996,IDFM:463110,Directed,METRO,0,850000,2,429318,0,850000
IDFM:463110,IDFM:21996,Directed,METRO,0,850000,2,429318,0,850000
IDFM:22201,IDFM:22202,Directed,METRO,0,850000,2,252479,0,850000
IDFM:22202,IDFM:22201,Directed,METRO,0,850000,2,252479,0,850000
IDFM:463038,IDFM:463290,Directed,METRO,0,850000,1,774795,0,850000
IDFM:463290,IDFM:463038,Directed,METRO,0,850000,1,774795,0,850000
IDFM:463211,IDFM:463135,Directed,METRO,0,850000,2,543868,0,850000
IDFM:463135,IDFM:463211,Directed,METRO,0,850000,2,543868,0,850000
IDFM:463264,IDFM:21933,Directed,METRO,0,850000,2,120820,0,850000
IDFM:21933,IDFM:463264,Directed,METRO,0,850000,2,120820,0,850000
IDFM:21980,IDFM:462950,Directed,METRO,0,866667,2,517310,0,866667
IDFM:462950,IDFM:21980,Directed,METRO,0,866667,2,517310,0,866667
IDFM:22049,IDFM:22051,Directed,METRO,0,866667,1,893960,0,866667
IDFM:22051,IDFM:22049,Directed,METRO,0,866667,1,893960,0,866667
IDFM:22087,IDFM:22081,Directed,METRO,0,866667,3,262528,0,866667
IDFM:22081,IDFM:22087,Directed,METRO,0,866667,3,262528,0,866667
IDFM:22122,IDFM:463230,Directed,METRO,0,866667,1,928864,0,866667
IDFM:463230,IDFM:22122,Directed,METRO,0,866667,1,928864,0,866667
IDFM:22147,IDFM:22142,Directed,METRO,0,866667,1,925970,0,866667
IDFM:22142,IDFM:22147,Directed,METRO,0,866667,1,925970,0,866667
IDFM:22191,IDFM:463204,Directed,METRO,0,866667,2,252985,0,866667
IDFM:463204,IDFM:22191,Directed,METRO,0,866667,2,252985,0,866667
IDFM:22373,IDFM:463235,Directed,METRO,0,866667,2,018526,0,866667
IDFM:463235,IDFM:22373,Directed,METRO,0,866667,2,018526,0,866667
IDFM:24684,IDFM:24687,Directed,METRO,0,866667,2,272184,0,866667
IDFM:24687,IDFM:24684,Directed,METRO,0,866667,2,272184,0,866667
IDFM:462986,IDFM:463091,Directed,METRO,0,866667,1,801749,0,866667
IDFM:463091,IDFM:462986,Directed,METRO,0,866667,1,801749,0,866667
IDFM:463036,IDFM:21932,Directed,METRO,0,866667,1,785822,0,866667
IDFM:21932,IDFM:463036,Directed,METRO,0,866667,1,785822,0,866667
IDFM:463121,IDFM:22086,Directed,METRO,0,866667,2,190738,0,866667
IDFM:22086,IDFM:463121,Directed,METRO,0,866667,2,190738,0,866667
IDFM:463290,IDFM:21929,Directed,METRO,0,866667,2,221837,0,866667
IDFM:21929,IDFM:463290,Directed,METRO,0,866667,2,221837,0,866667
IDFM:463314,IDFM:462948,Directed,METRO,0,866667,2,184240,0,866667
IDFM:462948,IDFM:463314,Directed,METRO,0,866667,2,184240,0,866667
IDFM:21936,IDFM:25084,Directed,METRO,0,883333,1,925549,0,883333
IDFM:25084,IDFM:21936,Directed,METRO,0,883333,1,925549,0,883333
IDFM:21945,IDFM:21948,Directed,METRO,0,883333,2,269406,0,883333
IDFM:21948,IDFM:21945,Directed,METRO,0,883333,2,269406,0,883333
IDFM:21964,IDFM:463317,Directed,METRO,0,883333,2,137981,0,883333
IDFM:463317,IDFM:21964,Directed,METRO,0,883333,2,137981,0,883333
IDFM:21985,IDFM:21982,Directed,METRO,0,883333,2,597943,0,883333
IDFM:21982,IDFM:21985,Directed,METRO,0,883333,2,597943,0,883333
IDFM:22028,IDFM:22031,Directed,METRO,0,883333,1,909639,0,883333
IDFM:22031,IDFM:22028,Directed,METRO,0,883333,1,909639,0,883333
IDFM:22173,IDFM:22175,Directed,METRO,0,883333,2,811611,0,883333
IDFM:22175,IDFM:22173,Directed,METRO,0,883333,2,811611,0,883333
IDFM:463000,IDFM:22202,Directed,METRO,0,883333,2,153083,0,883333
IDFM:22202,IDFM:463000,Directed,METRO,0,883333,2,153083,0,883333
IDFM:463155,IDFM:22371,Directed,METRO,0,883333,1,998086,0,883333
IDFM:22371,IDFM:463155,Directed,METRO,0,883333,1,998086,0,883333
IDFM:463306,IDFM:22145,Directed,METRO,0,883333,1,869583,0,883333
IDFM:22145,IDFM:463306,Directed,METRO,0,883333,1,869583,0,883333
IDFM:22008,IDFM:463018,Directed,METRO,0,900000,1,774497,0,900000
IDFM:463018,IDFM:22008,Directed,METRO,0,900000,1,774497,0,900000
IDFM:22024,IDFM:463090,Directed,METRO,0,900000,1,727270,0,900000
IDFM:463090,IDFM:22024,Directed,METRO,0,900000,1,727270,0,900000
IDFM:22127,IDFM:463120,Directed,METRO,0,900000,2,493896,0,900000
IDFM:463120,IDFM:22127,Directed,METRO,0,900000,2,493896,0,900000
IDFM:22151,IDFM:463291,Directed,METRO,0,900000,3,025190,0,900000
IDFM:463291,IDFM:22151,Directed,METRO,0,900000,3,025190,0,900000
IDFM:22172,IDFM:22155,Directed,METRO,0,900000,2,211234,0,900000
IDFM:22155,IDFM:22172,Directed,METRO,0,900000,2,211234,0,900000
IDFM:463049,IDFM:463036,Directed,METRO,0,900000,1,785983,0,900000
IDFM:463036,IDFM:463049,Directed,METRO,0,900000,1,785983,0,900000
IDFM:463083,IDFM:463303,Directed,METRO,0,900000,2,427085,0,900000
IDFM:463303,IDFM:463083,Directed,METRO,0,900000,2,427085,0,900000
IDFM:463297,IDFM:463250,Directed,METRO,0,900000,2,274475,0,900000
IDFM:463250,IDFM:463297,Directed,METRO,0,900000,2,274475,0,900000
IDFM:490791,IDFM:490792,Directed,METRO,0,900000,2,503626,0,900000
IDFM:490792,IDFM:490791,Directed,METRO,0,900000,2,503626,0,900000
IDFM:22079,IDFM:463041,Directed,METRO,0,916667,2,611343,0,916667
IDFM:463041,IDFM:22079,Directed,METRO,0,916667,2,611343,0,916667
IDFM:22108,IDFM:22121,Directed,METRO,0,916667,2,054035,0,916667
IDFM:22121,IDFM:22108,Directed,METRO,0,916667,2,054035,0,916667
IDFM:22119,IDFM:22107,Directed,METRO,0,916667,2,025037,0,916667
IDFM:22107,IDFM:22119,Directed,METRO,0,916667,2,025037,0,916667
IDFM:22125,IDFM:463088,Directed,METRO,0,916667,2,349979,0,916667
IDFM:463088,IDFM:22125,Directed,METRO,0,916667,2,349979,0,916667
IDFM:22172,IDFM:462955,Directed,METRO,0,916667,1,707527,0,916667
IDFM:462955,IDFM:22172,Directed,METRO,0,916667,1,707527,0,916667
IDFM:22177,IDFM:463169,Directed,METRO,0,916667,2,092751,0,916667
IDFM:463169,IDFM:22177,Directed,METRO,0,916667,2,092751,0,916667
IDFM:22185,IDFM:463320,Directed,METRO,0,916667,2,079609,0,916667
IDFM:463320,IDFM:22185,Directed,METRO,0,916667,2,079609,0,916667
IDFM:24125,IDFM:24107,Directed,METRO,0,916667,2,131793,0,916667
IDFM:24107,IDFM:24125,Directed,METRO,0,916667,2,131793,0,916667
IDFM:462949,IDFM:463321,Directed,METRO,0,916667,2,225436,0,916667
IDFM:463321,IDFM:462949,Directed,METRO,0,916667,2,225436,0,916667
IDFM:463000,IDFM:22203,Directed,METRO,0,916667,2,748981,0,916667
IDFM:22203,IDFM:463000,Directed,METRO,0,916667,2,748981,0,916667
IDFM:463058,IDFM:22196,Directed,METRO,0,916667,1,694998,0,916667
IDFM:22196,IDFM:463058,Directed,METRO,0,916667,1,694998,0,916667
IDFM:463118,IDFM:463092,Directed,METRO,0,916667,2,819215,0,916667
IDFM:463092,IDFM:463118,Directed,METRO,0,916667,2,819215,0,916667
IDFM:21916,IDFM:21934,Directed,METRO,0,933333,2,385437,0,933333
IDFM:21934,IDFM:21916,Directed,METRO,0,933333,2,385437,0,933333
IDFM:21932,IDFM:463188,Directed,METRO,0,933333,2,445503,0,933333
IDFM:463188,IDFM:21932,Directed,METRO,0,933333,2,445503,0,933333
IDFM:22087,IDFM:463080,Directed,METRO,0,933333,2,100335,0,933333
IDFM:463080,IDFM:22087,Directed,METRO,0,933333,2,100335,0,933333
IDFM:22098,IDFM:22205,Directed,METRO,0,933333,2,204409,0,933333
IDFM:22205,IDFM:22098,Directed,METRO,0,933333,2,204409,0,933333
IDFM:22136,IDFM:462992,Directed,METRO,0,933333,1,909346,0,933333
IDFM:462992,IDFM:22136,Directed,METRO,0,933333,1,909346,0,933333
IDFM:22223,IDFM:463229,Directed,METRO,0,933333,1,950075,0,933333
IDFM:463229,IDFM:22223,Directed,METRO,0,933333,1,950075,0,933333
IDFM:22375,IDFM:463249,Directed,METRO,0,933333,2,081826,0,933333
IDFM:463249,IDFM:22375,Directed,METRO,0,933333,2,081826,0,933333
IDFM:24686,IDFM:463156,Directed,METRO,0,933333,2,837662,0,933333
IDFM:463156,IDFM:24686,Directed,METRO,0,933333,2,837662,0,933333
IDFM:460556,IDFM:22295,Directed,METRO,0,933333,2,108598,0,933333
IDFM:22295,IDFM:460556,Directed,METRO,0,933333,2,108598,0,933333
IDFM:462964,IDFM:463321,Directed,METRO,0,933333,2,865996,0,933333
IDFM:463321,IDFM:462964,Directed,METRO,0,933333,2,865996,0,933333
IDFM:463043,IDFM:22108,Directed,METRO,0,933333,2,047607,0,933333
IDFM:22108,IDFM:463043,Directed,METRO,0,933333,2,047607,0,933333
IDFM:463173,IDFM:22038,Directed,METRO,0,933333,2,435259,0,933333
IDFM:22038,IDFM:463173,Directed,METRO,0,933333,2,435259,0,933333
IDFM:463303,IDFM:463320,Directed,METRO,0,933333,2,572613,0,933333
IDFM:463320,IDFM:463303,Directed,METRO,0,933333,2,572613,0,933333
IDFM:21912,IDFM:21931,Directed,METRO,0,950000,1,982976,0,950000
IDFM:21931,IDFM:21912,Directed,METRO,0,950000,1,982976,0,950000
IDFM:21948,IDFM:21946,Directed,METRO,0,950000,2,253353,0,950000
IDFM:21946,IDFM:21948,Directed,METRO,0,950000,2,253353,0,950000
IDFM:21993,IDFM:21951,Directed,METRO,0,950000,2,198606,0,950000
IDFM:21951,IDFM:21993,Directed,METRO,0,950000,2,198606,0,950000
IDFM:22115,IDFM:22125,Directed,METRO,0,950000,1,713567,0,950000
IDFM:22125,IDFM:22115,Directed,METRO,0,950000,1,713567,0,950000
IDFM:22167,IDFM:22177,Directed,METRO,0,950000,2,071042,0,950000
IDFM:22177,IDFM:22167,Directed,METRO,0,950000,2,071042,0,950000
IDFM:22205,IDFM:22184,Directed,METRO,0,950000,3,170242,0,950000
IDFM:22184,IDFM:22205,Directed,METRO,0,950000,3,170242,0,950000
IDFM:22367,IDFM:463001,Directed,METRO,0,950000,1,916081,0,950000
IDFM:463001,IDFM:22367,Directed,METRO,0,950000,1,916081,0,950000
IDFM:24424,IDFM:23295,Directed,METRO,0,950000,1,592386,0,950000
IDFM:23295,IDFM:24424,Directed,METRO,0,950000,1,592386,0,950000
IDFM:462983,IDFM:463111,Directed,METRO,0,950000,2,220748,0,950000
IDFM:463111,IDFM:462983,Directed,METRO,0,950000,2,220748,0,950000
IDFM:463005,IDFM:22165,Directed,METRO,0,950000,2,466770,0,950000
IDFM:22165,IDFM:463005,Directed,METRO,0,950000,2,466770,0,950000
IDFM:463119,IDFM:463210,Directed,METRO,0,950000,2,498337,0,950000
IDFM:463210,IDFM:463119,Directed,METRO,0,950000,2,498337,0,950000
IDFM:463125,IDFM:22122,Directed,METRO,0,950000,2,953939,0,950000
IDFM:22122,IDFM:463125,Directed,METRO,0,950000,2,953939,0,950000
IDFM:463141,IDFM:463237,Directed,METRO,0,950000,2,318931,0,950000
IDFM:463237,IDFM:463141,Directed,METRO,0,950000,2,318931,0,950000
IDFM:463206,IDFM:22390,Directed,METRO,0,950000,1,727393,0,950000
IDFM:22390,IDFM:463206,Directed,METRO,0,950000,1,727393,0,950000
IDFM:21924,IDFM:21912,Directed,METRO,0,966667,1,988274,0,966667
IDFM:21912,IDFM:21924,Directed,METRO,0,966667,1,988274,0,966667
IDFM:22054,IDFM:462973,Directed,METRO,0,966667,2,223118,0,966667
IDFM:462973,IDFM:22054,Directed,METRO,0,966667,2,223118,0,966667
IDFM:22204,IDFM:22098,Directed,METRO,0,966667,2,059729,0,966667
IDFM:22098,IDFM:22204,Directed,METRO,0,966667,2,059729,0,966667
IDFM:22371,IDFM:22368,Directed,METRO,0,966667,2,828541,0,966667
IDFM:22368,IDFM:22371,Directed,METRO,0,966667,2,828541,0,966667
IDFM:22373,IDFM:22372,Directed,METRO,0,966667,1,901630,0,966667
IDFM:22372,IDFM:22373,Directed,METRO,0,966667,1,901630,0,966667
IDFM:28855,IDFM:28850,Directed,METRO,0,966667,1,528352,0,966667
IDFM:28850,IDFM:28855,Directed,METRO,0,966667,1,528352,0,966667
IDFM:462999,IDFM:463095,Directed,METRO,0,966667,3,231600,0,966667
IDFM:463095,IDFM:462999,Directed,METRO,0,966667,3,231600,0,966667
IDFM:463108,IDFM:21992,Directed,METRO,0,966667,2,709042,0,966667
IDFM:21992,IDFM:463108,Directed,METRO,0,966667,2,709042,0,966667
IDFM:463158,IDFM:463161,Directed,METRO,0,966667,2,729464,0,966667
IDFM:463161,IDFM:463158,Directed,METRO,0,966667,2,729464,0,966667
IDFM:463206,IDFM:22388,Directed,METRO,0,966667,2,653320,0,966667
IDFM:22388,IDFM:463206,Directed,METRO,0,966667,2,653320,0,966667
IDFM:463243,IDFM:462983,Directed,METRO,0,966667,2,010421,0,966667
IDFM:462983,IDFM:463243,Directed,METRO,0,966667,2,010421,0,966667
IDFM:463265,IDFM:463231,Directed,METRO,0,966667,2,120558,0,966667
IDFM:463231,IDFM:463265,Directed,METRO,0,966667,2,120558,0,966667
IDFM:21971,IDFM:21907,Directed,METRO,0,983333,1,997725,0,983333
IDFM:21907,IDFM:21971,Directed,METRO,0,983333,1,997725,0,983333
IDFM:22008,IDFM:22002,Directed,METRO,0,983333,2,183069,0,983333
IDFM:22002,IDFM:22008,Directed,METRO,0,983333,2,183069,0,983333
IDFM:22082,IDFM:22084,Directed,METRO,0,983333,3,978174,0,983333
IDFM:22084,IDFM:22082,Directed,METRO,0,983333,3,978174,0,983333
IDFM:22082,IDFM:22090,Directed,METRO,0,983333,1,918842,0,983333
IDFM:22090,IDFM:22082,Directed,METRO,0,983333,1,918842,0,983333
IDFM:22385,IDFM:463235,Directed,METRO,0,983333,1,836180,0,983333
IDFM:463235,IDFM:22385,Directed,METRO,0,983333,1,836180,0,983333
IDFM:42133,IDFM:42131,Directed,METRO,0,983333,1,786026,0,983333
IDFM:42131,IDFM:42133,Directed,METRO,0,983333,1,786026,0,983333
IDFM:462948,IDFM:462955,Directed,METRO,0,983333,3,221205,0,983333
IDFM:462955,IDFM:462948,Directed,METRO,0,983333,3,221205,0,983333
IDFM:463188,IDFM:463300,Directed,METRO,0,983333,2,565121,0,983333
IDFM:463300,IDFM:463188,Directed,METRO,0,983333,2,565121,0,983333
IDFM:21904,IDFM:21985,Directed,METRO,1,000000,1,925515,1,000000
IDFM:21985,IDFM:21904,Directed,METRO,1,000000,1,925515,1,000000
IDFM:22024,IDFM:22030,Directed,METRO,1,000000,2,234438,1,000000
IDFM:22030,IDFM:22024,Directed,METRO,1,000000,2,234438,1,000000
IDFM:22370,IDFM:22385,Directed,METRO,1,000000,2,363669,1,000000
IDFM:22385,IDFM:22370,Directed,METRO,1,000000,2,363669,1,000000
IDFM:24107,IDFM:460560,Directed,METRO,1,000000,1,786736,1,000000
IDFM:460560,IDFM:24107,Directed,METRO,1,000000,1,786736,1,000000
IDFM:24136,IDFM:24117,Directed,METRO,1,000000,3,220854,1,000000
IDFM:24117,IDFM:24136,Directed,METRO,1,000000,3,220854,1,000000
IDFM:29895,IDFM:29904,Directed,METRO,1,000000,3,784888,1,000000
IDFM:29904,IDFM:29895,Directed,METRO,1,000000,3,784888,1,000000
IDFM:462998,IDFM:462994,Directed,METRO,1,000000,2,189675,1,000000
IDFM:462994,IDFM:462998,Directed,METRO,1,000000,2,189675,1,000000
IDFM:463244,IDFM:22196,Directed,METRO,1,000000,2,468084,1,000000
IDFM:22196,IDFM:463244,Directed,METRO,1,000000,2,468084,1,000000
IDFM:470851,IDFM:470874,Directed,METRO,1,000000,5,079582,1,000000
IDFM:470874,IDFM:470851,Directed,METRO,1,000000,5,079582,1,000000
IDFM:472316,IDFM:472077,Directed,METRO,1,000000,2,755403,1,000000
IDFM:472077,IDFM:472316,Directed,METRO,1,000000,2,755403,1,000000
IDFM:472376,IDFM:479491,Directed,METRO,1,000000,2,123685,1,000000
IDFM:479491,IDFM:472376,Directed,METRO,1,000000,2,123685,1,000000
IDFM:472618,IDFM:472147,Directed,METRO,1,000000,6,604260,1,000000
IDFM:472147,IDFM:472618,Directed,METRO,1,000000,6,604260,1,000000
IDFM:473827,IDFM:473828,Directed,METRO,1,000000,2,757306,1,000000
IDFM:473828,IDFM:473827,Directed,METRO,1,000000,2,757306,1,000000
IDFM:478664,IDFM:478659,Directed,METRO,1,000000,2,560993,1,000000
IDFM:478659,IDFM:478664,Directed,METRO,1,000000,2,560993,1,000000
IDFM:478978,IDFM:478989,Directed,METRO,1,000000,2,702052,1,000000
IDFM:478989,IDFM:478978,Directed,METRO,1,000000,2,702052,1,000000
IDFM:478980,IDFM:479007,Directed,METRO,1,000000,2,570792,1,000000
IDFM:479007,IDFM:478980,Directed,METRO,1,000000,2,570792,1,000000
IDFM:478982,IDFM:478989,Directed,METRO,1,000000,2,816272,1,000000
IDFM:478989,IDFM:478982,Directed,METRO,1,000000,2,816272,1,000000
IDFM:478987,IDFM:479003,Directed,METRO,1,000000,2,637791,1,000000
IDFM:479003,IDFM:478987,Directed,METRO,1,000000,2,637791,1,000000
IDFM:478992,IDFM:479003,Directed,METRO,1,000000,1,562329,1,000000
IDFM:479003,IDFM:478992,Directed,METRO,1,000000,1,562329,1,000000
IDFM:478995,IDFM:478999,Directed,METRO,1,000000,2,431570,1,000000
IDFM:478999,IDFM:478995,Directed,METRO,1,000000,2,431570,1,000000
IDFM:478995,IDFM:479005,Directed,METRO,1,000000,3,324195,1,000000
IDFM:479005,IDFM:478995,Directed,METRO,1,000000,3,324195,1,000000
IDFM:478996,IDFM:478976,Directed,METRO,1,000000,3,717795,1,000000
IDFM:478976,IDFM:478996,Directed,METRO,1,000000,3,717795,1,000000
IDFM:478996,IDFM:478999,Directed,METRO,1,000000,2,788128,1,000000
IDFM:478999,IDFM:478996,Directed,METRO,1,000000,2,788128,1,000000
IDFM:478997,IDFM:478992,Directed,METRO,1,000000,3,037084,1,000000
IDFM:478992,IDFM:478997,Directed,METRO,1,000000,3,037084,1,000000
IDFM:479001,IDFM:479012,Directed,METRO,1,000000,2,844260,1,000000
IDFM:479012,IDFM:479001,Directed,METRO,1,000000,2,844260,1,000000
IDFM:479005,IDFM:479007,Directed,METRO,1,000000,1,666561,1,000000
IDFM:479007,IDFM:479005,Directed,METRO,1,000000,1,666561,1,000000
IDFM:479012,IDFM:478978,Directed,METRO,1,000000,2,758683,1,000000
IDFM:478978,IDFM:479012,Directed,METRO,1,000000,2,758683,1,000000
IDFM:480930,IDFM:480942,Directed,METRO,1,000000,6,037156,1,000000
IDFM:480942,IDFM:480930,Directed,METRO,1,000000,6,037156,1,000000
IDFM:480934,IDFM:480936,Directed,METRO,1,000000,4,469768,1,000000
IDFM:480936,IDFM:480934,Directed,METRO,1,000000,4,469768,1,000000
IDFM:486812,IDFM:486810,Directed,METRO,1,000000,1,574614,1,000000
IDFM:486810,IDFM:486812,Directed,METRO,1,000000,1,574614,1,000000
IDFM:486824,IDFM:486822,Directed,METRO,1,000000,1,815905,1,000000
IDFM:486822,IDFM:486824,Directed,METRO,1,000000,1,815905,1,000000
IDFM:486826,IDFM:486828,Directed,METRO,1,000000,2,480357,1,000000
IDFM:486828,IDFM:486826,Directed,METRO,1,000000,2,480357,1,000000
IDFM:486889,IDFM:486888,Directed,METRO,1,000000,7,719315,1,000000
IDFM:486888,IDFM:486889,Directed,METRO,1,000000,7,719315,1,000000
IDFM:486892,IDFM:486897,Directed,METRO,1,000000,4,785457,1,000000
IDFM:486897,IDFM:486892,Directed,METRO,1,000000,4,785457,1,000000
IDFM:486897,IDFM:486957,Directed,METRO,1,000000,5,695839,1,000000
IDFM:486957,IDFM:486897,Directed,METRO,1,000000,5,695839,1,000000
IDFM:486957,IDFM:486960,Directed,METRO,1,000000,9,028974,1,000000
IDFM:486960,IDFM:486957,Directed,METRO,1,000000,9,028974,1,000000
IDFM:486963,IDFM:486965,Directed,METRO,1,000000,3,506859,1,000000
IDFM:486965,IDFM:486963,Directed,METRO,1,000000,3,506859,1,000000
IDFM:486976,IDFM:486978,Directed,METRO,1,000000,3,004497,1,000000
IDFM:486978,IDFM:486976,Directed,METRO,1,000000,3,004497,1,000000
IDFM:monomodalStopPlace:43206,IDFM:monomodalStopPlace:47963,Directed,METRO,1,000000,8,985767,1,000000
IDFM:monomodalStopPlace:47963,IDFM:monomodalStopPlace:43206,Directed,METRO,1,000000,8,985767,1,000000
IDFM:monomodalStopPlace:45447,IDFM:monomodalStopPlace:45437,Directed,METRO,1,000000,7,397518,1,000000
IDFM:monomodalStopPlace:45437,IDFM:monomodalStopPlace:45447,Directed,METRO,1,000000,7,397518,1,000000
IDFM:21947,IDFM:21946,Directed,METRO,1,016667,2,905022,1,016667
IDFM:21946,IDFM:21947,Directed,METRO,1,016667,2,905022,1,016667
IDFM:21957,IDFM:21958,Directed,METRO,1,016667,3,457633,1,016667
IDFM:21958,IDFM:21957,Directed,METRO,1,016667,3,457633,1,016667
IDFM:22005,IDFM:462999,Directed,METRO,1,016667,3,003900,1,016667
IDFM:462999,IDFM:22005,Directed,METRO,1,016667,3,003900,1,016667
IDFM:22039,IDFM:463173,Directed,METRO,1,016667,2,044891,1,016667
IDFM:463173,IDFM:22039,Directed,METRO,1,016667,2,044891,1,016667
IDFM:22055,IDFM:463116,Directed,METRO,1,016667,3,053601,1,016667
IDFM:463116,IDFM:22055,Directed,METRO,1,016667,3,053601,1,016667
IDFM:22228,IDFM:462951,Directed,METRO,1,016667,2,628231,1,016667
IDFM:462951,IDFM:22228,Directed,METRO,1,016667,2,628231,1,016667
IDFM:22386,IDFM:22366,Directed,METRO,1,016667,2,163419,1,016667
IDFM:22366,IDFM:22386,Directed,METRO,1,016667,2,163419,1,016667
IDFM:22389,IDFM:463155,Directed,METRO,1,016667,2,975617,1,016667
IDFM:463155,IDFM:22389,Directed,METRO,1,016667,2,975617,1,016667
IDFM:22627,IDFM:22261,Directed,METRO,1,016667,1,679178,1,016667
IDFM:22261,IDFM:22627,Directed,METRO,1,016667,1,679178,1,016667
IDFM:24426,IDFM:23302,Directed,METRO,1,016667,1,790652,1,016667
IDFM:23302,IDFM:24426,Directed,METRO,1,016667,1,790652,1,016667
IDFM:462959,IDFM:21970,Directed,METRO,1,016667,2,298327,1,016667
IDFM:21970,IDFM:462959,Directed,METRO,1,016667,2,298327,1,016667
IDFM:462971,IDFM:463069,Directed,METRO,1,016667,2,331292,1,016667
IDFM:463069,IDFM:462971,Directed,METRO,1,016667,2,331292,1,016667
IDFM:463054,IDFM:462963,Directed,METRO,1,016667,2,403943,1,016667
IDFM:462963,IDFM:463054,Directed,METRO,1,016667,2,403943,1,016667
IDFM:463075,IDFM:463128,Directed,METRO,1,016667,3,890530,1,016667
IDFM:463128,IDFM:463075,Directed,METRO,1,016667,3,890530,1,016667
IDFM:463120,IDFM:463088,Directed,METRO,1,016667,2,257886,1,016667
IDFM:463088,IDFM:463120,Directed,METRO,1,016667,2,257886,1,016667
IDFM:463151,IDFM:463063,Directed,METRO,1,016667,2,314380,1,016667
IDFM:463063,IDFM:463151,Directed,METRO,1,016667,2,314380,1,016667
IDFM:463298,IDFM:21934,Directed,METRO,1,016667,2,294179,1,016667
IDFM:21934,IDFM:463298,Directed,METRO,1,016667,2,294179,1,016667
IDFM:21903,IDFM:463191,Directed,METRO,1,033333,2,047411,1,033333
IDFM:463191,IDFM:21903,Directed,METRO,1,033333,2,047411,1,033333
IDFM:21969,IDFM:463124,Directed,METRO,1,033333,1,997316,1,033333
IDFM:463124,IDFM:21969,Directed,METRO,1,033333,1,997316,1,033333
IDFM:22005,IDFM:22003,Directed,METRO,1,033333,2,252485,1,033333
IDFM:22003,IDFM:22005,Directed,METRO,1,033333,2,252485,1,033333
IDFM:22020,IDFM:463297,Directed,METRO,1,033333,2,263352,1,033333
IDFM:463297,IDFM:22020,Directed,METRO,1,033333,2,263352,1,033333
IDFM:22074,IDFM:463080,Directed,METRO,1,033333,3,183810,1,033333
IDFM:463080,IDFM:22074,Directed,METRO,1,033333,3,183810,1,033333
IDFM:22084,IDFM:22086,Directed,METRO,1,033333,2,416610,1,033333
IDFM:22086,IDFM:22084,Directed,METRO,1,033333,2,416610,1,033333
IDFM:22184,IDFM:463226,Directed,METRO,1,033333,2,969667,1,033333
IDFM:463226,IDFM:22184,Directed,METRO,1,033333,2,969667,1,033333
IDFM:22190,IDFM:463201,Directed,METRO,1,033333,3,384344,1,033333
IDFM:463201,IDFM:22190,Directed,METRO,1,033333,3,384344,1,033333
IDFM:22204,IDFM:22203,Directed,METRO,1,033333,3,073605,1,033333
IDFM:22203,IDFM:22204,Directed,METRO,1,033333,3,073605,1,033333
IDFM:22367,IDFM:463033,Directed,METRO,1,033333,1,830543,1,033333
IDFM:463033,IDFM:22367,Directed,METRO,1,033333,1,830543,1,033333
IDFM:23298,IDFM:23300,Directed,METRO,1,033333,1,561386,1,033333
IDFM:23300,IDFM:23298,Directed,METRO,1,033333,1,561386,1,033333
IDFM:24681,IDFM:24680,Directed,METRO,1,033333,2,372805,1,033333
IDFM:24680,IDFM:24681,Directed,METRO,1,033333,2,372805,1,033333
IDFM:462988,IDFM:463240,Directed,METRO,1,033333,2,422887,1,033333
IDFM:463240,IDFM:462988,Directed,METRO,1,033333,2,422887,1,033333
IDFM:463026,IDFM:22370,Directed,METRO,1,033333,3,167197,1,033333
IDFM:22370,IDFM:463026,Directed,METRO,1,033333,3,167197,1,033333
IDFM:463124,IDFM:463076,Directed,METRO,1,033333,3,567543,1,033333
IDFM:463076,IDFM:463124,Directed,METRO,1,033333,3,567543,1,033333
IDFM:21904,IDFM:21923,Directed,TRANSFER,1,050000,0,000000,1,050000
IDFM:21923,IDFM:21904,Directed,TRANSFER,1,050000,0,000000,1,050000
IDFM:21936,IDFM:21913,Directed,METRO,1,050000,1,831639,1,050000
IDFM:21913,IDFM:21936,Directed,METRO,1,050000,1,831639,1,050000
IDFM:21999,IDFM:490762,Directed,METRO,1,050000,4,187839,1,050000
IDFM:490762,IDFM:21999,Directed,METRO,1,050000,4,187839,1,050000
IDFM:23302,IDFM:23303,Directed,METRO,1,050000,1,864089,1,050000
IDFM:23303,IDFM:23302,Directed,METRO,1,050000,1,864089,1,050000
IDFM:462981,IDFM:462984,Directed,METRO,1,050000,2,273998,1,050000
IDFM:462984,IDFM:462981,Directed,METRO,1,050000,2,273998,1,050000
IDFM:463051,IDFM:463211,Directed,METRO,1,050000,1,826596,1,050000
IDFM:463211,IDFM:463051,Directed,METRO,1,050000,1,826596,1,050000
IDFM:463245,IDFM:22375,Directed,METRO,1,050000,2,667747,1,050000
IDFM:22375,IDFM:463245,Directed,METRO,1,050000,2,667747,1,050000
IDFM:463245,IDFM:22388,Directed,METRO,1,050000,1,675022,1,050000
IDFM:22388,IDFM:463245,Directed,METRO,1,050000,1,675022,1,050000
IDFM:463285,IDFM:463243,Directed,METRO,1,050000,2,764740,1,050000
IDFM:463243,IDFM:463285,Directed,METRO,1,050000,2,764740,1,050000
IDFM:463318,IDFM:463055,Directed,METRO,1,050000,3,416917,1,050000
IDFM:463055,IDFM:463318,Directed,METRO,1,050000,3,416917,1,050000
IDFM:21924,IDFM:474397,Directed,TRANSFER,1,066667,0,000000,1,066667
IDFM:474397,IDFM:21924,Directed,TRANSFER,1,066667,0,000000,1,066667
IDFM:21935,IDFM:463190,Directed,METRO,1,066667,2,750766,1,066667
IDFM:463190,IDFM:21935,Directed,METRO,1,066667,2,750766,1,066667
IDFM:22135,IDFM:463291,Directed,METRO,1,066667,1,773724,1,066667
IDFM:463291,IDFM:22135,Directed,METRO,1,066667,1,773724,1,066667
IDFM:460561,IDFM:24138,Directed,METRO,1,066667,2,014503,1,066667
IDFM:24138,IDFM:460561,Directed,METRO,1,066667,2,014503,1,066667
IDFM:462942,IDFM:463298,Directed,METRO,1,066667,3,137648,1,066667
IDFM:463298,IDFM:462942,Directed,METRO,1,066667,3,137648,1,066667
IDFM:462954,IDFM:463184,Directed,METRO,1,066667,2,033072,1,066667
IDFM:463184,IDFM:462954,Directed,METRO,1,066667,2,033072,1,066667
IDFM:462956,IDFM:463259,Directed,METRO,1,066667,2,878155,1,066667
IDFM:463259,IDFM:462956,Directed,METRO,1,066667,2,878155,1,066667
IDFM:463026,IDFM:463216,Directed,METRO,1,066667,2,714444,1,066667
IDFM:463216,IDFM:463026,Directed,METRO,1,066667,2,714444,1,066667
IDFM:463089,IDFM:463304,Directed,METRO,1,066667,2,107492,1,066667
IDFM:463304,IDFM:463089,Directed,METRO,1,066667,2,107492,1,066667
IDFM:463253,IDFM:463066,Directed,METRO,1,066667,1,787491,1,066667
IDFM:463066,IDFM:463253,Directed,METRO,1,066667,1,787491,1,066667
IDFM:463258,IDFM:22021,Directed,METRO,1,066667,2,158563,1,066667
IDFM:22021,IDFM:463258,Directed,METRO,1,066667,2,158563,1,066667
IDFM:monomodalStopPlace:43124,IDFM:monomodalStopPlace:43228,Directed,METRO,1,066667,9,573213,1,066667
IDFM:monomodalStopPlace:43228,IDFM:monomodalStopPlace:43124,Directed,METRO,1,066667,9,573213,1,066667
IDFM:monomodalStopPlace:44500,IDFM:monomodalStopPlace:43833,Directed,METRO,1,066667,8,883228,1,066667
IDFM:monomodalStopPlace:43833,IDFM:monomodalStopPlace:44500,Directed,METRO,1,066667,8,883228,1,066667
IDFM:22110,IDFM:22115,Directed,METRO,1,083333,2,610066,1,083333
IDFM:22115,IDFM:22110,Directed,METRO,1,083333,2,610066,1,083333
IDFM:22199,IDFM:22200,Directed,METRO,1,083333,2,837750,1,083333
IDFM:22200,IDFM:22199,Directed,METRO,1,083333,2,837750,1,083333
IDFM:28858,IDFM:28851,Directed,METRO,1,083333,1,582926,1,083333
IDFM:28851,IDFM:28858,Directed,METRO,1,083333,1,582926,1,083333
IDFM:462970,IDFM:463066,Directed,METRO,1,083333,2,432393,1,083333
IDFM:463066,IDFM:462970,Directed,METRO,1,083333,2,432393,1,083333
IDFM:462996,IDFM:463308,Directed,METRO,1,083333,2,045699,1,083333
IDFM:463308,IDFM:462996,Directed,METRO,1,083333,2,045699,1,083333
IDFM:463076,IDFM:21972,Directed,METRO,1,083333,2,892620,1,083333
IDFM:21972,IDFM:463076,Directed,METRO,1,083333,2,892620,1,083333
IDFM:463230,IDFM:463285,Directed,METRO,1,083333,2,706576,1,083333
IDFM:463285,IDFM:463230,Directed,METRO,1,083333,2,706576,1,083333
IDFM:21916,IDFM:463299,Directed,METRO,1,100000,3,189634,1,100000
IDFM:463299,IDFM:21916,Directed,METRO,1,100000,3,189634,1,100000
IDFM:22037,IDFM:22022,Directed,METRO,1,100000,2,757669,1,100000
IDFM:22022,IDFM:22037,Directed,METRO,1,100000,2,757669,1,100000
IDFM:22038,IDFM:22051,Directed,METRO,1,100000,1,964336,1,100000
IDFM:22051,IDFM:22038,Directed,METRO,1,100000,1,964336,1,100000
IDFM:35927,IDFM:460558,Directed,METRO,1,100000,2,455837,1,100000
IDFM:460558,IDFM:35927,Directed,METRO,1,100000,2,455837,1,100000
IDFM:462988,IDFM:22110,Directed,METRO,1,100000,2,218095,1,100000
IDFM:22110,IDFM:462988,Directed,METRO,1,100000,2,218095,1,100000
IDFM:463035,IDFM:21940,Directed,METRO,1,100000,2,357015,1,100000
IDFM:21940,IDFM:463035,Directed,METRO,1,100000,2,357015,1,100000
IDFM:463111,IDFM:462984,Directed,METRO,1,100000,3,897701,1,100000
IDFM:462984,IDFM:463111,Directed,METRO,1,100000,3,897701,1,100000
IDFM:463204,IDFM:22193,Directed,METRO,1,100000,2,372381,1,100000
IDFM:22193,IDFM:463204,Directed,METRO,1,100000,2,372381,1,100000
IDFM:463318,IDFM:463190,Directed,METRO,1,100000,2,828618,1,100000
IDFM:463190,IDFM:463318,Directed,METRO,1,100000,2,828618,1,100000
IDFM:monomodalStopPlace:45877,IDFM:monomodalStopPlace:473843,Directed,METRO,1,100000,10,104081,1,100000
IDFM:monomodalStopPlace:473843,IDFM:monomodalStopPlace:45877,Directed,METRO,1,100000,10,104081,1,100000
IDFM:21993,IDFM:463263,Directed,METRO,1,116667,3,129007,1,116667
IDFM:463263,IDFM:21993,Directed,METRO,1,116667,3,129007,1,116667
IDFM:22027,IDFM:22031,Directed,METRO,1,116667,2,574670,1,116667
IDFM:22031,IDFM:22027,Directed,METRO,1,116667,2,574670,1,116667
IDFM:22368,IDFM:463033,Directed,METRO,1,116667,2,490158,1,116667
IDFM:463033,IDFM:22368,Directed,METRO,1,116667,2,490158,1,116667
IDFM:24685,IDFM:463156,Directed,METRO,1,116667,3,150799,1,116667
IDFM:463156,IDFM:24685,Directed,METRO,1,116667,3,150799,1,116667
IDFM:24687,IDFM:24686,Directed,METRO,1,116667,2,147503,1,116667
IDFM:24686,IDFM:24687,Directed,METRO,1,116667,2,147503,1,116667
IDFM:463022,IDFM:463183,Directed,METRO,1,116667,1,947775,1,116667
IDFM:463183,IDFM:463022,Directed,METRO,1,116667,1,947775,1,116667
IDFM:463045,IDFM:463112,Directed,METRO,1,116667,3,970798,1,116667
IDFM:463112,IDFM:463045,Directed,METRO,1,116667,3,970798,1,116667
IDFM:463064,IDFM:463284,Directed,METRO,1,116667,4,327132,1,116667
IDFM:463284,IDFM:463064,Directed,METRO,1,116667,4,327132,1,116667
IDFM:463210,IDFM:463258,Directed,METRO,1,116667,2,213614,1,116667
IDFM:463258,IDFM:463210,Directed,METRO,1,116667,2,213614,1,116667
IDFM:463287,IDFM:463110,Directed,METRO,1,116667,3,391498,1,116667
IDFM:463110,IDFM:463287,Directed,METRO,1,116667,3,391498,1,116667
IDFM:21962,IDFM:463064,Directed,METRO,1,133333,3,020471,1,133333
IDFM:463064,IDFM:21962,Directed,METRO,1,133333,3,020471,1,133333
IDFM:21982,IDFM:21972,Directed,METRO,1,133333,1,969874,1,133333
IDFM:21972,IDFM:21982,Directed,METRO,1,133333,1,969874,1,133333
IDFM:24131,IDFM:24121,Directed,METRO,1,133333,1,619114,1,133333
IDFM:24121,IDFM:24131,Directed,METRO,1,133333,1,619114,1,133333
IDFM:463087,IDFM:22236,Directed,METRO,1,133333,3,161798,1,133333
IDFM:22236,IDFM:463087,Directed,METRO,1,133333,3,161798,1,133333
IDFM:463226,IDFM:463050,Directed,METRO,1,133333,1,722000,1,133333
IDFM:463050,IDFM:463226,Directed,METRO,1,133333,1,722000,1,133333
IDFM:463323,IDFM:463107,Directed,METRO,1,133333,3,469962,1,133333
IDFM:463107,IDFM:463323,Directed,METRO,1,133333,3,469962,1,133333
IDFM:monomodalStopPlace:43067,IDFM:monomodalStopPlace:44493,Directed,METRO,1,133333,10,527913,1,133333
IDFM:monomodalStopPlace:44493,IDFM:monomodalStopPlace:43067,Directed,METRO,1,133333,10,527913,1,133333
IDFM:21924,IDFM:463300,Directed,METRO,1,150000,2,448178,1,150000
IDFM:463300,IDFM:21924,Directed,METRO,1,150000,2,448178,1,150000
IDFM:22107,IDFM:462981,Directed,METRO,1,150000,2,257599,1,150000
IDFM:462981,IDFM:22107,Directed,METRO,1,150000,2,257599,1,150000
IDFM:22221,IDFM:22223,Directed,METRO,1,150000,4,286602,1,150000
IDFM:22223,IDFM:22221,Directed,METRO,1,150000,4,286602,1,150000
IDFM:22364,IDFM:463232,Directed,METRO,1,150000,2,585006,1,150000
IDFM:463232,IDFM:22364,Directed,METRO,1,150000,2,585006,1,150000
IDFM:22391,IDFM:463216,Directed,METRO,1,150000,2,569753,1,150000
IDFM:463216,IDFM:22391,Directed,METRO,1,150000,2,569753,1,150000
IDFM:24686,IDFM:24682,Directed,METRO,1,150000,2,101495,1,150000
IDFM:24682,IDFM:24686,Directed,METRO,1,150000,2,101495,1,150000
IDFM:422038,IDFM:422040,Directed,METRO,1,150000,2,686724,1,150000
IDFM:422040,IDFM:422038,Directed,METRO,1,150000,2,686724,1,150000
IDFM:462967,IDFM:462994,Directed,METRO,1,150000,3,594750,1,150000
IDFM:462994,IDFM:462967,Directed,METRO,1,150000,3,594750,1,150000
IDFM:463035,IDFM:463233,Directed,METRO,1,150000,3,083016,1,150000
IDFM:463233,IDFM:463035,Directed,METRO,1,150000,3,083016,1,150000
IDFM:463054,IDFM:463299,Directed,METRO,1,150000,2,904412,1,150000
IDFM:463299,IDFM:463054,Directed,METRO,1,150000,2,904412,1,150000
IDFM:463121,IDFM:463257,Directed,METRO,1,150000,3,227872,1,150000
IDFM:463257,IDFM:463121,Directed,METRO,1,150000,3,227872,1,150000
IDFM:21905,IDFM:22002,Directed,METRO,1,166667,2,979345,1,166667
IDFM:22002,IDFM:21905,Directed,METRO,1,166667,2,979345,1,166667
IDFM:22103,IDFM:22105,Directed,METRO,1,166667,3,812354,1,166667
IDFM:22105,IDFM:22103,Directed,METRO,1,166667,3,812354,1,166667
IDFM:24115,IDFM:24122,Directed,METRO,1,166667,1,803046,1,166667
IDFM:24122,IDFM:24115,Directed,METRO,1,166667,1,803046,1,166667
IDFM:462942,IDFM:25084,Directed,METRO,1,166667,2,580413,1,166667
IDFM:25084,IDFM:462942,Directed,METRO,1,166667,2,580413,1,166667
IDFM:463001,IDFM:463021,Directed,TRANSFER,1,166667,0,000000,1,166667
IDFM:463021,IDFM:463001,Directed,TRANSFER,1,166667,0,000000,1,166667
IDFM:463112,IDFM:463165,Directed,METRO,1,166667,4,305642,1,166667
IDFM:463165,IDFM:463112,Directed,METRO,1,166667,4,305642,1,166667
IDFM:463219,IDFM:463153,Directed,METRO,1,166667,2,553980,1,166667
IDFM:463153,IDFM:463219,Directed,METRO,1,166667,2,553980,1,166667
IDFM:472407,IDFM:472737,Directed,TRANSFER,1,166667,0,000000,1,166667
IDFM:472737,IDFM:472407,Directed,TRANSFER,1,166667,0,000000,1,166667
IDFM:480340,IDFM:480531,Directed,METRO,1,166667,3,661207,1,166667
IDFM:480531,IDFM:480340,Directed,METRO,1,166667,3,661207,1,166667
IDFM:monomodalStopPlace:45419,IDFM:monomodalStopPlace:45453,Directed,METRO,1,166667,7,414084,1,166667
IDFM:monomodalStopPlace:45453,IDFM:monomodalStopPlace:45419,Directed,METRO,1,166667,7,414084,1,166667
IDFM:monomodalStopPlace:46007,IDFM:monomodalStopPlace:43066,Directed,METRO,1,166667,11,665024,1,166667
IDFM:monomodalStopPlace:43066,IDFM:monomodalStopPlace:46007,Directed,METRO,1,166667,11,665024,1,166667
IDFM:monomodalStopPlace:46482,IDFM:monomodalStopPlace:47920,Directed,METRO,1,166667,9,447404,1,166667
IDFM:monomodalStopPlace:47920,IDFM:monomodalStopPlace:46482,Directed,METRO,1,166667,9,447404,1,166667
IDFM:22105,IDFM:22104,Directed,METRO,1,183333,3,738632,1,183333
IDFM:22104,IDFM:22105,Directed,METRO,1,183333,3,738632,1,183333
IDFM:22389,IDFM:22374,Directed,METRO,1,183333,2,252927,1,183333
IDFM:22374,IDFM:22389,Directed,METRO,1,183333,2,252927,1,183333
IDFM:23441,IDFM:25639,Directed,METRO,1,183333,3,096717,1,183333
IDFM:25639,IDFM:23441,Directed,METRO,1,183333,3,096717,1,183333
IDFM:462954,IDFM:463083,Directed,METRO,1,183333,3,808700,1,183333
IDFM:463083,IDFM:462954,Directed,METRO,1,183333,3,808700,1,183333
IDFM:463229,IDFM:463184,Directed,METRO,1,183333,3,319597,1,183333
IDFM:463184,IDFM:463229,Directed,METRO,1,183333,3,319597,1,183333
IDFM:21907,IDFM:21974,Directed,METRO,1,200000,2,169908,1,200000
IDFM:21974,IDFM:21907,Directed,METRO,1,200000,2,169908,1,200000
IDFM:21965,IDFM:463164,Directed,METRO,1,200000,2,351888,1,200000
IDFM:463164,IDFM:21965,Directed,METRO,1,200000,2,351888,1,200000
IDFM:22027,IDFM:462988,Directed,TRANSFER,1,200000,0,000000,1,200000
IDFM:462988,IDFM:22027,Directed,TRANSFER,1,200000,0,000000,1,200000
IDFM:22035,IDFM:463119,Directed,METRO,1,200000,3,346487,1,200000
IDFM:463119,IDFM:22035,Directed,METRO,1,200000,3,346487,1,200000
IDFM:22086,IDFM:463043,Directed,TRANSFER,1,200000,0,000000,1,200000
IDFM:463043,IDFM:22086,Directed,TRANSFER,1,200000,0,000000,1,200000
IDFM:22175,IDFM:463003,Directed,METRO,1,200000,2,166559,1,200000
IDFM:463003,IDFM:22175,Directed,METRO,1,200000,2,166559,1,200000
IDFM:22627,IDFM:23298,Directed,METRO,1,200000,1,806109,1,200000
IDFM:23298,IDFM:22627,Directed,METRO,1,200000,1,806109,1,200000
IDFM:463166,IDFM:463167,Directed,METRO,1,200000,3,877609,1,200000
IDFM:463167,IDFM:463166,Directed,METRO,1,200000,3,877609,1,200000
IDFM:21903,IDFM:21905,Directed,METRO,1,216667,2,450193,1,216667
IDFM:21905,IDFM:21903,Directed,METRO,1,216667,2,450193,1,216667
IDFM:22000,IDFM:463023,Directed,METRO,1,216667,2,850475,1,216667
IDFM:463023,IDFM:22000,Directed,METRO,1,216667,2,850475,1,216667
IDFM:22209,IDFM:463142,Directed,METRO,1,216667,3,955637,1,216667
IDFM:463142,IDFM:22209,Directed,METRO,1,216667,3,955637,1,216667
IDFM:22233,IDFM:22232,Directed,METRO,1,216667,4,510989,1,216667
IDFM:22232,IDFM:22233,Directed,METRO,1,216667,4,510989,1,216667
IDFM:28848,IDFM:28858,Directed,METRO,1,216667,1,970134,1,216667
IDFM:28858,IDFM:28848,Directed,METRO,1,216667,1,970134,1,216667
IDFM:42131,IDFM:42130,Directed,METRO,1,216667,2,173875,1,216667
IDFM:42130,IDFM:42131,Directed,METRO,1,216667,2,173875,1,216667
IDFM:21999,IDFM:463263,Directed,METRO,1,233333,3,971722,1,233333
IDFM:463263,IDFM:21999,Directed,METRO,1,233333,3,971722,1,233333
IDFM:22060,IDFM:463164,Directed,METRO,1,233333,3,043151,1,233333
IDFM:463164,IDFM:22060,Directed,METRO,1,233333,3,043151,1,233333
IDFM:22076,IDFM:22083,Directed,METRO,1,233333,4,398793,1,233333
IDFM:22083,IDFM:22076,Directed,METRO,1,233333,4,398793,1,233333
IDFM:22090,IDFM:22085,Directed,METRO,1,233333,3,964385,1,233333
IDFM:22085,IDFM:22090,Directed,METRO,1,233333,3,964385,1,233333
IDFM:22219,IDFM:22231,Directed,METRO,1,233333,3,326753,1,233333
IDFM:22231,IDFM:22219,Directed,METRO,1,233333,3,326753,1,233333
IDFM:22221,IDFM:22235,Directed,METRO,1,233333,3,845471,1,233333
IDFM:22235,IDFM:22221,Directed,METRO,1,233333,3,845471,1,233333
IDFM:22228,IDFM:478395,Directed,METRO,1,233333,3,534602,1,233333
IDFM:478395,IDFM:22228,Directed,METRO,1,233333,3,534602,1,233333
IDFM:28865,IDFM:28863,Directed,METRO,1,233333,1,857782,1,233333
IDFM:28863,IDFM:28865,Directed,METRO,1,233333,1,857782,1,233333
IDFM:463069,IDFM:22027,Directed,METRO,1,233333,2,814923,1,233333
IDFM:22027,IDFM:463069,Directed,METRO,1,233333,2,814923,1,233333
IDFM:463108,IDFM:21937,Directed,METRO,1,233333,3,500708,1,233333
IDFM:21937,IDFM:463108,Directed,METRO,1,233333,3,500708,1,233333
IDFM:463238,IDFM:463038,Directed,METRO,1,233333,3,194416,1,233333
IDFM:463038,IDFM:463238,Directed,METRO,1,233333,3,194416,1,233333
IDFM:472945,IDFM:monomodalStopPlace:479059,Directed,TRANSFER,1,233333,0,000000,1,233333
IDFM:monomodalStopPlace:479059,IDFM:472945,Directed,TRANSFER,1,233333,0,000000,1,233333
IDFM:monomodalStopPlace:43125,IDFM:monomodalStopPlace:59206,Directed,METRO,1,233333,11,134600,1,233333
IDFM:monomodalStopPlace:59206,IDFM:monomodalStopPlace:43125,Directed,METRO,1,233333,11,134600,1,233333
IDFM:21902,IDFM:463250,Directed,METRO,1,250000,4,094163,1,250000
IDFM:463250,IDFM:21902,Directed,METRO,1,250000,4,094163,1,250000
IDFM:22101,IDFM:463170,Directed,METRO,1,250000,5,476585,1,250000
IDFM:463170,IDFM:22101,Directed,METRO,1,250000,5,476585,1,250000
IDFM:22231,IDFM:478395,Directed,METRO,1,250000,3,014359,1,250000
IDFM:478395,IDFM:22231,Directed,METRO,1,250000,3,014359,1,250000
IDFM:22364,IDFM:463231,Directed,METRO,1,250000,4,025873,1,250000
IDFM:463231,IDFM:22364,Directed,METRO,1,250000,4,025873,1,250000
IDFM:28873,IDFM:28869,Directed,METRO,1,250000,1,799931,1,250000
IDFM:28869,IDFM:28873,Directed,METRO,1,250000,1,799931,1,250000
IDFM:463011,IDFM:474397,Directed,METRO,1,250000,3,428109,1,250000
IDFM:474397,IDFM:463011,Directed,METRO,1,250000,3,428109,1,250000
IDFM:463170,IDFM:463044,Directed,METRO,1,250000,4,467608,1,250000
IDFM:463044,IDFM:463170,Directed,METRO,1,250000,4,467608,1,250000
IDFM:463183,IDFM:463093,Directed,METRO,1,250000,3,465559,1,250000
IDFM:463093,IDFM:463183,Directed,METRO,1,250000,3,465559,1,250000
IDFM:463301,IDFM:22240,Directed,METRO,1,250000,4,009937,1,250000
IDFM:22240,IDFM:463301,Directed,METRO,1,250000,4,009937,1,250000
IDFM:22372,IDFM:463251,Directed,METRO,1,266667,4,376560,1,266667
IDFM:463251,IDFM:22372,Directed,METRO,1,266667,4,376560,1,266667
IDFM:24681,IDFM:463033,Directed,TRANSFER,1,266667,0,000000,1,266667
IDFM:463033,IDFM:24681,Directed,TRANSFER,1,266667,0,000000,1,266667
IDFM:29902,IDFM:29904,Directed,METRO,1,266667,2,127474,1,266667
IDFM:29904,IDFM:29902,Directed,METRO,1,266667,2,127474,1,266667
IDFM:463178,IDFM:463017,Directed,METRO,1,266667,3,900591,1,266667
IDFM:463017,IDFM:463178,Directed,METRO,1,266667,3,900591,1,266667
IDFM:463312,IDFM:22199,Directed,METRO,1,266667,3,734909,1,266667
IDFM:22199,IDFM:463312,Directed,METRO,1,266667,3,734909,1,266667
IDFM:483903,IDFM:483904,Directed,METRO,1,266667,3,214819,1,266667
IDFM:483904,IDFM:483903,Directed,METRO,1,266667,3,214819,1,266667
IDFM:monomodalStopPlace:45877,IDFM:monomodalStopPlace:43607,Directed,METRO,1,266667,12,774149,1,266667
IDFM:monomodalStopPlace:43607,IDFM:monomodalStopPlace:45877,Directed,METRO,1,266667,12,774149,1,266667
IDFM:22003,IDFM:463017,Directed,METRO,1,283333,4,500554,1,283333
IDFM:463017,IDFM:22003,Directed,METRO,1,283333,4,500554,1,283333
IDFM:22055,IDFM:22054,Directed,METRO,1,283333,2,706556,1,283333
IDFM:22054,IDFM:22055,Directed,METRO,1,283333,2,706556,1,283333
IDFM:22076,IDFM:22080,Directed,METRO,1,283333,4,257124,1,283333
IDFM:22080,IDFM:22076,Directed,METRO,1,283333,4,257124,1,283333
IDFM:22100,IDFM:463044,Directed,METRO,1,283333,4,857960,1,283333
IDFM:463044,IDFM:22100,Directed,METRO,1,283333,4,857960,1,283333
IDFM:480906,IDFM:monomodalStopPlace:47954,Directed,TRANSFER,1,283333,0,000000,1,283333
IDFM:monomodalStopPlace:47954,IDFM:480906,Directed,TRANSFER,1,283333,0,000000,1,283333
IDFM:490762,IDFM:490764,Directed,METRO,1,283333,5,292265,1,283333
IDFM:490764,IDFM:490762,Directed,METRO,1,283333,5,292265,1,283333
IDFM:monomodalStopPlace:473890,IDFM:monomodalStopPlace:44500,Directed,METRO,1,283333,11,553284,1,283333
IDFM:monomodalStopPlace:44500,IDFM:monomodalStopPlace:473890,Directed,METRO,1,283333,11,553284,1,283333
IDFM:22127,IDFM:22119,Directed,METRO,1,300000,3,723781,1,300000
IDFM:22119,IDFM:22127,Directed,METRO,1,300000,3,723781,1,300000
IDFM:22386,IDFM:463077,Directed,TRANSFER,1,300000,0,000000,1,300000
IDFM:463077,IDFM:22386,Directed,TRANSFER,1,300000,0,000000,1,300000
IDFM:24413,IDFM:24530,Directed,METRO,1,300000,1,711228,1,300000
IDFM:24530,IDFM:24413,Directed,METRO,1,300000,1,711228,1,300000
IDFM:25642,IDFM:24432,Directed,METRO,1,300000,2,300039,1,300000
IDFM:24432,IDFM:25642,Directed,METRO,1,300000,2,300039,1,300000
IDFM:37466,IDFM:23300,Directed,METRO,1,300000,1,867134,1,300000
IDFM:23300,IDFM:37466,Directed,METRO,1,300000,1,867134,1,300000
IDFM:42120,IDFM:42121,Directed,METRO,1,300000,2,004787,1,300000
IDFM:42121,IDFM:42120,Directed,METRO,1,300000,2,004787,1,300000
IDFM:monomodalStopPlace:46007,IDFM:monomodalStopPlace:43177,Directed,METRO,1,300000,13,913067,1,300000
IDFM:monomodalStopPlace:43177,IDFM:monomodalStopPlace:46007,Directed,METRO,1,300000,13,913067,1,300000
IDFM:21950,IDFM:22022,Directed,METRO,1,316667,4,353714,1,316667
IDFM:22022,IDFM:21950,Directed,METRO,1,316667,4,353714,1,316667
IDFM:21970,IDFM:21979,Directed,METRO,1,316667,3,408494,1,316667
IDFM:21979,IDFM:21970,Directed,METRO,1,316667,3,408494,1,316667
IDFM:22077,IDFM:22103,Directed,METRO,1,316667,4,200058,1,316667
IDFM:22103,IDFM:22077,Directed,METRO,1,316667,4,200058,1,316667
IDFM:24682,IDFM:21951,Directed,TRANSFER,1,316667,0,000000,1,316667
IDFM:21951,IDFM:24682,Directed,TRANSFER,1,316667,0,000000,1,316667
IDFM:463221,IDFM:463176,Directed,METRO,1,316667,3,263451,1,316667
IDFM:463176,IDFM:463221,Directed,METRO,1,316667,3,263451,1,316667
IDFM:463222,IDFM:463092,Directed,METRO,1,316667,3,640913,1,316667
IDFM:463092,IDFM:463222,Directed,METRO,1,316667,3,640913,1,316667
IDFM:463264,IDFM:462963,Directed,METRO,1,316667,3,727909,1,316667
IDFM:462963,IDFM:463264,Directed,METRO,1,316667,3,727909,1,316667
IDFM:monomodalStopPlace:43234,IDFM:monomodalStopPlace:44801,Directed,METRO,1,316667,14,260463,1,316667
IDFM:monomodalStopPlace:44801,IDFM:monomodalStopPlace:43234,Directed,METRO,1,316667,14,260463,1,316667
IDFM:21931,IDFM:21935,Directed,METRO,1,333333,3,911204,1,333333
IDFM:21935,IDFM:21931,Directed,METRO,1,333333,3,911204,1,333333
IDFM:21957,IDFM:463165,Directed,METRO,1,333333,4,791401,1,333333
IDFM:463165,IDFM:21957,Directed,METRO,1,333333,4,791401,1,333333
IDFM:24109,IDFM:24130,Directed,METRO,1,333333,2,086986,1,333333
IDFM:24130,IDFM:24109,Directed,METRO,1,333333,2,086986,1,333333
IDFM:462977,IDFM:22243,Directed,METRO,1,333333,3,748620,1,333333
IDFM:22243,IDFM:462977,Directed,METRO,1,333333,3,748620,1,333333
IDFM:486814,IDFM:486812,Directed,METRO,1,333333,2,566659,1,333333
IDFM:486812,IDFM:486814,Directed,METRO,1,333333,2,566659,1,333333
IDFM:486820,IDFM:486822,Directed,METRO,1,333333,2,501060,1,333333
IDFM:486822,IDFM:486820,Directed,METRO,1,333333,2,501060,1,333333
IDFM:486826,IDFM:486824,Directed,METRO,1,333333,2,340776,1,333333
IDFM:486824,IDFM:486826,Directed,METRO,1,333333,2,340776,1,333333
IDFM:486828,IDFM:486830,Directed,METRO,1,333333,2,918859,1,333333
IDFM:486830,IDFM:486828,Directed,METRO,1,333333,2,918859,1,333333
IDFM:490789,IDFM:490791,Directed,METRO,1,333333,3,956356,1,333333
IDFM:490791,IDFM:490789,Directed,METRO,1,333333,3,956356,1,333333
IDFM:monomodalStopPlace:43075,IDFM:monomodalStopPlace:46470,Directed,METRO,1,333333,14,572130,1,333333
IDFM:monomodalStopPlace:46470,IDFM:monomodalStopPlace:43075,Directed,METRO,1,333333,14,572130,1,333333
IDFM:monomodalStopPlace:47009,IDFM:monomodalStopPlace:43175,Directed,METRO,1,333333,16,166271,1,333333
IDFM:monomodalStopPlace:43175,IDFM:monomodalStopPlace:47009,Directed,METRO,1,333333,16,166271,1,333333
IDFM:monomodalStopPlace:47595,IDFM:monomodalStopPlace:47596,Directed,METRO,1,333333,12,739027,1,333333
IDFM:monomodalStopPlace:47596,IDFM:monomodalStopPlace:47595,Directed,METRO,1,333333,12,739027,1,333333
IDFM:21969,IDFM:21979,Directed,METRO,1,350000,3,478377,1,350000
IDFM:21979,IDFM:21969,Directed,METRO,1,350000,3,478377,1,350000
IDFM:22077,IDFM:22080,Directed,METRO,1,350000,4,400240,1,350000
IDFM:22080,IDFM:22077,Directed,METRO,1,350000,4,400240,1,350000
IDFM:463021,IDFM:463191,Directed,METRO,1,350000,3,346410,1,350000
IDFM:463191,IDFM:463021,Directed,METRO,1,350000,3,346410,1,350000
IDFM:463025,IDFM:22009,Directed,METRO,1,350000,2,890490,1,350000
IDFM:22009,IDFM:463025,Directed,METRO,1,350000,2,890490,1,350000
IDFM:463281,IDFM:463236,Directed,METRO,1,350000,3,939853,1,350000
IDFM:463236,IDFM:463281,Directed,METRO,1,350000,3,939853,1,350000
IDFM:2335,IDFM:41854,Directed,METRO,1,366667,2,140460,1,366667
IDFM:41854,IDFM:2335,Directed,METRO,1,366667,2,140460,1,366667
IDFM:28868,IDFM:28873,Directed,METRO,1,366667,1,730850,1,366667
IDFM:28873,IDFM:28868,Directed,METRO,1,366667,1,730850,1,366667
IDFM:462973,IDFM:463236,Directed,METRO,1,366667,3,802013,1,366667
IDFM:463236,IDFM:462973,Directed,METRO,1,366667,3,802013,1,366667
IDFM:463023,IDFM:463289,Directed,METRO,1,366667,2,417228,1,366667
IDFM:463289,IDFM:463023,Directed,METRO,1,366667,2,417228,1,366667
IDFM:463176,IDFM:463053,Directed,METRO,1,366667,5,054443,1,366667
IDFM:463053,IDFM:463176,Directed,METRO,1,366667,5,054443,1,366667
IDFM:monomodalStopPlace:43103,IDFM:monomodalStopPlace:47046,Directed,METRO,1,366667,13,299038,1,366667
IDFM:monomodalStopPlace:47046,IDFM:monomodalStopPlace:43103,Directed,METRO,1,366667,13,299038,1,366667
IDFM:22111,IDFM:22109,Directed,METRO,1,383333,3,253289,1,383333
IDFM:22109,IDFM:22111,Directed,METRO,1,383333,3,253289,1,383333
IDFM:22185,IDFM:463011,Directed,METRO,1,383333,4,255468,1,383333
IDFM:463011,IDFM:22185,Directed,METRO,1,383333,4,255468,1,383333
IDFM:463166,IDFM:463015,Directed,METRO,1,383333,4,023192,1,383333
IDFM:463015,IDFM:463166,Directed,METRO,1,383333,4,023192,1,383333
IDFM:463201,IDFM:22191,Directed,METRO,1,383333,4,241206,1,383333
IDFM:22191,IDFM:463201,Directed,METRO,1,383333,4,241206,1,383333
IDFM:483423,IDFM:483277,Directed,METRO,1,383333,3,602092,1,383333
IDFM:483277,IDFM:483423,Directed,METRO,1,383333,3,602092,1,383333
IDFM:490794,IDFM:480330,Directed,METRO,1,383333,6,235479,1,383333
IDFM:480330,IDFM:490794,Directed,METRO,1,383333,6,235479,1,383333
IDFM:monomodalStopPlace:47046,IDFM:monomodalStopPlace:47888,Directed,METRO,1,383333,16,331895,1,383333
IDFM:monomodalStopPlace:47888,IDFM:monomodalStopPlace:47046,Directed,METRO,1,383333,16,331895,1,383333
IDFM:463047,IDFM:463225,Directed,METRO,1,400000,5,806853,1,400000
IDFM:463225,IDFM:463047,Directed,METRO,1,400000,5,806853,1,400000
IDFM:463159,IDFM:463284,Directed,METRO,1,400000,5,697159,1,400000
IDFM:463284,IDFM:463159,Directed,METRO,1,400000,5,697159,1,400000
IDFM:22395,IDFM:463179,Directed,METRO,1,416667,3,933138,1,416667
IDFM:463179,IDFM:22395,Directed,METRO,1,416667,3,933138,1,416667
IDFM:2331,IDFM:2330,Directed,METRO,1,416667,1,863016,1,416667
IDFM:2330,IDFM:2331,Directed,METRO,1,416667,1,863016,1,416667
IDFM:24125,IDFM:24135,Directed,METRO,1,416667,2,819072,1,416667
IDFM:24135,IDFM:24125,Directed,METRO,1,416667,2,819072,1,416667
IDFM:25637,IDFM:22295,Directed,METRO,1,416667,1,742451,1,416667
IDFM:22295,IDFM:25637,Directed,METRO,1,416667,1,742451,1,416667
IDFM:41852,IDFM:41853,Directed,METRO,1,416667,1,802669,1,416667
IDFM:41853,IDFM:41852,Directed,METRO,1,416667,1,802669,1,416667
IDFM:463261,IDFM:463153,Directed,METRO,1,416667,4,670496,1,416667
IDFM:463153,IDFM:463261,Directed,METRO,1,416667,4,670496,1,416667
IDFM:21906,IDFM:463188,Directed,TRANSFER,1,433333,0,000000,1,433333
IDFM:463188,IDFM:21906,Directed,TRANSFER,1,433333,0,000000,1,433333
IDFM:21965,IDFM:21964,Directed,METRO,1,433333,3,316796,1,433333
IDFM:21964,IDFM:21965,Directed,METRO,1,433333,3,316796,1,433333
IDFM:22100,IDFM:463257,Directed,METRO,1,433333,4,250706,1,433333
IDFM:463257,IDFM:22100,Directed,METRO,1,433333,4,250706,1,433333
IDFM:22234,IDFM:22232,Directed,METRO,1,433333,4,802950,1,433333
IDFM:22232,IDFM:22234,Directed,METRO,1,433333,4,802950,1,433333
IDFM:22235,IDFM:22236,Directed,METRO,1,433333,4,072708,1,433333
IDFM:22236,IDFM:22235,Directed,METRO,1,433333,4,072708,1,433333
IDFM:22109,IDFM:463043,Directed,METRO,1,450000,4,793866,1,450000
IDFM:463043,IDFM:22109,Directed,METRO,1,450000,4,793866,1,450000
IDFM:37466,IDFM:22625,Directed,METRO,1,450000,2,221298,1,450000
IDFM:22625,IDFM:37466,Directed,METRO,1,450000,2,221298,1,450000
IDFM:41854,IDFM:2347,Directed,METRO,1,450000,2,020699,1,450000
IDFM:2347,IDFM:41854,Directed,METRO,1,450000,2,020699,1,450000
IDFM:463151,IDFM:22193,Directed,METRO,1,450000,4,183773,1,450000
IDFM:22193,IDFM:463151,Directed,METRO,1,450000,4,183773,1,450000
IDFM:463238,IDFM:21907,Directed,TRANSFER,1,450000,0,000000,1,450000
IDFM:21907,IDFM:463238,Directed,TRANSFER,1,450000,0,000000,1,450000
IDFM:463249,IDFM:463232,Directed,METRO,1,450000,3,014480,1,450000
IDFM:463232,IDFM:463249,Directed,METRO,1,450000,3,014480,1,450000
IDFM:490789,IDFM:490764,Directed,METRO,1,450000,6,127333,1,450000
IDFM:490764,IDFM:490789,Directed,METRO,1,450000,6,127333,1,450000
IDFM:monomodalStopPlace:43086,IDFM:monomodalStopPlace:43103,Directed,METRO,1,450000,17,212018,1,450000
IDFM:monomodalStopPlace:43103,IDFM:monomodalStopPlace:43086,Directed,METRO,1,450000,17,212018,1,450000
IDFM:monomodalStopPlace:43097,IDFM:monomodalStopPlace:43177,Directed,METRO,1,450000,16,763337,1,450000
IDFM:monomodalStopPlace:43177,IDFM:monomodalStopPlace:43097,Directed,METRO,1,450000,16,763337,1,450000
IDFM:monomodalStopPlace:43097,IDFM:monomodalStopPlace:59206,Directed,METRO,1,450000,14,962993,1,450000
IDFM:monomodalStopPlace:59206,IDFM:monomodalStopPlace:43097,Directed,METRO,1,450000,14,962993,1,450000
IDFM:22261,IDFM:23297,Directed,METRO,1,466667,2,472815,1,466667
IDFM:23297,IDFM:22261,Directed,METRO,1,466667,2,472815,1,466667
IDFM:23430,IDFM:23436,Directed,METRO,1,466667,2,304768,1,466667
IDFM:23436,IDFM:23430,Directed,METRO,1,466667,2,304768,1,466667
IDFM:28851,IDFM:28865,Directed,METRO,1,466667,2,481794,1,466667
IDFM:28865,IDFM:28851,Directed,METRO,1,466667,2,481794,1,466667
IDFM:42110,IDFM:42103,Directed,METRO,1,466667,3,226765,1,466667
IDFM:42103,IDFM:42110,Directed,METRO,1,466667,3,226765,1,466667
IDFM:462415,IDFM:412987,Directed,METRO,1,466667,2,435647,1,466667
IDFM:412987,IDFM:462415,Directed,METRO,1,466667,2,435647,1,466667
IDFM:463261,IDFM:462949,Directed,METRO,1,466667,4,174605,1,466667
IDFM:462949,IDFM:463261,Directed,METRO,1,466667,4,174605,1,466667
IDFM:463289,IDFM:463018,Directed,METRO,1,466667,4,065242,1,466667
IDFM:463018,IDFM:463289,Directed,METRO,1,466667,4,065242,1,466667
IDFM:monomodalStopPlace:43607,IDFM:monomodalStopPlace:43067,Directed,METRO,1,466667,16,519664,1,466667
IDFM:monomodalStopPlace:43067,IDFM:monomodalStopPlace:43607,Directed,METRO,1,466667,16,519664,1,466667
IDFM:462977,IDFM:462951,Directed,METRO,1,483333,4,556500,1,483333
IDFM:462951,IDFM:462977,Directed,METRO,1,483333,4,556500,1,483333
IDFM:463067,IDFM:22080,Directed,TRANSFER,1,483333,0,000000,1,483333
IDFM:22080,IDFM:463067,Directed,TRANSFER,1,483333,0,000000,1,483333
IDFM:22020,IDFM:21950,Directed,METRO,1,500000,4,379680,1,500000
IDFM:21950,IDFM:22020,Directed,METRO,1,500000,4,379680,1,500000
IDFM:22073,IDFM:463067,Directed,TRANSFER,1,500000,0,000000,1,500000
IDFM:463067,IDFM:22073,Directed,TRANSFER,1,500000,0,000000,1,500000
IDFM:22155,IDFM:463291,Directed,TRANSFER,1,500000,0,000000,1,500000
IDFM:463291,IDFM:22155,Directed,TRANSFER,1,500000,0,000000,1,500000
IDFM:24128,IDFM:24121,Directed,METRO,1,500000,2,220968,1,500000
IDFM:24121,IDFM:24128,Directed,METRO,1,500000,2,220968,1,500000
IDFM:24141,IDFM:24110,Directed,METRO,1,500000,3,080178,1,500000
IDFM:24110,IDFM:24141,Directed,METRO,1,500000,3,080178,1,500000
IDFM:29903,IDFM:460559,Directed,METRO,1,500000,2,280430,1,500000
IDFM:460559,IDFM:29903,Directed,METRO,1,500000,2,280430,1,500000
IDFM:460559,IDFM:29895,Directed,METRO,1,500000,2,325639,1,500000
IDFM:29895,IDFM:460559,Directed,METRO,1,500000,2,325639,1,500000
IDFM:462436,IDFM:462439,Directed,METRO,1,500000,1,706289,1,500000
IDFM:462439,IDFM:462436,Directed,METRO,1,500000,1,706289,1,500000
IDFM:463003,IDFM:463025,Directed,TRANSFER,1,500000,0,000000,1,500000
IDFM:463025,IDFM:463003,Directed,TRANSFER,1,500000,0,000000,1,500000
IDFM:463015,IDFM:463225,Directed,METRO,1,500000,5,334832,1,500000
IDFM:463225,IDFM:463015,Directed,METRO,1,500000,5,334832,1,500000
IDFM:463222,IDFM:483423,Directed,METRO,1,500000,8,623184,1,500000
IDFM:483423,IDFM:463222,Directed,METRO,1,500000,8,623184,1,500000
IDFM:463265,IDFM:22386,Directed,METRO,1,500000,4,005064,1,500000
IDFM:22386,IDFM:463265,Directed,METRO,1,500000,4,005064,1,500000
IDFM:486842,IDFM:486830,Directed,METRO,1,500000,3,609673,1,500000
IDFM:486830,IDFM:486842,Directed,METRO,1,500000,3,609673,1,500000
IDFM:monomodalStopPlace:415091,IDFM:monomodalStopPlace:58757,Directed,METRO,1,500000,14,549094,1,500000
IDFM:monomodalStopPlace:58757,IDFM:monomodalStopPlace:415091,Directed,METRO,1,500000,14,549094,1,500000
IDFM:monomodalStopPlace:43113,IDFM:monomodalStopPlace:43236,Directed,METRO,1,500000,12,324166,1,500000
IDFM:monomodalStopPlace:43236,IDFM:monomodalStopPlace:43113,Directed,METRO,1,500000,12,324166,1,500000
IDFM:monomodalStopPlace:43167,IDFM:monomodalStopPlace:46689,Directed,METRO,1,500000,15,378581,1,500000
IDFM:monomodalStopPlace:46689,IDFM:monomodalStopPlace:43167,Directed,METRO,1,500000,15,378581,1,500000
IDFM:monomodalStopPlace:47595,IDFM:monomodalStopPlace:47591,Directed,METRO,1,500000,16,472572,1,500000
IDFM:monomodalStopPlace:47591,IDFM:monomodalStopPlace:47595,Directed,METRO,1,500000,16,472572,1,500000
IDFM:monomodalStopPlace:47878,IDFM:monomodalStopPlace:58793,Directed,METRO,1,500000,17,401611,1,500000
IDFM:monomodalStopPlace:58793,IDFM:monomodalStopPlace:47878,Directed,METRO,1,500000,17,401611,1,500000
IDFM:monomodalStopPlace:47886,IDFM:monomodalStopPlace:47238,Directed,METRO,1,500000,17,132907,1,500000
IDFM:monomodalStopPlace:47238,IDFM:monomodalStopPlace:47886,Directed,METRO,1,500000,17,132907,1,500000
IDFM:monomodalStopPlace:53783,IDFM:monomodalStopPlace:58875,Directed,METRO,1,500000,17,431589,1,500000
IDFM:monomodalStopPlace:58875,IDFM:monomodalStopPlace:53783,Directed,METRO,1,500000,17,431589,1,500000
IDFM:monomodalStopPlace:58798,IDFM:monomodalStopPlace:462357,Directed,METRO,1,500000,14,770897,1,500000
IDFM:monomodalStopPlace:462357,IDFM:monomodalStopPlace:58798,Directed,METRO,1,500000,14,770897,1,500000
IDFM:22400,IDFM:22401,Directed,METRO,1,516667,5,056197,1,516667
IDFM:22401,IDFM:22400,Directed,METRO,1,516667,5,056197,1,516667
IDFM:25637,IDFM:25633,Directed,METRO,1,516667,2,247262,1,516667
IDFM:25633,IDFM:25637,Directed,METRO,1,516667,2,247262,1,516667
IDFM:28876,IDFM:28868,Directed,METRO,1,516667,1,963735,1,516667
IDFM:28868,IDFM:28876,Directed,METRO,1,516667,1,963735,1,516667
IDFM:463067,IDFM:463125,Directed,METRO,1,516667,2,049346,1,516667
IDFM:463125,IDFM:463067,Directed,METRO,1,516667,2,049346,1,516667
IDFM:472217,IDFM:472625,Directed,TRANSFER,1,516667,0,000000,1,516667
IDFM:472625,IDFM:472217,Directed,TRANSFER,1,516667,0,000000,1,516667
IDFM:23430,IDFM:23431,Directed,METRO,1,533333,2,445024,1,533333
IDFM:23431,IDFM:23430,Directed,METRO,1,533333,2,445024,1,533333
IDFM:24400,IDFM:24414,Directed,METRO,1,533333,2,245667,1,533333
IDFM:24414,IDFM:24400,Directed,METRO,1,533333,2,245667,1,533333
IDFM:42103,IDFM:42105,Directed,METRO,1,533333,3,519894,1,533333
IDFM:42105,IDFM:42103,Directed,METRO,1,533333,3,519894,1,533333
IDFM:462414,IDFM:462415,Directed,METRO,1,533333,2,395872,1,533333
IDFM:462415,IDFM:462414,Directed,METRO,1,533333,2,395872,1,533333
IDFM:463001,IDFM:463255,Directed,METRO,1,533333,3,573618,1,533333
IDFM:463255,IDFM:463001,Directed,METRO,1,533333,3,573618,1,533333
IDFM:463021,IDFM:22007,Directed,METRO,1,533333,2,042158,1,533333
IDFM:22007,IDFM:463021,Directed,METRO,1,533333,2,042158,1,533333
IDFM:463323,IDFM:22401,Directed,METRO,1,533333,4,903330,1,533333
IDFM:22401,IDFM:463323,Directed,METRO,1,533333,4,903330,1,533333
IDFM:monomodalStopPlace:43237,IDFM:monomodalStopPlace:53784,Directed,METRO,1,533333,17,611731,1,533333
IDFM:monomodalStopPlace:53784,IDFM:monomodalStopPlace:43237,Directed,METRO,1,533333,17,611731,1,533333
IDFM:463178,IDFM:463002,Directed,METRO,1,550000,5,183175,1,550000
IDFM:463002,IDFM:463178,Directed,METRO,1,550000,5,183175,1,550000
IDFM:monomodalStopPlace:43232,IDFM:monomodalStopPlace:43086,Directed,METRO,1,550000,17,815477,1,550000
IDFM:monomodalStopPlace:43086,IDFM:monomodalStopPlace:43232,Directed,METRO,1,550000,17,815477,1,550000
IDFM:22239,IDFM:22243,Directed,METRO,1,566667,5,389247,1,566667
IDFM:22243,IDFM:22239,Directed,METRO,1,566667,5,389247,1,566667
IDFM:24115,IDFM:24112,Directed,METRO,1,566667,2,444347,1,566667
IDFM:24112,IDFM:24115,Directed,METRO,1,566667,2,444347,1,566667
IDFM:24135,IDFM:24138,Directed,METRO,1,566667,3,254864,1,566667
IDFM:24138,IDFM:24135,Directed,METRO,1,566667,3,254864,1,566667
IDFM:480330,IDFM:480341,Directed,METRO,1,566667,5,528088,1,566667
IDFM:480341,IDFM:480330,Directed,METRO,1,566667,5,528088,1,566667
IDFM:monomodalStopPlace:43101,IDFM:monomodalStopPlace:43172,Directed,METRO,1,566667,16,325894,1,566667
IDFM:monomodalStopPlace:43172,IDFM:monomodalStopPlace:43101,Directed,METRO,1,566667,16,325894,1,566667
IDFM:22209,IDFM:22208,Directed,METRO,1,583333,4,463510,1,583333
IDFM:22208,IDFM:22209,Directed,METRO,1,583333,4,463510,1,583333
IDFM:24415,IDFM:24421,Directed,METRO,1,583333,2,416280,1,583333
IDFM:24421,IDFM:24415,Directed,METRO,1,583333,2,416280,1,583333
IDFM:24423,IDFM:24404,Directed,METRO,1,583333,2,237829,1,583333
IDFM:24404,IDFM:24423,Directed,METRO,1,583333,2,237829,1,583333
IDFM:monomodalStopPlace:43066,IDFM:monomodalStopPlace:43124,Directed,METRO,1,583333,18,922686,1,583333
IDFM:monomodalStopPlace:43124,IDFM:monomodalStopPlace:43066,Directed,METRO,1,583333,18,922686,1,583333
IDFM:monomodalStopPlace:44199,IDFM:monomodalStopPlace:43152,Directed,METRO,1,583333,18,218158,1,583333
IDFM:monomodalStopPlace:43152,IDFM:monomodalStopPlace:44199,Directed,METRO,1,583333,18,218158,1,583333
IDFM:22374,IDFM:463031,Directed,METRO,1,600000,4,184770,1,600000
IDFM:463031,IDFM:22374,Directed,METRO,1,600000,4,184770,1,600000
IDFM:22396,IDFM:463251,Directed,METRO,1,600000,3,552212,1,600000
IDFM:463251,IDFM:22396,Directed,METRO,1,600000,3,552212,1,600000
IDFM:23441,IDFM:23444,Directed,METRO,1,600000,4,281388,1,600000
IDFM:23444,IDFM:23441,Directed,METRO,1,600000,4,281388,1,600000
IDFM:490848,IDFM:463045,Directed,METRO,1,600000,4,500921,1,600000
IDFM:463045,IDFM:490848,Directed,METRO,1,600000,4,500921,1,600000
IDFM:490852,IDFM:490835,Directed,METRO,1,600000,6,968440,1,600000
IDFM:490835,IDFM:490852,Directed,METRO,1,600000,6,968440,1,600000
IDFM:monomodalStopPlace:43146,IDFM:monomodalStopPlace:58270,Directed,METRO,1,600000,18,295060,1,600000
IDFM:monomodalStopPlace:58270,IDFM:monomodalStopPlace:43146,Directed,METRO,1,600000,18,295060,1,600000
IDFM:monomodalStopPlace:474069,IDFM:monomodalStopPlace:43232,Directed,METRO,1,600000,20,503657,1,600000
IDFM:monomodalStopPlace:43232,IDFM:monomodalStopPlace:474069,Directed,METRO,1,600000,20,503657,1,600000
IDFM:21989,IDFM:21988,Directed,METRO,1,616667,4,147048,1,616667
IDFM:21988,IDFM:21989,Directed,METRO,1,616667,4,147048,1,616667
IDFM:22219,IDFM:22238,Directed,METRO,1,616667,6,301408,1,616667
IDFM:22238,IDFM:22219,Directed,METRO,1,616667,6,301408,1,616667
IDFM:23443,IDFM:25643,Directed,METRO,1,616667,3,803155,1,616667
IDFM:25643,IDFM:23443,Directed,METRO,1,616667,3,803155,1,616667
IDFM:24679,IDFM:483903,Directed,METRO,1,616667,4,777041,1,616667
IDFM:483903,IDFM:24679,Directed,METRO,1,616667,4,777041,1,616667
IDFM:41672,IDFM:41952,Directed,METRO,1,616667,2,452767,1,616667
IDFM:41952,IDFM:41672,Directed,METRO,1,616667,2,452767,1,616667
IDFM:462438,IDFM:462441,Directed,METRO,1,616667,1,865272,1,616667
IDFM:462441,IDFM:462438,Directed,METRO,1,616667,1,865272,1,616667
IDFM:463047,IDFM:463142,Directed,METRO,1,616667,5,012849,1,616667
IDFM:463142,IDFM:463047,Directed,METRO,1,616667,5,012849,1,616667
IDFM:463053,IDFM:21913,Directed,METRO,1,616667,4,803234,1,616667
IDFM:21913,IDFM:463053,Directed,METRO,1,616667,4,803234,1,616667
IDFM:490793,IDFM:490792,Directed,METRO,1,616667,5,041479,1,616667
IDFM:490792,IDFM:490793,Directed,METRO,1,616667,5,041479,1,616667
IDFM:2333,IDFM:2335,Directed,METRO,1,633333,2,284459,1,633333
IDFM:2335,IDFM:2333,Directed,METRO,1,633333,2,284459,1,633333
IDFM:24400,IDFM:24421,Directed,METRO,1,633333,2,365162,1,633333
IDFM:24421,IDFM:24400,Directed,METRO,1,633333,2,365162,1,633333
IDFM:29898,IDFM:460558,Directed,METRO,1,633333,2,624583,1,633333
IDFM:460558,IDFM:29898,Directed,METRO,1,633333,2,624583,1,633333
IDFM:21980,IDFM:462967,Directed,TRANSFER,1,650000,0,000000,1,650000
IDFM:462967,IDFM:21980,Directed,TRANSFER,1,650000,0,000000,1,650000
IDFM:22074,IDFM:463019,Directed,METRO,1,650000,3,489822,1,650000
IDFM:463019,IDFM:22074,Directed,METRO,1,650000,3,489822,1,650000
IDFM:22079,IDFM:463249,Directed,TRANSFER,1,650000,0,000000,1,650000
IDFM:463249,IDFM:22079,Directed,TRANSFER,1,650000,0,000000,1,650000
IDFM:463158,IDFM:463306,Directed,METRO,1,650000,3,640402,1,650000
IDFM:463306,IDFM:463158,Directed,METRO,1,650000,3,640402,1,650000
IDFM:22020,IDFM:463285,Directed,TRANSFER,1,666667,0,000000,1,666667
IDFM:463285,IDFM:22020,Directed,TRANSFER,1,666667,0,000000,1,666667
IDFM:22242,IDFM:22240,Directed,METRO,1,666667,5,710730,1,666667
IDFM:22240,IDFM:22242,Directed,METRO,1,666667,5,710730,1,666667
IDFM:23435,IDFM:23436,Directed,METRO,1,666667,2,767635,1,666667
IDFM:23436,IDFM:23435,Directed,METRO,1,666667,2,767635,1,666667
IDFM:24128,IDFM:24130,Directed,METRO,1,666667,2,558095,1,666667
IDFM:24130,IDFM:24128,Directed,METRO,1,666667,2,558095,1,666667
IDFM:463022,IDFM:463001,Directed,TRANSFER,1,666667,0,000000,1,666667
IDFM:463001,IDFM:463022,Directed,TRANSFER,1,666667,0,000000,1,666667
IDFM:463055,IDFM:21929,Directed,METRO,1,666667,3,714225,1,666667
IDFM:21929,IDFM:463055,Directed,METRO,1,666667,3,714225,1,666667
IDFM:490886,IDFM:490889,Directed,METRO,1,666667,1,595589,1,666667
IDFM:490889,IDFM:490886,Directed,METRO,1,666667,1,595589,1,666667
IDFM:monomodalStopPlace:43068,IDFM:monomodalStopPlace:415484,Directed,METRO,1,666667,19,180216,1,666667
IDFM:monomodalStopPlace:415484,IDFM:monomodalStopPlace:43068,Directed,METRO,1,666667,19,180216,1,666667
IDFM:monomodalStopPlace:43078,IDFM:monomodalStopPlace:46470,Directed,METRO,1,666667,18,102934,1,666667
IDFM:monomodalStopPlace:46470,IDFM:monomodalStopPlace:43078,Directed,METRO,1,666667,18,102934,1,666667
IDFM:monomodalStopPlace:43088,IDFM:monomodalStopPlace:43162,Directed,METRO,1,666667,15,146298,1,666667
IDFM:monomodalStopPlace:43162,IDFM:monomodalStopPlace:43088,Directed,METRO,1,666667,15,146298,1,666667
IDFM:monomodalStopPlace:43122,IDFM:monomodalStopPlace:46163,Directed,METRO,1,666667,21,198266,1,666667
IDFM:monomodalStopPlace:46163,IDFM:monomodalStopPlace:43122,Directed,METRO,1,666667,21,198266,1,666667
IDFM:monomodalStopPlace:43195,IDFM:monomodalStopPlace:43088,Directed,METRO,1,666667,15,840215,1,666667
IDFM:monomodalStopPlace:43088,IDFM:monomodalStopPlace:43195,Directed,METRO,1,666667,15,840215,1,666667
IDFM:monomodalStopPlace:43216,IDFM:monomodalStopPlace:47880,Directed,METRO,1,666667,17,626603,1,666667
IDFM:monomodalStopPlace:47880,IDFM:monomodalStopPlace:43216,Directed,METRO,1,666667,17,626603,1,666667
IDFM:monomodalStopPlace:45346,IDFM:monomodalStopPlace:58798,Directed,METRO,1,666667,15,194678,1,666667
IDFM:monomodalStopPlace:58798,IDFM:monomodalStopPlace:45346,Directed,METRO,1,666667,15,194678,1,666667
IDFM:monomodalStopPlace:45447,IDFM:monomodalStopPlace:45453,Directed,METRO,1,666667,13,591829,1,666667
IDFM:monomodalStopPlace:45453,IDFM:monomodalStopPlace:45447,Directed,METRO,1,666667,13,591829,1,666667
IDFM:monomodalStopPlace:45705,IDFM:monomodalStopPlace:470540,Directed,METRO,1,666667,14,914893,1,666667
IDFM:monomodalStopPlace:470540,IDFM:monomodalStopPlace:45705,Directed,METRO,1,666667,14,914893,1,666667
IDFM:monomodalStopPlace:45824,IDFM:monomodalStopPlace:45820,Directed,METRO,1,666667,17,759093,1,666667
IDFM:monomodalStopPlace:45820,IDFM:monomodalStopPlace:45824,Directed,METRO,1,666667,17,759093,1,666667
IDFM:monomodalStopPlace:46477,IDFM:monomodalStopPlace:43075,Directed,METRO,1,666667,19,383987,1,666667
IDFM:monomodalStopPlace:43075,IDFM:monomodalStopPlace:46477,Directed,METRO,1,666667,19,383987,1,666667
IDFM:monomodalStopPlace:46897,IDFM:monomodalStopPlace:46902,Directed,METRO,1,666667,17,634374,1,666667
IDFM:monomodalStopPlace:46902,IDFM:monomodalStopPlace:46897,Directed,METRO,1,666667,17,634374,1,666667
IDFM:monomodalStopPlace:470540,IDFM:monomodalStopPlace:415091,Directed,METRO,1,666667,12,730978,1,666667
IDFM:monomodalStopPlace:415091,IDFM:monomodalStopPlace:470540,Directed,METRO,1,666667,12,730978,1,666667
IDFM:monomodalStopPlace:473506,IDFM:monomodalStopPlace:47790,Directed,METRO,1,666667,15,151497,1,666667
IDFM:monomodalStopPlace:47790,IDFM:monomodalStopPlace:473506,Directed,METRO,1,666667,15,151497,1,666667
IDFM:monomodalStopPlace:47790,IDFM:monomodalStopPlace:47880,Directed,METRO,1,666667,18,704178,1,666667
IDFM:monomodalStopPlace:47880,IDFM:monomodalStopPlace:47790,Directed,METRO,1,666667,18,704178,1,666667
IDFM:monomodalStopPlace:47963,IDFM:monomodalStopPlace:48964,Directed,METRO,1,666667,17,209902,1,666667
IDFM:monomodalStopPlace:48964,IDFM:monomodalStopPlace:47963,Directed,METRO,1,666667,17,209902,1,666667
IDFM:monomodalStopPlace:58757,IDFM:monomodalStopPlace:45419,Directed,METRO,1,666667,11,320192,1,666667
IDFM:monomodalStopPlace:45419,IDFM:monomodalStopPlace:58757,Directed,METRO,1,666667,11,320192,1,666667
IDFM:24398,IDFM:460562,Directed,METRO,1,683333,2,124341,1,683333
IDFM:460562,IDFM:24398,Directed,METRO,1,683333,2,124341,1,683333
IDFM:490553,IDFM:28866,Directed,METRO,1,683333,1,764926,1,683333
IDFM:28866,IDFM:490553,Directed,METRO,1,683333,1,764926,1,683333
IDFM:22213,IDFM:463167,Directed,METRO,1,700000,6,732550,1,700000
IDFM:463167,IDFM:22213,Directed,METRO,1,700000,6,732550,1,700000
IDFM:24412,IDFM:24413,Directed,METRO,1,700000,1,913246,1,700000
IDFM:24413,IDFM:24412,Directed,METRO,1,700000,1,913246,1,700000
IDFM:42121,IDFM:42122,Directed,METRO,1,700000,2,531263,1,700000
IDFM:42122,IDFM:42121,Directed,METRO,1,700000,2,531263,1,700000
IDFM:23297,IDFM:24424,Directed,METRO,1,716667,2,844110,1,716667
IDFM:24424,IDFM:23297,Directed,METRO,1,716667,2,844110,1,716667
IDFM:462970,IDFM:474397,Directed,METRO,1,716667,3,991425,1,716667
IDFM:474397,IDFM:462970,Directed,METRO,1,716667,3,991425,1,716667
IDFM:monomodalStopPlace:43135,IDFM:monomodalStopPlace:47886,Directed,METRO,1,716667,22,147878,1,716667
IDFM:monomodalStopPlace:47886,IDFM:monomodalStopPlace:43135,Directed,METRO,1,716667,22,147878,1,716667
IDFM:29897,IDFM:29902,Directed,METRO,1,733333,2,678302,1,733333
IDFM:29902,IDFM:29897,Directed,METRO,1,733333,2,678302,1,733333
IDFM:41674,IDFM:2343,Directed,METRO,1,733333,2,504983,1,733333
IDFM:2343,IDFM:41674,Directed,METRO,1,733333,2,504983,1,733333
IDFM:monomodalStopPlace:43207,IDFM:monomodalStopPlace:43152,Directed,METRO,1,733333,22,932870,1,733333
IDFM:monomodalStopPlace:43152,IDFM:monomodalStopPlace:43207,Directed,METRO,1,733333,22,932870,1,733333
IDFM:29901,IDFM:35940,Directed,METRO,1,750000,2,439058,1,750000
IDFM:35940,IDFM:29901,Directed,METRO,1,750000,2,439058,1,750000
IDFM:490890,IDFM:490896,Directed,METRO,1,750000,1,696506,1,750000
IDFM:490896,IDFM:490890,Directed,METRO,1,750000,1,696506,1,750000
IDFM:22007,IDFM:463032,Directed,METRO,1,766667,4,575424,1,766667
IDFM:463032,IDFM:22007,Directed,METRO,1,766667,4,575424,1,766667
IDFM:22090,IDFM:463011,Directed,TRANSFER,1,766667,0,000000,1,766667
IDFM:463011,IDFM:22090,Directed,TRANSFER,1,766667,0,000000,1,766667
IDFM:22213,IDFM:463057,Directed,METRO,1,766667,6,608403,1,766667
IDFM:463057,IDFM:22213,Directed,METRO,1,766667,6,608403,1,766667
IDFM:23443,IDFM:22300,Directed,METRO,1,766667,4,039019,1,766667
IDFM:22300,IDFM:23443,Directed,METRO,1,766667,4,039019,1,766667
IDFM:463259,IDFM:21940,Directed,METRO,1,766667,5,591854,1,766667
IDFM:21940,IDFM:463259,Directed,METRO,1,766667,5,591854,1,766667
IDFM:monomodalStopPlace:53784,IDFM:monomodalStopPlace:53783,Directed,METRO,1,766667,23,655487,1,766667
IDFM:monomodalStopPlace:53783,IDFM:monomodalStopPlace:53784,Directed,METRO,1,766667,23,655487,1,766667
IDFM:23301,IDFM:22630,Directed,METRO,1,783333,3,016641,1,783333
IDFM:22630,IDFM:23301,Directed,METRO,1,783333,3,016641,1,783333
IDFM:2343,IDFM:2339,Directed,METRO,1,783333,2,492837,1,783333
IDFM:2339,IDFM:2343,Directed,METRO,1,783333,2,492837,1,783333
IDFM:42104,IDFM:42115,Directed,METRO,1,783333,2,019584,1,783333
IDFM:42115,IDFM:42104,Directed,METRO,1,783333,2,019584,1,783333
IDFM:21967,IDFM:463077,Directed,METRO,1,800000,4,278025,1,800000
IDFM:463077,IDFM:21967,Directed,METRO,1,800000,4,278025,1,800000
IDFM:24399,IDFM:24402,Directed,METRO,1,800000,2,283236,1,800000
IDFM:24402,IDFM:24399,Directed,METRO,1,800000,2,283236,1,800000
IDFM:monomodalStopPlace:473890,IDFM:monomodalStopPlace:473843,Directed,METRO,1,800000,19,276538,1,800000
IDFM:monomodalStopPlace:473843,IDFM:monomodalStopPlace:473890,Directed,METRO,1,800000,19,276538,1,800000
IDFM:22385,IDFM:463107,Directed,METRO,1,816667,6,989307,1,816667
IDFM:463107,IDFM:22385,Directed,METRO,1,816667,6,989307,1,816667
IDFM:2347,IDFM:41674,Directed,METRO,1,816667,1,951615,1,816667
IDFM:41674,IDFM:2347,Directed,METRO,1,816667,1,951615,1,816667
IDFM:25635,IDFM:23438,Directed,METRO,1,816667,2,895551,1,816667
IDFM:23438,IDFM:25635,Directed,METRO,1,816667,2,895551,1,816667
IDFM:462414,IDFM:462437,Directed,METRO,1,816667,2,486727,1,816667
IDFM:462437,IDFM:462414,Directed,METRO,1,816667,2,486727,1,816667
IDFM:24405,IDFM:24414,Directed,METRO,1,833333,2,583424,1,833333
IDFM:24414,IDFM:24405,Directed,METRO,1,833333,2,583424,1,833333
IDFM:monomodalStopPlace:42356,IDFM:monomodalStopPlace:47877,Directed,METRO,1,833333,20,244809,1,833333
IDFM:monomodalStopPlace:47877,IDFM:monomodalStopPlace:42356,Directed,METRO,1,833333,20,244809,1,833333
IDFM:monomodalStopPlace:43076,IDFM:monomodalStopPlace:43192,Directed,METRO,1,833333,23,830277,1,833333
IDFM:monomodalStopPlace:43192,IDFM:monomodalStopPlace:43076,Directed,METRO,1,833333,23,830277,1,833333
IDFM:monomodalStopPlace:43083,IDFM:monomodalStopPlace:43091,Directed,METRO,1,833333,21,893596,1,833333
IDFM:monomodalStopPlace:43091,IDFM:monomodalStopPlace:43083,Directed,METRO,1,833333,21,893596,1,833333
IDFM:monomodalStopPlace:43112,IDFM:monomodalStopPlace:45493,Directed,METRO,1,833333,21,478772,1,833333
IDFM:monomodalStopPlace:45493,IDFM:monomodalStopPlace:43112,Directed,METRO,1,833333,21,478772,1,833333
IDFM:monomodalStopPlace:43115,IDFM:monomodalStopPlace:45759,Directed,METRO,1,833333,15,074013,1,833333
IDFM:monomodalStopPlace:45759,IDFM:monomodalStopPlace:43115,Directed,METRO,1,833333,15,074013,1,833333
IDFM:monomodalStopPlace:43118,IDFM:monomodalStopPlace:47923,Directed,METRO,1,833333,22,969591,1,833333
IDFM:monomodalStopPlace:47923,IDFM:monomodalStopPlace:43118,Directed,METRO,1,833333,22,969591,1,833333
IDFM:monomodalStopPlace:43130,IDFM:monomodalStopPlace:43230,Directed,METRO,1,833333,20,041238,1,833333
IDFM:monomodalStopPlace:43230,IDFM:monomodalStopPlace:43130,Directed,METRO,1,833333,20,041238,1,833333
IDFM:monomodalStopPlace:43133,IDFM:monomodalStopPlace:473159,Directed,METRO,1,833333,20,702494,1,833333
IDFM:monomodalStopPlace:473159,IDFM:monomodalStopPlace:43133,Directed,METRO,1,833333,20,702494,1,833333
IDFM:monomodalStopPlace:43160,IDFM:monomodalStopPlace:47916,Directed,METRO,1,833333,22,335835,1,833333
IDFM:monomodalStopPlace:47916,IDFM:monomodalStopPlace:43160,Directed,METRO,1,833333,22,335835,1,833333
IDFM:monomodalStopPlace:43206,IDFM:monomodalStopPlace:43090,Directed,METRO,1,833333,20,376430,1,833333
IDFM:monomodalStopPlace:43090,IDFM:monomodalStopPlace:43206,Directed,METRO,1,833333,20,376430,1,833333
IDFM:monomodalStopPlace:43226,IDFM:monomodalStopPlace:47684,Directed,METRO,1,833333,22,914248,1,833333
IDFM:monomodalStopPlace:47684,IDFM:monomodalStopPlace:43226,Directed,METRO,1,833333,22,914248,1,833333
IDFM:monomodalStopPlace:462357,IDFM:monomodalStopPlace:43084,Directed,METRO,1,833333,18,682890,1,833333
IDFM:monomodalStopPlace:43084,IDFM:monomodalStopPlace:462357,Directed,METRO,1,833333,18,682890,1,833333
IDFM:monomodalStopPlace:46298,IDFM:monomodalStopPlace:46299,Directed,METRO,1,833333,15,955563,1,833333
IDFM:monomodalStopPlace:46299,IDFM:monomodalStopPlace:46298,Directed,METRO,1,833333,15,955563,1,833333
IDFM:monomodalStopPlace:46366,IDFM:monomodalStopPlace:46375,Directed,METRO,1,833333,24,353161,1,833333
IDFM:monomodalStopPlace:46375,IDFM:monomodalStopPlace:46366,Directed,METRO,1,833333,24,353161,1,833333
IDFM:monomodalStopPlace:47130,IDFM:monomodalStopPlace:47953,Directed,METRO,1,833333,18,349577,1,833333
IDFM:monomodalStopPlace:47953,IDFM:monomodalStopPlace:47130,Directed,METRO,1,833333,18,349577,1,833333
IDFM:monomodalStopPlace:47145,IDFM:monomodalStopPlace:47136,Directed,METRO,1,833333,20,952211,1,833333
IDFM:monomodalStopPlace:47136,IDFM:monomodalStopPlace:47145,Directed,METRO,1,833333,20,952211,1,833333
IDFM:monomodalStopPlace:47580,IDFM:monomodalStopPlace:43090,Directed,METRO,1,833333,20,802695,1,833333
IDFM:monomodalStopPlace:43090,IDFM:monomodalStopPlace:47580,Directed,METRO,1,833333,20,802695,1,833333
IDFM:monomodalStopPlace:47580,IDFM:monomodalStopPlace:47582,Directed,METRO,1,833333,21,269393,1,833333
IDFM:monomodalStopPlace:47582,IDFM:monomodalStopPlace:47580,Directed,METRO,1,833333,21,269393,1,833333
IDFM:monomodalStopPlace:47876,IDFM:monomodalStopPlace:47968,Directed,METRO,1,833333,21,793736,1,833333
IDFM:monomodalStopPlace:47968,IDFM:monomodalStopPlace:47876,Directed,METRO,1,833333,21,793736,1,833333
IDFM:monomodalStopPlace:47904,IDFM:monomodalStopPlace:45759,Directed,METRO,1,833333,20,532944,1,833333
IDFM:monomodalStopPlace:45759,IDFM:monomodalStopPlace:47904,Directed,METRO,1,833333,20,532944,1,833333
IDFM:monomodalStopPlace:47923,IDFM:monomodalStopPlace:47969,Directed,METRO,1,833333,17,556802,1,833333
IDFM:monomodalStopPlace:47969,IDFM:monomodalStopPlace:47923,Directed,METRO,1,833333,17,556802,1,833333
IDFM:monomodalStopPlace:47929,IDFM:monomodalStopPlace:47916,Directed,METRO,1,833333,22,740940,1,833333
IDFM:monomodalStopPlace:47916,IDFM:monomodalStopPlace:47929,Directed,METRO,1,833333,22,740940,1,833333
IDFM:monomodalStopPlace:47937,IDFM:monomodalStopPlace:43248,Directed,METRO,1,833333,20,991413,1,833333
IDFM:monomodalStopPlace:43248,IDFM:monomodalStopPlace:47937,Directed,METRO,1,833333,20,991413,1,833333
IDFM:21945,IDFM:21950,Directed,TRANSFER,1,866667,0,000000,1,866667
IDFM:21950,IDFM:21945,Directed,TRANSFER,1,866667,0,000000,1,866667
IDFM:480531,IDFM:480341,Directed,METRO,1,866667,7,169080,1,866667
IDFM:480341,IDFM:480531,Directed,METRO,1,866667,7,169080,1,866667
IDFM:monomodalStopPlace:43171,IDFM:monomodalStopPlace:58875,Directed,METRO,1,866667,26,212652,1,866667
IDFM:monomodalStopPlace:58875,IDFM:monomodalStopPlace:43171,Directed,METRO,1,866667,26,212652,1,866667
IDFM:22632,IDFM:22630,Directed,METRO,1,883333,2,542821,1,883333
IDFM:22630,IDFM:22632,Directed,METRO,1,883333,2,542821,1,883333
IDFM:24126,IDFM:24110,Directed,METRO,1,883333,2,510983,1,883333
IDFM:24110,IDFM:24126,Directed,METRO,1,883333,2,510983,1,883333
IDFM:24410,IDFM:24415,Directed,METRO,1,883333,2,578349,1,883333
IDFM:24415,IDFM:24410,Directed,METRO,1,883333,2,578349,1,883333
IDFM:28859,IDFM:28855,Directed,METRO,1,883333,2,899674,1,883333
IDFM:28855,IDFM:28859,Directed,METRO,1,883333,2,899674,1,883333
IDFM:462438,IDFM:462439,Directed,METRO,1,883333,2,293841,1,883333
IDFM:462439,IDFM:462438,Directed,METRO,1,883333,2,293841,1,883333
IDFM:463031,IDFM:463179,Directed,METRO,1,900000,7,758420,1,900000
IDFM:463179,IDFM:463031,Directed,METRO,1,900000,7,758420,1,900000
IDFM:monomodalStopPlace:44801,IDFM:monomodalStopPlace:43135,Directed,METRO,1,900000,25,382380,1,900000
IDFM:monomodalStopPlace:43135,IDFM:monomodalStopPlace:44801,Directed,METRO,1,900000,25,382380,1,900000
IDFM:monomodalStopPlace:58270,IDFM:monomodalStopPlace:43234,Directed,METRO,1,900000,24,872239,1,900000
IDFM:monomodalStopPlace:43234,IDFM:monomodalStopPlace:58270,Directed,METRO,1,900000,24,872239,1,900000
IDFM:42111,IDFM:42102,Directed,METRO,1,916667,2,133746,1,916667
IDFM:42102,IDFM:42111,Directed,METRO,1,916667,2,133746,1,916667
IDFM:490848,IDFM:490849,Directed,METRO,1,916667,7,305213,1,916667
IDFM:490849,IDFM:490848,Directed,METRO,1,916667,7,305213,1,916667
IDFM:21988,IDFM:21904,Directed,METRO,1,933333,8,803616,1,933333
IDFM:21904,IDFM:21988,Directed,METRO,1,933333,8,803616,1,933333
IDFM:23440,IDFM:25639,Directed,METRO,1,933333,4,743349,1,933333
IDFM:25639,IDFM:23440,Directed,METRO,1,933333,4,743349,1,933333
IDFM:463026,IDFM:463003,Directed,TRANSFER,1,933333,0,000000,1,933333
IDFM:463003,IDFM:463026,Directed,TRANSFER,1,933333,0,000000,1,933333
IDFM:monomodalStopPlace:43125,IDFM:monomodalStopPlace:43186,Directed,METRO,1,933333,16,611277,1,933333
IDFM:monomodalStopPlace:43186,IDFM:monomodalStopPlace:43125,Directed,METRO,1,933333,16,611277,1,933333
IDFM:monomodalStopPlace:43239,IDFM:monomodalStopPlace:43213,Directed,METRO,1,933333,25,711738,1,933333
IDFM:monomodalStopPlace:43213,IDFM:monomodalStopPlace:43239,Directed,METRO,1,933333,25,711738,1,933333
IDFM:22303,IDFM:25645,Directed,METRO,1,950000,4,700300,1,950000
IDFM:25645,IDFM:22303,Directed,METRO,1,950000,4,700300,1,950000
IDFM:24131,IDFM:24111,Directed,METRO,1,966667,2,897578,1,966667
IDFM:24111,IDFM:24131,Directed,METRO,1,966667,2,897578,1,966667
IDFM:monomodalStopPlace:44493,IDFM:monomodalStopPlace:43097,Directed,METRO,1,966667,22,900646,1,966667
IDFM:monomodalStopPlace:43097,IDFM:monomodalStopPlace:44493,Directed,METRO,1,966667,22,900646,1,966667
IDFM:10215,IDFM:2272,Directed,METRO,2,000000,5,847239,2,000000
IDFM:2272,IDFM:10215,Directed,METRO,2,000000,5,847239,2,000000
IDFM:10217,IDFM:2272,Directed,METRO,2,000000,3,460860,2,000000
IDFM:2272,IDFM:10217,Directed,METRO,2,000000,3,460860,2,000000
IDFM:10219,IDFM:10217,Directed,METRO,2,000000,2,923411,2,000000
IDFM:10217,IDFM:10219,Directed,METRO,2,000000,2,923411,2,000000
IDFM:22267,IDFM:22633,Directed,METRO,2,000000,1,786598,2,000000
IDFM:22633,IDFM:22267,Directed,METRO,2,000000,1,786598,2,000000
IDFM:22267,IDFM:490553,Directed,TRANSFER,2,000000,0,000000,2,000000
IDFM:490553,IDFM:22267,Directed,TRANSFER,2,000000,0,000000,2,000000
IDFM:2336,IDFM:41672,Directed,METRO,2,000000,2,943468,2,000000
IDFM:41672,IDFM:2336,Directed,METRO,2,000000,2,943468,2,000000
IDFM:23427,IDFM:23431,Directed,METRO,2,000000,2,753920,2,000000
IDFM:23431,IDFM:23427,Directed,METRO,2,000000,2,753920,2,000000
IDFM:23427,IDFM:25647,Directed,METRO,2,000000,4,016359,2,000000
IDFM:25647,IDFM:23427,Directed,METRO,2,000000,4,016359,2,000000
IDFM:24108,IDFM:24116,Directed,METRO,2,000000,2,274827,2,000000
IDFM:24116,IDFM:24108,Directed,METRO,2,000000,2,274827,2,000000
IDFM:24108,IDFM:480964,Directed,METRO,2,000000,2,403551,2,000000
IDFM:480964,IDFM:24108,Directed,METRO,2,000000,2,403551,2,000000
IDFM:24109,IDFM:24118,Directed,METRO,2,000000,2,803995,2,000000
IDFM:24118,IDFM:24109,Directed,METRO,2,000000,2,803995,2,000000
IDFM:24111,IDFM:24116,Directed,METRO,2,000000,1,963154,2,000000
IDFM:24116,IDFM:24111,Directed,METRO,2,000000,1,963154,2,000000
IDFM:24111,IDFM:25633,Directed,TRANSFER,2,000000,0,000000,2,000000
IDFM:25633,IDFM:24111,Directed,TRANSFER,2,000000,0,000000,2,000000
IDFM:24112,IDFM:24136,Directed,METRO,2,000000,2,275833,2,000000
IDFM:24136,IDFM:24112,Directed,METRO,2,000000,2,275833,2,000000
IDFM:24118,IDFM:24122,Directed,METRO,2,000000,2,678069,2,000000
IDFM:24122,IDFM:24118,Directed,METRO,2,000000,2,678069,2,000000
IDFM:24406,IDFM:26534,Directed,METRO,2,000000,3,082028,2,000000
IDFM:26534,IDFM:24406,Directed,METRO,2,000000,3,082028,2,000000
IDFM:24412,IDFM:412987,Directed,METRO,2,000000,1,888596,2,000000
IDFM:412987,IDFM:24412,Directed,METRO,2,000000,1,888596,2,000000
IDFM:24423,IDFM:460562,Directed,METRO,2,000000,2,771346,2,000000
IDFM:460562,IDFM:24423,Directed,METRO,2,000000,2,771346,2,000000
IDFM:26534,IDFM:460560,Directed,TRANSFER,2,000000,0,000000,2,000000
IDFM:460560,IDFM:26534,Directed,TRANSFER,2,000000,0,000000,2,000000
IDFM:28848,IDFM:28852,Directed,METRO,2,000000,2,447943,2,000000
IDFM:28852,IDFM:28848,Directed,METRO,2,000000,2,447943,2,000000
IDFM:29897,IDFM:35930,Directed,METRO,2,000000,2,164834,2,000000
IDFM:35930,IDFM:29897,Directed,METRO,2,000000,2,164834,2,000000
IDFM:35930,IDFM:35941,Directed,METRO,2,000000,1,717463,2,000000
IDFM:35941,IDFM:35930,Directed,METRO,2,000000,1,717463,2,000000
IDFM:41833,IDFM:10215,Directed,METRO,2,000000,2,537991,2,000000
IDFM:10215,IDFM:41833,Directed,METRO,2,000000,2,537991,2,000000
IDFM:42104,IDFM:42110,Directed,METRO,2,000000,2,364433,2,000000
IDFM:42110,IDFM:42104,Directed,METRO,2,000000,2,364433,2,000000
IDFM:42119,IDFM:42122,Directed,METRO,2,000000,2,622966,2,000000
IDFM:42122,IDFM:42119,Directed,METRO,2,000000,2,622966,2,000000
IDFM:460556,IDFM:25635,Directed,METRO,2,000000,4,115731,2,000000
IDFM:25635,IDFM:460556,Directed,METRO,2,000000,4,115731,2,000000
IDFM:463257,IDFM:490892,Directed,TRANSFER,2,000000,0,000000,2,000000
IDFM:490892,IDFM:463257,Directed,TRANSFER,2,000000,0,000000,2,000000
IDFM:463258,IDFM:490890,Directed,TRANSFER,2,000000,0,000000,2,000000
IDFM:490890,IDFM:463258,Directed,TRANSFER,2,000000,0,000000,2,000000
IDFM:470693,IDFM:472077,Directed,METRO,2,000000,3,236833,2,000000
IDFM:472077,IDFM:470693,Directed,METRO,2,000000,3,236833,2,000000
IDFM:471008,IDFM:472376,Directed,METRO,2,000000,4,265316,2,000000
IDFM:472376,IDFM:471008,Directed,METRO,2,000000,4,265316,2,000000
IDFM:471757,IDFM:471008,Directed,METRO,2,000000,3,583021,2,000000
IDFM:471008,IDFM:471757,Directed,METRO,2,000000,3,583021,2,000000
IDFM:471757,IDFM:472503,Directed,METRO,2,000000,3,529729,2,000000
IDFM:472503,IDFM:471757,Directed,METRO,2,000000,3,529729,2,000000
IDFM:471887,IDFM:471933,Directed,METRO,2,000000,9,309440,2,000000
IDFM:471933,IDFM:471887,Directed,METRO,2,000000,9,309440,2,000000
IDFM:472210,IDFM:470688,Directed,METRO,2,000000,8,716456,2,000000
IDFM:470688,IDFM:472210,Directed,METRO,2,000000,8,716456,2,000000
IDFM:472316,IDFM:472618,Directed,METRO,2,000000,2,923418,2,000000
IDFM:472618,IDFM:472316,Directed,METRO,2,000000,2,923418,2,000000
IDFM:472503,IDFM:472857,Directed,METRO,2,000000,2,996709,2,000000
IDFM:472857,IDFM:472503,Directed,METRO,2,000000,2,996709,2,000000
IDFM:472986,IDFM:470874,Directed,METRO,2,000000,9,654512,2,000000
IDFM:470874,IDFM:472986,Directed,METRO,2,000000,9,654512,2,000000
IDFM:477286,IDFM:478659,Directed,METRO,2,000000,1,807074,2,000000
IDFM:478659,IDFM:477286,Directed,METRO,2,000000,1,807074,2,000000
IDFM:478650,IDFM:478658,Directed,METRO,2,000000,3,138259,2,000000
IDFM:478658,IDFM:478650,Directed,METRO,2,000000,3,138259,2,000000
IDFM:478652,IDFM:478646,Directed,METRO,2,000000,2,643400,2,000000
IDFM:478646,IDFM:478652,Directed,METRO,2,000000,2,643400,2,000000
IDFM:478652,IDFM:478664,Directed,METRO,2,000000,2,062591,2,000000
IDFM:478664,IDFM:478652,Directed,METRO,2,000000,2,062591,2,000000
IDFM:478654,IDFM:478658,Directed,METRO,2,000000,2,480487,2,000000
IDFM:478658,IDFM:478654,Directed,METRO,2,000000,2,480487,2,000000
IDFM:478974,IDFM:478985,Directed,METRO,2,000000,2,952159,2,000000
IDFM:478985,IDFM:478974,Directed,METRO,2,000000,2,952159,2,000000
IDFM:478985,IDFM:479009,Directed,METRO,2,000000,2,915639,2,000000
IDFM:479009,IDFM:478985,Directed,METRO,2,000000,2,915639,2,000000
IDFM:478987,IDFM:478982,Directed,METRO,2,000000,3,284973,2,000000
IDFM:478982,IDFM:478987,Directed,METRO,2,000000,3,284973,2,000000
IDFM:479001,IDFM:479009,Directed,METRO,2,000000,2,249222,2,000000
IDFM:479009,IDFM:479001,Directed,METRO,2,000000,2,249222,2,000000
IDFM:480906,IDFM:480930,Directed,METRO,2,000000,7,253720,2,000000
IDFM:480930,IDFM:480906,Directed,METRO,2,000000,7,253720,2,000000
IDFM:480908,IDFM:480936,Directed,METRO,2,000000,4,265886,2,000000
IDFM:480936,IDFM:480908,Directed,METRO,2,000000,4,265886,2,000000
IDFM:480928,IDFM:481070,Directed,METRO,2,000000,4,680145,2,000000
IDFM:481070,IDFM:480928,Directed,METRO,2,000000,4,680145,2,000000
IDFM:480938,IDFM:481073,Directed,METRO,2,000000,5,391684,2,000000
IDFM:481073,IDFM:480938,Directed,METRO,2,000000,5,391684,2,000000
IDFM:480942,IDFM:481070,Directed,METRO,2,000000,8,209617,2,000000
IDFM:481070,IDFM:480942,Directed,METRO,2,000000,8,209617,2,000000
IDFM:486820,IDFM:486818,Directed,METRO,2,000000,4,009468,2,000000
IDFM:486818,IDFM:486820,Directed,METRO,2,000000,4,009468,2,000000
IDFM:486888,IDFM:486898,Directed,METRO,2,000000,3,413471,2,000000
IDFM:486898,IDFM:486888,Directed,METRO,2,000000,3,413471,2,000000
IDFM:486889,IDFM:486892,Directed,METRO,2,000000,8,910526,2,000000
IDFM:486892,IDFM:486889,Directed,METRO,2,000000,8,910526,2,000000
IDFM:486902,IDFM:486963,Directed,METRO,2,000000,3,886038,2,000000
IDFM:486963,IDFM:486902,Directed,METRO,2,000000,3,886038,2,000000
IDFM:486973,IDFM:486976,Directed,METRO,2,000000,5,421384,2,000000
IDFM:486976,IDFM:486973,Directed,METRO,2,000000,5,421384,2,000000
IDFM:490876,IDFM:monomodalStopPlace:45437,Directed,TRANSFER,2,000000,0,000000,2,000000
IDFM:monomodalStopPlace:45437,IDFM:490876,Directed,TRANSFER,2,000000,0,000000,2,000000
IDFM:490886,IDFM:490892,Directed,METRO,2,000000,1,929338,2,000000
IDFM:490892,IDFM:490886,Directed,METRO,2,000000,1,929338,2,000000
IDFM:492420,IDFM:492418,Directed,METRO,2,000000,11,283223,2,000000
IDFM:492418,IDFM:492420,Directed,METRO,2,000000,11,283223,2,000000
IDFM:492424,IDFM:492422,Directed,METRO,2,000000,8,482378,2,000000
IDFM:492422,IDFM:492424,Directed,METRO,2,000000,8,482378,2,000000
IDFM:494313,IDFM:486960,Directed,METRO,2,000000,5,872609,2,000000
IDFM:486960,IDFM:494313,Directed,METRO,2,000000,5,872609,2,000000
IDFM:monomodalStopPlace:43111,IDFM:monomodalStopPlace:43214,Directed,METRO,2,000000,19,443714,2,000000
IDFM:monomodalStopPlace:43214,IDFM:monomodalStopPlace:43111,Directed,METRO,2,000000,19,443714,2,000000
IDFM:monomodalStopPlace:43116,IDFM:monomodalStopPlace:43143,Directed,METRO,2,000000,22,016332,2,000000
IDFM:monomodalStopPlace:43143,IDFM:monomodalStopPlace:43116,Directed,METRO,2,000000,22,016332,2,000000
IDFM:monomodalStopPlace:43129,IDFM:monomodalStopPlace:46975,Directed,METRO,2,000000,26,625684,2,000000
IDFM:monomodalStopPlace:46975,IDFM:monomodalStopPlace:43129,Directed,METRO,2,000000,26,625684,2,000000
IDFM:monomodalStopPlace:43136,IDFM:monomodalStopPlace:57674,Directed,METRO,2,000000,20,893730,2,000000
IDFM:monomodalStopPlace:57674,IDFM:monomodalStopPlace:43136,Directed,METRO,2,000000,20,893730,2,000000
IDFM:monomodalStopPlace:43140,IDFM:monomodalStopPlace:43145,Directed,METRO,2,000000,26,332212,2,000000
IDFM:monomodalStopPlace:43145,IDFM:monomodalStopPlace:43140,Directed,METRO,2,000000,26,332212,2,000000
IDFM:monomodalStopPlace:43143,IDFM:monomodalStopPlace:47603,Directed,METRO,2,000000,24,687452,2,000000
IDFM:monomodalStopPlace:47603,IDFM:monomodalStopPlace:43143,Directed,METRO,2,000000,24,687452,2,000000
IDFM:monomodalStopPlace:43154,IDFM:monomodalStopPlace:464040,Directed,METRO,2,000000,21,803758,2,000000
IDFM:monomodalStopPlace:464040,IDFM:monomodalStopPlace:43154,Directed,METRO,2,000000,21,803758,2,000000
IDFM:monomodalStopPlace:43190,IDFM:monomodalStopPlace:43133,Directed,METRO,2,000000,24,325936,2,000000
IDFM:monomodalStopPlace:43133,IDFM:monomodalStopPlace:43190,Directed,METRO,2,000000,24,325936,2,000000
IDFM:monomodalStopPlace:43193,IDFM:monomodalStopPlace:58793,Directed,METRO,2,000000,27,410324,2,000000
IDFM:monomodalStopPlace:58793,IDFM:monomodalStopPlace:43193,Directed,METRO,2,000000,27,410324,2,000000
IDFM:monomodalStopPlace:43201,IDFM:monomodalStopPlace:43077,Directed,METRO,2,000000,23,096039,2,000000
IDFM:monomodalStopPlace:43077,IDFM:monomodalStopPlace:43201,Directed,METRO,2,000000,23,096039,2,000000
IDFM:monomodalStopPlace:44161,IDFM:monomodalStopPlace:46801,Directed,METRO,2,000000,24,466285,2,000000
IDFM:monomodalStopPlace:46801,IDFM:monomodalStopPlace:44161,Directed,METRO,2,000000,24,466285,2,000000
IDFM:monomodalStopPlace:45850,IDFM:monomodalStopPlace:47906,Directed,METRO,2,000000,23,200862,2,000000
IDFM:monomodalStopPlace:47906,IDFM:monomodalStopPlace:45850,Directed,METRO,2,000000,23,200862,2,000000
IDFM:monomodalStopPlace:46965,IDFM:472625,Directed,METRO,2,000000,14,694875,2,000000
IDFM:472625,IDFM:monomodalStopPlace:46965,Directed,METRO,2,000000,14,694875,2,000000
IDFM:monomodalStopPlace:47907,IDFM:monomodalStopPlace:44787,Directed,METRO,2,000000,25,267491,2,000000
IDFM:monomodalStopPlace:44787,IDFM:monomodalStopPlace:47907,Directed,METRO,2,000000,25,267491,2,000000
IDFM:monomodalStopPlace:58757,IDFM:monomodalStopPlace:45346,Directed,METRO,2,000000,18,954386,2,000000
IDFM:monomodalStopPlace:45346,IDFM:monomodalStopPlace:58757,Directed,METRO,2,000000,18,954386,2,000000
IDFM:24432,IDFM:23435,Directed,METRO,2,033333,3,197756,2,033333
IDFM:23435,IDFM:24432,Directed,METRO,2,033333,3,197756,2,033333
IDFM:22298,IDFM:22303,Directed,METRO,2,050000,4,612055,2,050000
IDFM:22303,IDFM:22298,Directed,METRO,2,050000,4,612055,2,050000
IDFM:460550,IDFM:22632,Directed,METRO,2,050000,2,763313,2,050000
IDFM:22632,IDFM:460550,Directed,METRO,2,050000,2,763313,2,050000
IDFM:monomodalStopPlace:474069,IDFM:monomodalStopPlace:43175,Directed,METRO,2,066667,25,786440,2,066667
IDFM:monomodalStopPlace:43175,IDFM:monomodalStopPlace:474069,Directed,METRO,2,066667,25,786440,2,066667
IDFM:22239,IDFM:463301,Directed,METRO,2,083333,8,119423,2,083333
IDFM:463301,IDFM:22239,Directed,METRO,2,083333,8,119423,2,083333
IDFM:23440,IDFM:23438,Directed,METRO,2,083333,3,765006,2,083333
IDFM:23438,IDFM:23440,Directed,METRO,2,083333,3,765006,2,083333
IDFM:monomodalStopPlace:474082,IDFM:monomodalStopPlace:43101,Directed,METRO,2,116667,24,865596,2,116667
IDFM:monomodalStopPlace:43101,IDFM:monomodalStopPlace:474082,Directed,METRO,2,116667,24,865596,2,116667
IDFM:42102,IDFM:42101,Directed,METRO,2,133333,2,357814,2,133333
IDFM:42101,IDFM:42102,Directed,METRO,2,133333,2,357814,2,133333
IDFM:23303,IDFM:23301,Directed,METRO,2,150000,3,953725,2,150000
IDFM:23301,IDFM:23303,Directed,METRO,2,150000,3,953725,2,150000
IDFM:463089,IDFM:463088,Directed,TRANSFER,2,150000,0,000000,2,150000
IDFM:463088,IDFM:463089,Directed,TRANSFER,2,150000,0,000000,2,150000
IDFM:463281,IDFM:24679,Directed,METRO,2,150000,5,876251,2,150000
IDFM:24679,IDFM:463281,Directed,METRO,2,150000,5,876251,2,150000
IDFM:24405,IDFM:24406,Directed,METRO,2,166667,3,140970,2,166667
IDFM:24406,IDFM:24405,Directed,METRO,2,166667,3,140970,2,166667
IDFM:471897,IDFM:monomodalStopPlace:47115,Directed,METRO,2,166667,21,393842,2,166667
IDFM:monomodalStopPlace:47115,IDFM:471897,Directed,METRO,2,166667,21,393842,2,166667
IDFM:monomodalStopPlace:43084,IDFM:monomodalStopPlace:43163,Directed,METRO,2,166667,25,524311,2,166667
IDFM:monomodalStopPlace:43163,IDFM:monomodalStopPlace:43084,Directed,METRO,2,166667,25,524311,2,166667
IDFM:monomodalStopPlace:43091,IDFM:monomodalStopPlace:43215,Directed,METRO,2,166667,27,596318,2,166667
IDFM:monomodalStopPlace:43215,IDFM:monomodalStopPlace:43091,Directed,METRO,2,166667,27,596318,2,166667
IDFM:monomodalStopPlace:43120,IDFM:monomodalStopPlace:43073,Directed,METRO,2,166667,30,008866,2,166667
IDFM:monomodalStopPlace:43073,IDFM:monomodalStopPlace:43120,Directed,METRO,2,166667,30,008866,2,166667
IDFM:monomodalStopPlace:43120,IDFM:monomodalStopPlace:47517,Directed,METRO,2,166667,24,232955,2,166667
IDFM:monomodalStopPlace:47517,IDFM:monomodalStopPlace:43120,Directed,METRO,2,166667,24,232955,2,166667
IDFM:monomodalStopPlace:43188,IDFM:monomodalStopPlace:43202,Directed,METRO,2,166667,28,010864,2,166667
IDFM:monomodalStopPlace:43202,IDFM:monomodalStopPlace:43188,Directed,METRO,2,166667,28,010864,2,166667
IDFM:monomodalStopPlace:43226,IDFM:monomodalStopPlace:58873,Directed,METRO,2,166667,27,273705,2,166667
IDFM:monomodalStopPlace:58873,IDFM:monomodalStopPlace:43226,Directed,METRO,2,166667,27,273705,2,166667
IDFM:monomodalStopPlace:43227,IDFM:monomodalStopPlace:43110,Directed,METRO,2,166667,29,322925,2,166667
IDFM:monomodalStopPlace:43110,IDFM:monomodalStopPlace:43227,Directed,METRO,2,166667,29,322925,2,166667
IDFM:monomodalStopPlace:43231,IDFM:monomodalStopPlace:43122,Directed,METRO,2,166667,30,187494,2,166667
IDFM:monomodalStopPlace:43122,IDFM:monomodalStopPlace:43231,Directed,METRO,2,166667,30,187494,2,166667
IDFM:monomodalStopPlace:43236,IDFM:monomodalStopPlace:47875,Directed,METRO,2,166667,24,072795,2,166667
IDFM:monomodalStopPlace:47875,IDFM:monomodalStopPlace:43236,Directed,METRO,2,166667,24,072795,2,166667
IDFM:monomodalStopPlace:44602,IDFM:monomodalStopPlace:43167,Directed,METRO,2,166667,17,418493,2,166667
IDFM:monomodalStopPlace:43167,IDFM:monomodalStopPlace:44602,Directed,METRO,2,166667,17,418493,2,166667
IDFM:monomodalStopPlace:45771,IDFM:monomodalStopPlace:47924,Directed,METRO,2,166667,25,465689,2,166667
IDFM:monomodalStopPlace:47924,IDFM:monomodalStopPlace:45771,Directed,METRO,2,166667,25,465689,2,166667
IDFM:monomodalStopPlace:46222,IDFM:monomodalStopPlace:43194,Directed,METRO,2,166667,34,338897,2,166667
IDFM:monomodalStopPlace:43194,IDFM:monomodalStopPlace:46222,Directed,METRO,2,166667,34,338897,2,166667
IDFM:monomodalStopPlace:462398,IDFM:monomodalStopPlace:473364,Directed,METRO,2,166667,13,280625,2,166667
IDFM:monomodalStopPlace:473364,IDFM:monomodalStopPlace:462398,Directed,METRO,2,166667,13,280625,2,166667
IDFM:monomodalStopPlace:46304,IDFM:monomodalStopPlace:45067,Directed,METRO,2,166667,24,178748,2,166667
IDFM:monomodalStopPlace:45067,IDFM:monomodalStopPlace:46304,Directed,METRO,2,166667,24,178748,2,166667
IDFM:monomodalStopPlace:46375,IDFM:monomodalStopPlace:43227,Directed,METRO,2,166667,28,881028,2,166667
IDFM:monomodalStopPlace:43227,IDFM:monomodalStopPlace:46375,Directed,METRO,2,166667,28,881028,2,166667
IDFM:monomodalStopPlace:46387,IDFM:monomodalStopPlace:46307,Directed,METRO,2,166667,22,904677,2,166667
IDFM:monomodalStopPlace:46307,IDFM:monomodalStopPlace:46387,Directed,METRO,2,166667,22,904677,2,166667
IDFM:monomodalStopPlace:46926,IDFM:monomodalStopPlace:47929,Directed,METRO,2,166667,28,535519,2,166667
IDFM:monomodalStopPlace:47929,IDFM:monomodalStopPlace:46926,Directed,METRO,2,166667,28,535519,2,166667
IDFM:monomodalStopPlace:47095,IDFM:471744,Directed,METRO,2,166667,13,534549,2,166667
IDFM:471744,IDFM:monomodalStopPlace:47095,Directed,METRO,2,166667,13,534549,2,166667
IDFM:monomodalStopPlace:47588,IDFM:monomodalStopPlace:47585,Directed,METRO,2,166667,21,051816,2,166667
IDFM:monomodalStopPlace:47585,IDFM:monomodalStopPlace:47588,Directed,METRO,2,166667,21,051816,2,166667
IDFM:monomodalStopPlace:47948,IDFM:monomodalStopPlace:45860,Directed,METRO,2,166667,26,170070,2,166667
IDFM:monomodalStopPlace:45860,IDFM:monomodalStopPlace:47948,Directed,METRO,2,166667,26,170070,2,166667
IDFM:monomodalStopPlace:47960,IDFM:monomodalStopPlace:46731,Directed,METRO,2,166667,30,785979,2,166667
IDFM:monomodalStopPlace:46731,IDFM:monomodalStopPlace:47960,Directed,METRO,2,166667,30,785979,2,166667
IDFM:monomodalStopPlace:58267,IDFM:monomodalStopPlace:46552,Directed,METRO,2,166667,30,245620,2,166667
IDFM:monomodalStopPlace:46552,IDFM:monomodalStopPlace:58267,Directed,METRO,2,166667,30,245620,2,166667
IDFM:28869,IDFM:479383,Directed,METRO,2,183333,2,151088,2,183333
IDFM:479383,IDFM:28869,Directed,METRO,2,183333,2,151088,2,183333
IDFM:462436,IDFM:462437,Directed,METRO,2,183333,3,018124,2,183333
IDFM:462437,IDFM:462436,Directed,METRO,2,183333,3,018124,2,183333
IDFM:2339,IDFM:2340,Directed,METRO,2,200000,3,010577,2,200000
IDFM:2340,IDFM:2339,Directed,METRO,2,200000,3,010577,2,200000
IDFM:24402,IDFM:24530,Directed,METRO,2,200000,2,631367,2,200000
IDFM:24530,IDFM:24402,Directed,METRO,2,200000,2,631367,2,200000
IDFM:24431,IDFM:22269,Directed,METRO,2,216667,2,454723,2,216667
IDFM:22269,IDFM:24431,Directed,METRO,2,216667,2,454723,2,216667
IDFM:monomodalStopPlace:47238,IDFM:monomodalStopPlace:43224,Directed,METRO,2,216667,32,525186,2,216667
IDFM:monomodalStopPlace:43224,IDFM:monomodalStopPlace:47238,Directed,METRO,2,216667,32,525186,2,216667
IDFM:monomodalStopPlace:58937,IDFM:monomodalStopPlace:474082,Directed,METRO,2,216667,32,550305,2,216667
IDFM:monomodalStopPlace:474082,IDFM:monomodalStopPlace:58937,Directed,METRO,2,216667,32,550305,2,216667
IDFM:35940,IDFM:35941,Directed,METRO,2,250000,3,163645,2,250000
IDFM:35941,IDFM:35940,Directed,METRO,2,250000,3,163645,2,250000
IDFM:462440,IDFM:490896,Directed,METRO,2,250000,2,562672,2,250000
IDFM:490896,IDFM:462440,Directed,METRO,2,250000,2,562672,2,250000
IDFM:29898,IDFM:29893,Directed,METRO,2,266667,3,888355,2,266667
IDFM:29893,IDFM:29898,Directed,METRO,2,266667,3,888355,2,266667
IDFM:490850,IDFM:490916,Directed,METRO,2,283333,10,537152,2,283333
IDFM:490916,IDFM:490850,Directed,METRO,2,283333,10,537152,2,283333
IDFM:21962,IDFM:480340,Directed,METRO,2,300000,7,916942,2,300000
IDFM:480340,IDFM:21962,Directed,METRO,2,300000,7,916942,2,300000
IDFM:490850,IDFM:490835,Directed,METRO,2,300000,10,770065,2,300000
IDFM:490835,IDFM:490850,Directed,METRO,2,300000,10,770065,2,300000
IDFM:490916,IDFM:490849,Directed,METRO,2,300000,9,617436,2,300000
IDFM:490849,IDFM:490916,Directed,METRO,2,300000,9,617436,2,300000
IDFM:24398,IDFM:24399,Directed,METRO,2,316667,3,121225,2,316667
IDFM:24399,IDFM:24398,Directed,METRO,2,316667,3,121225,2,316667
IDFM:490917,IDFM:490852,Directed,METRO,2,316667,11,667375,2,316667
IDFM:490852,IDFM:490917,Directed,METRO,2,316667,11,667375,2,316667
IDFM:monomodalStopPlace:43094,IDFM:monomodalStopPlace:58792,Directed,METRO,2,316667,31,292276,2,316667
IDFM:monomodalStopPlace:58792,IDFM:monomodalStopPlace:43094,Directed,METRO,2,316667,31,292276,2,316667
IDFM:21962,IDFM:463300,Directed,TRANSFER,2,333333,0,000000,2,333333
IDFM:463300,IDFM:21962,Directed,TRANSFER,2,333333,0,000000,2,333333
IDFM:2340,IDFM:2344,Directed,METRO,2,333333,3,199910,2,333333
IDFM:2344,IDFM:2340,Directed,METRO,2,333333,3,199910,2,333333
IDFM:41952,IDFM:2338,Directed,METRO,2,333333,3,492340,2,333333
IDFM:2338,IDFM:41952,Directed,METRO,2,333333,3,492340,2,333333
IDFM:486842,IDFM:486834,Directed,METRO,2,333333,4,587844,2,333333
IDFM:486834,IDFM:486842,Directed,METRO,2,333333,4,587844,2,333333
IDFM:monomodalStopPlace:411342,IDFM:monomodalStopPlace:411348,Directed,METRO,2,333333,32,505657,2,333333
IDFM:monomodalStopPlace:411348,IDFM:monomodalStopPlace:411342,Directed,METRO,2,333333,32,505657,2,333333
IDFM:monomodalStopPlace:43076,IDFM:monomodalStopPlace:43188,Directed,METRO,2,333333,32,525430,2,333333
IDFM:monomodalStopPlace:43188,IDFM:monomodalStopPlace:43076,Directed,METRO,2,333333,32,525430,2,333333
IDFM:monomodalStopPlace:43113,IDFM:monomodalStopPlace:51238,Directed,METRO,2,333333,19,955064,2,333333
IDFM:monomodalStopPlace:51238,IDFM:monomodalStopPlace:43113,Directed,METRO,2,333333,19,955064,2,333333
IDFM:monomodalStopPlace:43130,IDFM:monomodalStopPlace:43077,Directed,METRO,2,333333,33,534684,2,333333
IDFM:monomodalStopPlace:43077,IDFM:monomodalStopPlace:43130,Directed,METRO,2,333333,33,534684,2,333333
IDFM:monomodalStopPlace:43151,IDFM:monomodalStopPlace:46975,Directed,METRO,2,333333,38,383315,2,333333
IDFM:monomodalStopPlace:46975,IDFM:monomodalStopPlace:43151,Directed,METRO,2,333333,38,383315,2,333333
IDFM:monomodalStopPlace:43168,IDFM:monomodalStopPlace:47517,Directed,METRO,2,333333,33,119099,2,333333
IDFM:monomodalStopPlace:47517,IDFM:monomodalStopPlace:43168,Directed,METRO,2,333333,33,119099,2,333333
IDFM:monomodalStopPlace:43168,IDFM:monomodalStopPlace:47522,Directed,METRO,2,333333,35,216983,2,333333
IDFM:monomodalStopPlace:47522,IDFM:monomodalStopPlace:43168,Directed,METRO,2,333333,35,216983,2,333333
IDFM:monomodalStopPlace:43179,IDFM:monomodalStopPlace:43251,Directed,METRO,2,333333,29,406389,2,333333
IDFM:monomodalStopPlace:43251,IDFM:monomodalStopPlace:43179,Directed,METRO,2,333333,29,406389,2,333333
IDFM:monomodalStopPlace:44514,IDFM:monomodalStopPlace:43203,Directed,METRO,2,333333,17,638740,2,333333
IDFM:monomodalStopPlace:43203,IDFM:monomodalStopPlace:44514,Directed,METRO,2,333333,17,638740,2,333333
IDFM:monomodalStopPlace:45301,IDFM:monomodalStopPlace:46366,Directed,METRO,2,333333,27,541469,2,333333
IDFM:monomodalStopPlace:46366,IDFM:monomodalStopPlace:45301,Directed,METRO,2,333333,27,541469,2,333333
IDFM:monomodalStopPlace:45763,IDFM:monomodalStopPlace:45812,Directed,METRO,2,333333,29,555206,2,333333
IDFM:monomodalStopPlace:45812,IDFM:monomodalStopPlace:45763,Directed,METRO,2,333333,29,555206,2,333333
IDFM:monomodalStopPlace:45860,IDFM:monomodalStopPlace:45745,Directed,METRO,2,333333,29,047365,2,333333
IDFM:monomodalStopPlace:45745,IDFM:monomodalStopPlace:45860,Directed,METRO,2,333333,29,047365,2,333333
IDFM:monomodalStopPlace:46286,IDFM:monomodalStopPlace:464040,Directed,METRO,2,333333,27,843586,2,333333
IDFM:monomodalStopPlace:464040,IDFM:monomodalStopPlace:46286,Directed,METRO,2,333333,27,843586,2,333333
IDFM:monomodalStopPlace:46395,IDFM:monomodalStopPlace:46387,Directed,METRO,2,333333,26,606744,2,333333
IDFM:monomodalStopPlace:46387,IDFM:monomodalStopPlace:46395,Directed,METRO,2,333333,26,606744,2,333333
IDFM:monomodalStopPlace:46725,IDFM:monomodalStopPlace:46222,Directed,METRO,2,333333,40,624421,2,333333
IDFM:monomodalStopPlace:46222,IDFM:monomodalStopPlace:46725,Directed,METRO,2,333333,40,624421,2,333333
IDFM:monomodalStopPlace:46965,IDFM:monomodalStopPlace:43151,Directed,METRO,2,333333,33,332058,2,333333
IDFM:monomodalStopPlace:43151,IDFM:monomodalStopPlace:46965,Directed,METRO,2,333333,33,332058,2,333333
IDFM:monomodalStopPlace:47528,IDFM:monomodalStopPlace:47951,Directed,METRO,2,333333,21,226329,2,333333
IDFM:monomodalStopPlace:47951,IDFM:monomodalStopPlace:47528,Directed,METRO,2,333333,21,226329,2,333333
IDFM:monomodalStopPlace:47939,IDFM:monomodalStopPlace:43068,Directed,METRO,2,333333,27,227725,2,333333
IDFM:monomodalStopPlace:43068,IDFM:monomodalStopPlace:47939,Directed,METRO,2,333333,27,227725,2,333333
IDFM:monomodalStopPlace:47946,IDFM:monomodalStopPlace:47530,Directed,METRO,2,333333,31,202265,2,333333
IDFM:monomodalStopPlace:47530,IDFM:monomodalStopPlace:47946,Directed,METRO,2,333333,31,202265,2,333333
IDFM:monomodalStopPlace:48489,IDFM:monomodalStopPlace:47906,Directed,METRO,2,333333,28,453969,2,333333
IDFM:monomodalStopPlace:47906,IDFM:monomodalStopPlace:48489,Directed,METRO,2,333333,28,453969,2,333333
IDFM:monomodalStopPlace:47052,IDFM:monomodalStopPlace:47889,Directed,METRO,2,366667,27,429533,2,366667
IDFM:monomodalStopPlace:47889,IDFM:monomodalStopPlace:47052,Directed,METRO,2,366667,27,429533,2,366667
IDFM:monomodalStopPlace:58792,IDFM:monomodalStopPlace:43146,Directed,METRO,2,383333,37,069350,2,383333
IDFM:monomodalStopPlace:43146,IDFM:monomodalStopPlace:58792,Directed,METRO,2,383333,37,069350,2,383333
IDFM:29893,IDFM:29900,Directed,METRO,2,400000,2,588696,2,400000
IDFM:29900,IDFM:29893,Directed,METRO,2,400000,2,588696,2,400000
IDFM:35935,IDFM:35943,Directed,METRO,2,400000,2,071504,2,400000
IDFM:35943,IDFM:35935,Directed,METRO,2,400000,2,071504,2,400000
IDFM:490881,IDFM:490876,Directed,METRO,2,416667,2,564085,2,416667
IDFM:490876,IDFM:490881,Directed,METRO,2,416667,2,564085,2,416667
IDFM:monomodalStopPlace:44199,IDFM:monomodalStopPlace:58937,Directed,METRO,2,433333,37,853942,2,433333
IDFM:monomodalStopPlace:58937,IDFM:monomodalStopPlace:44199,Directed,METRO,2,433333,37,853942,2,433333
IDFM:22234,IDFM:22238,Directed,METRO,2,450000,8,366635,2,450000
IDFM:22238,IDFM:22234,Directed,METRO,2,450000,8,366635,2,450000
IDFM:monomodalStopPlace:45873,IDFM:monomodalStopPlace:58759,Directed,METRO,2,466667,35,731052,2,466667
IDFM:monomodalStopPlace:58759,IDFM:monomodalStopPlace:45873,Directed,METRO,2,466667,35,731052,2,466667
IDFM:24410,IDFM:24404,Directed,METRO,2,500000,3,452450,2,500000
IDFM:24404,IDFM:24410,Directed,METRO,2,500000,3,452450,2,500000
IDFM:462400,IDFM:monomodalStopPlace:43066,Directed,TRANSFER,2,500000,0,000000,2,500000
IDFM:monomodalStopPlace:43066,IDFM:462400,Directed,TRANSFER,2,500000,0,000000,2,500000
IDFM:monomodalStopPlace:411421,IDFM:monomodalStopPlace:411418,Directed,METRO,2,500000,26,068918,2,500000
IDFM:monomodalStopPlace:411418,IDFM:monomodalStopPlace:411421,Directed,METRO,2,500000,26,068918,2,500000
IDFM:monomodalStopPlace:415484,IDFM:monomodalStopPlace:47925,Directed,METRO,2,500000,33,457782,2,500000
IDFM:monomodalStopPlace:47925,IDFM:monomodalStopPlace:415484,Directed,METRO,2,500000,33,457782,2,500000
IDFM:monomodalStopPlace:43074,IDFM:monomodalStopPlace:46568,Directed,METRO,2,500000,36,887269,2,500000
IDFM:monomodalStopPlace:46568,IDFM:monomodalStopPlace:43074,Directed,METRO,2,500000,36,887269,2,500000
IDFM:monomodalStopPlace:43079,IDFM:monomodalStopPlace:47955,Directed,METRO,2,500000,35,889348,2,500000
IDFM:monomodalStopPlace:47955,IDFM:monomodalStopPlace:43079,Directed,METRO,2,500000,35,889348,2,500000
IDFM:monomodalStopPlace:43081,IDFM:monomodalStopPlace:47927,Directed,METRO,2,500000,38,188978,2,500000
IDFM:monomodalStopPlace:47927,IDFM:monomodalStopPlace:43081,Directed,METRO,2,500000,38,188978,2,500000
IDFM:monomodalStopPlace:43102,IDFM:monomodalStopPlace:43156,Directed,METRO,2,500000,35,484026,2,500000
IDFM:monomodalStopPlace:43156,IDFM:monomodalStopPlace:43102,Directed,METRO,2,500000,35,484026,2,500000
IDFM:monomodalStopPlace:43110,IDFM:monomodalStopPlace:46298,Directed,METRO,2,500000,30,066916,2,500000
IDFM:monomodalStopPlace:46298,IDFM:monomodalStopPlace:43110,Directed,METRO,2,500000,30,066916,2,500000
IDFM:monomodalStopPlace:43129,IDFM:monomodalStopPlace:43137,Directed,METRO,2,500000,39,839953,2,500000
IDFM:monomodalStopPlace:43137,IDFM:monomodalStopPlace:43129,Directed,METRO,2,500000,39,839953,2,500000
IDFM:monomodalStopPlace:43136,IDFM:monomodalStopPlace:43215,Directed,METRO,2,500000,30,528271,2,500000
IDFM:monomodalStopPlace:43215,IDFM:monomodalStopPlace:43136,Directed,METRO,2,500000,30,528271,2,500000
IDFM:monomodalStopPlace:43162,IDFM:monomodalStopPlace:43111,Directed,METRO,2,500000,32,486416,2,500000
IDFM:monomodalStopPlace:43111,IDFM:monomodalStopPlace:43162,Directed,METRO,2,500000,32,486416,2,500000
IDFM:monomodalStopPlace:43181,IDFM:monomodalStopPlace:47885,Directed,METRO,2,500000,17,224569,2,500000
IDFM:monomodalStopPlace:47885,IDFM:monomodalStopPlace:43181,Directed,METRO,2,500000,17,224569,2,500000
IDFM:monomodalStopPlace:43212,IDFM:monomodalStopPlace:47875,Directed,METRO,2,500000,26,713930,2,500000
IDFM:monomodalStopPlace:47875,IDFM:monomodalStopPlace:43212,Directed,METRO,2,500000,26,713930,2,500000
IDFM:monomodalStopPlace:43222,IDFM:monomodalStopPlace:43251,Directed,METRO,2,500000,38,593029,2,500000
IDFM:monomodalStopPlace:43251,IDFM:monomodalStopPlace:43222,Directed,METRO,2,500000,38,593029,2,500000
IDFM:monomodalStopPlace:43248,IDFM:monomodalStopPlace:473506,Directed,METRO,2,500000,31,590896,2,500000
IDFM:monomodalStopPlace:473506,IDFM:monomodalStopPlace:43248,Directed,METRO,2,500000,31,590896,2,500000
IDFM:monomodalStopPlace:44314,IDFM:monomodalStopPlace:44514,Directed,METRO,2,500000,21,598662,2,500000
IDFM:monomodalStopPlace:44514,IDFM:monomodalStopPlace:44314,Directed,METRO,2,500000,21,598662,2,500000
IDFM:monomodalStopPlace:46482,IDFM:monomodalStopPlace:48964,Directed,METRO,2,500000,34,762707,2,500000
IDFM:monomodalStopPlace:48964,IDFM:monomodalStopPlace:46482,Directed,METRO,2,500000,34,762707,2,500000
IDFM:monomodalStopPlace:46884,IDFM:monomodalStopPlace:46886,Directed,METRO,2,500000,29,948098,2,500000
IDFM:monomodalStopPlace:46886,IDFM:monomodalStopPlace:46884,Directed,METRO,2,500000,29,948098,2,500000
IDFM:monomodalStopPlace:473159,IDFM:monomodalStopPlace:43078,Directed,METRO,2,500000,29,914562,2,500000
IDFM:monomodalStopPlace:43078,IDFM:monomodalStopPlace:473159,Directed,METRO,2,500000,29,914562,2,500000
IDFM:monomodalStopPlace:47525,IDFM:monomodalStopPlace:47524,Directed,METRO,2,500000,29,566462,2,500000
IDFM:monomodalStopPlace:47524,IDFM:monomodalStopPlace:47525,Directed,METRO,2,500000,29,566462,2,500000
IDFM:monomodalStopPlace:47525,IDFM:monomodalStopPlace:47951,Directed,METRO,2,500000,32,582391,2,500000
IDFM:monomodalStopPlace:47951,IDFM:monomodalStopPlace:47525,Directed,METRO,2,500000,32,582391,2,500000
IDFM:monomodalStopPlace:47582,IDFM:monomodalStopPlace:47585,Directed,METRO,2,500000,33,868448,2,500000
IDFM:monomodalStopPlace:47585,IDFM:monomodalStopPlace:47582,Directed,METRO,2,500000,33,868448,2,500000
IDFM:monomodalStopPlace:47588,IDFM:monomodalStopPlace:47589,Directed,METRO,2,500000,38,045860,2,500000
IDFM:monomodalStopPlace:47589,IDFM:monomodalStopPlace:47588,Directed,METRO,2,500000,38,045860,2,500000
IDFM:monomodalStopPlace:47591,IDFM:monomodalStopPlace:47918,Directed,METRO,2,500000,34,913920,2,500000
IDFM:monomodalStopPlace:47918,IDFM:monomodalStopPlace:47591,Directed,METRO,2,500000,34,913920,2,500000
IDFM:monomodalStopPlace:47925,IDFM:monomodalStopPlace:43099,Directed,METRO,2,500000,30,906762,2,500000
IDFM:monomodalStopPlace:43099,IDFM:monomodalStopPlace:47925,Directed,METRO,2,500000,30,906762,2,500000
IDFM:monomodalStopPlace:47959,IDFM:monomodalStopPlace:47921,Directed,METRO,2,500000,35,837305,2,500000
IDFM:monomodalStopPlace:47921,IDFM:monomodalStopPlace:47959,Directed,METRO,2,500000,35,837305,2,500000
IDFM:monomodalStopPlace:47968,IDFM:monomodalStopPlace:44628,Directed,METRO,2,500000,35,661716,2,500000
IDFM:monomodalStopPlace:44628,IDFM:monomodalStopPlace:47968,Directed,METRO,2,500000,35,661716,2,500000
IDFM:22300,IDFM:25645,Directed,METRO,2,566667,5,955060,2,566667
IDFM:25645,IDFM:22300,Directed,METRO,2,566667,5,955060,2,566667
IDFM:35943,IDFM:29900,Directed,METRO,2,566667,2,700525,2,566667
IDFM:29900,IDFM:35943,Directed,METRO,2,566667,2,700525,2,566667
IDFM:490892,IDFM:490881,Directed,METRO,2,583333,2,782747,2,583333
IDFM:490881,IDFM:490892,Directed,METRO,2,583333,2,782747,2,583333
IDFM:22158,IDFM:monomodalStopPlace:473890,Directed,TRANSFER,2,600000,0,000000,2,600000
IDFM:monomodalStopPlace:473890,IDFM:22158,Directed,TRANSFER,2,600000,0,000000,2,600000
IDFM:monomodalStopPlace:47052,IDFM:monomodalStopPlace:47888,Directed,METRO,2,616667,40,550361,2,616667
IDFM:monomodalStopPlace:47888,IDFM:monomodalStopPlace:47052,Directed,METRO,2,616667,40,550361,2,616667
IDFM:24137,IDFM:460561,Directed,METRO,2,633333,5,197188,2,633333
IDFM:460561,IDFM:24137,Directed,METRO,2,633333,5,197188,2,633333
IDFM:460550,IDFM:23312,Directed,METRO,2,633333,2,956613,2,633333
IDFM:23312,IDFM:460550,Directed,METRO,2,633333,2,956613,2,633333
IDFM:2344,IDFM:486812,Directed,TRANSFER,2,650000,0,000000,2,650000
IDFM:486812,IDFM:2344,Directed,TRANSFER,2,650000,0,000000,2,650000
IDFM:monomodalStopPlace:43132,IDFM:monomodalStopPlace:43225,Directed,METRO,2,666667,34,651261,2,666667
IDFM:monomodalStopPlace:43225,IDFM:monomodalStopPlace:43132,Directed,METRO,2,666667,34,651261,2,666667
IDFM:monomodalStopPlace:43140,IDFM:monomodalStopPlace:43231,Directed,METRO,2,666667,42,271545,2,666667
IDFM:monomodalStopPlace:43231,IDFM:monomodalStopPlace:43140,Directed,METRO,2,666667,42,271545,2,666667
IDFM:monomodalStopPlace:43149,IDFM:monomodalStopPlace:47905,Directed,METRO,2,666667,41,318734,2,666667
IDFM:monomodalStopPlace:47905,IDFM:monomodalStopPlace:43149,Directed,METRO,2,666667,41,318734,2,666667
IDFM:monomodalStopPlace:43223,IDFM:monomodalStopPlace:58267,Directed,METRO,2,666667,31,844184,2,666667
IDFM:monomodalStopPlace:58267,IDFM:monomodalStopPlace:43223,Directed,METRO,2,666667,31,844184,2,666667
IDFM:monomodalStopPlace:43224,IDFM:monomodalStopPlace:473875,Directed,METRO,2,666667,37,948358,2,666667
IDFM:monomodalStopPlace:473875,IDFM:monomodalStopPlace:43224,Directed,METRO,2,666667,37,948358,2,666667
IDFM:monomodalStopPlace:45763,IDFM:monomodalStopPlace:47967,Directed,METRO,2,666667,36,989083,2,666667
IDFM:monomodalStopPlace:47967,IDFM:monomodalStopPlace:45763,Directed,METRO,2,666667,36,989083,2,666667
IDFM:monomodalStopPlace:47522,IDFM:monomodalStopPlace:47524,Directed,METRO,2,666667,32,068676,2,666667
IDFM:monomodalStopPlace:47524,IDFM:monomodalStopPlace:47522,Directed,METRO,2,666667,32,068676,2,666667
IDFM:monomodalStopPlace:47907,IDFM:monomodalStopPlace:46299,Directed,METRO,2,666667,32,705720,2,666667
IDFM:monomodalStopPlace:46299,IDFM:monomodalStopPlace:47907,Directed,METRO,2,666667,32,705720,2,666667
IDFM:monomodalStopPlace:47924,IDFM:monomodalStopPlace:58873,Directed,METRO,2,666667,39,413362,2,666667
IDFM:monomodalStopPlace:58873,IDFM:monomodalStopPlace:47924,Directed,METRO,2,666667,39,413362,2,666667
IDFM:monomodalStopPlace:48489,IDFM:monomodalStopPlace:43132,Directed,METRO,2,666667,31,230013,2,666667
IDFM:monomodalStopPlace:43132,IDFM:monomodalStopPlace:48489,Directed,METRO,2,666667,31,230013,2,666667
IDFM:monomodalStopPlace:58288,IDFM:monomodalStopPlace:43223,Directed,METRO,2,666667,38,663574,2,666667
IDFM:monomodalStopPlace:43223,IDFM:monomodalStopPlace:58288,Directed,METRO,2,666667,38,663574,2,666667
IDFM:monomodalStopPlace:58572,IDFM:monomodalStopPlace:58718,Directed,METRO,2,666667,32,399892,2,666667
IDFM:monomodalStopPlace:58718,IDFM:monomodalStopPlace:58572,Directed,METRO,2,666667,32,399892,2,666667
IDFM:2344,IDFM:41858,Directed,METRO,2,716667,3,741597,2,716667
IDFM:41858,IDFM:2344,Directed,METRO,2,716667,3,741597,2,716667
IDFM:22269,IDFM:22267,Directed,METRO,2,783333,2,038277,2,783333
IDFM:22267,IDFM:22269,Directed,METRO,2,783333,2,038277,2,783333
IDFM:monomodalStopPlace:411326,IDFM:monomodalStopPlace:411329,Directed,METRO,2,833333,43,932034,2,833333
IDFM:monomodalStopPlace:411329,IDFM:monomodalStopPlace:411326,Directed,METRO,2,833333,43,932034,2,833333
IDFM:monomodalStopPlace:43073,IDFM:monomodalStopPlace:43190,Directed,METRO,2,833333,42,976053,2,833333
IDFM:monomodalStopPlace:43190,IDFM:monomodalStopPlace:43073,Directed,METRO,2,833333,42,976053,2,833333
IDFM:monomodalStopPlace:43074,IDFM:monomodalStopPlace:58288,Directed,METRO,2,833333,48,235499,2,833333
IDFM:monomodalStopPlace:58288,IDFM:monomodalStopPlace:43074,Directed,METRO,2,833333,48,235499,2,833333
IDFM:monomodalStopPlace:43107,IDFM:monomodalStopPlace:45804,Directed,METRO,2,833333,40,364956,2,833333
IDFM:monomodalStopPlace:45804,IDFM:monomodalStopPlace:43107,Directed,METRO,2,833333,40,364956,2,833333
IDFM:monomodalStopPlace:43108,IDFM:monomodalStopPlace:43195,Directed,METRO,2,833333,36,621771,2,833333
IDFM:monomodalStopPlace:43195,IDFM:monomodalStopPlace:43108,Directed,METRO,2,833333,36,621771,2,833333
IDFM:monomodalStopPlace:43216,IDFM:monomodalStopPlace:47770,Directed,METRO,2,833333,35,716590,2,833333
IDFM:monomodalStopPlace:47770,IDFM:monomodalStopPlace:43216,Directed,METRO,2,833333,35,716590,2,833333
IDFM:monomodalStopPlace:43217,IDFM:monomodalStopPlace:46902,Directed,METRO,2,833333,45,260477,2,833333
IDFM:monomodalStopPlace:46902,IDFM:monomodalStopPlace:43217,Directed,METRO,2,833333,45,260477,2,833333
IDFM:monomodalStopPlace:43221,IDFM:monomodalStopPlace:43181,Directed,METRO,2,833333,35,695607,2,833333
IDFM:monomodalStopPlace:43181,IDFM:monomodalStopPlace:43221,Directed,METRO,2,833333,35,695607,2,833333
IDFM:monomodalStopPlace:43225,IDFM:monomodalStopPlace:47948,Directed,METRO,2,833333,39,330441,2,833333
IDFM:monomodalStopPlace:47948,IDFM:monomodalStopPlace:43225,Directed,METRO,2,833333,39,330441,2,833333
IDFM:monomodalStopPlace:44161,IDFM:monomodalStopPlace:47922,Directed,METRO,2,833333,44,529638,2,833333
IDFM:monomodalStopPlace:47922,IDFM:monomodalStopPlace:44161,Directed,METRO,2,833333,44,529638,2,833333
IDFM:monomodalStopPlace:45820,IDFM:monomodalStopPlace:47904,Directed,METRO,2,833333,35,565893,2,833333
IDFM:monomodalStopPlace:47904,IDFM:monomodalStopPlace:45820,Directed,METRO,2,833333,35,565893,2,833333
IDFM:monomodalStopPlace:46736,IDFM:monomodalStopPlace:47960,Directed,METRO,2,833333,42,457309,2,833333
IDFM:monomodalStopPlace:47960,IDFM:monomodalStopPlace:46736,Directed,METRO,2,833333,42,457309,2,833333
IDFM:monomodalStopPlace:46801,IDFM:monomodalStopPlace:51494,Directed,METRO,2,833333,39,396083,2,833333
IDFM:monomodalStopPlace:51494,IDFM:monomodalStopPlace:46801,Directed,METRO,2,833333,39,396083,2,833333
IDFM:monomodalStopPlace:47171,IDFM:471787,Directed,METRO,2,833333,24,775621,2,833333
IDFM:471787,IDFM:monomodalStopPlace:47171,Directed,METRO,2,833333,24,775621,2,833333
IDFM:monomodalStopPlace:47533,IDFM:monomodalStopPlace:411332,Directed,METRO,2,833333,42,534340,2,833333
IDFM:monomodalStopPlace:411332,IDFM:monomodalStopPlace:47533,Directed,METRO,2,833333,42,534340,2,833333
IDFM:monomodalStopPlace:47588,IDFM:monomodalStopPlace:47918,Directed,METRO,2,833333,42,692621,2,833333
IDFM:monomodalStopPlace:47918,IDFM:monomodalStopPlace:47588,Directed,METRO,2,833333,42,692621,2,833333
IDFM:monomodalStopPlace:47922,IDFM:monomodalStopPlace:47949,Directed,METRO,2,833333,43,286468,2,833333
IDFM:monomodalStopPlace:47949,IDFM:monomodalStopPlace:47922,Directed,METRO,2,833333,43,286468,2,833333
IDFM:monomodalStopPlace:47927,IDFM:monomodalStopPlace:43149,Directed,METRO,2,833333,42,791322,2,833333
IDFM:monomodalStopPlace:43149,IDFM:monomodalStopPlace:47927,Directed,METRO,2,833333,42,791322,2,833333
IDFM:monomodalStopPlace:47954,IDFM:monomodalStopPlace:47937,Directed,METRO,2,833333,26,535757,2,833333
IDFM:monomodalStopPlace:47937,IDFM:monomodalStopPlace:47954,Directed,METRO,2,833333,26,535757,2,833333
IDFM:monomodalStopPlace:47964,IDFM:monomodalStopPlace:54249,Directed,METRO,2,833333,33,432039,2,833333
IDFM:monomodalStopPlace:54249,IDFM:monomodalStopPlace:47964,Directed,METRO,2,833333,33,432039,2,833333
IDFM:21958,IDFM:463159,Directed,METRO,2,933333,13,240215,2,933333
IDFM:463159,IDFM:21958,Directed,METRO,2,933333,13,240215,2,933333
IDFM:41858,IDFM:41856,Directed,METRO,2,966667,4,088712,2,966667
IDFM:41856,IDFM:41858,Directed,METRO,2,966667,4,088712,2,966667
IDFM:472483,IDFM:monomodalStopPlace:427870,Directed,TRANSFER,2,983333,0,000000,2,983333
IDFM:monomodalStopPlace:427870,IDFM:472483,Directed,TRANSFER,2,983333,0,000000,2,983333
IDFM:21902,IDFM:22199,Directed,TRANSFER,3,000000,0,000000,3,000000
IDFM:22199,IDFM:21902,Directed,TRANSFER,3,000000,0,000000,3,000000
IDFM:22076,IDFM:22098,Directed,TRANSFER,3,000000,0,000000,3,000000
IDFM:22098,IDFM:22076,Directed,TRANSFER,3,000000,0,000000,3,000000
IDFM:22298,IDFM:25642,Directed,METRO,3,000000,5,754896,3,000000
IDFM:25642,IDFM:22298,Directed,METRO,3,000000,5,754896,3,000000
IDFM:2330,IDFM:2333,Directed,METRO,3,000000,4,625801,3,000000
IDFM:2333,IDFM:2330,Directed,METRO,3,000000,4,625801,3,000000
IDFM:24126,IDFM:478980,Directed,TRANSFER,3,000000,0,000000,3,000000
IDFM:478980,IDFM:24126,Directed,TRANSFER,3,000000,0,000000,3,000000
IDFM:24137,IDFM:monomodalStopPlace:45301,Directed,TRANSFER,3,000000,0,000000,3,000000
IDFM:monomodalStopPlace:45301,IDFM:24137,Directed,TRANSFER,3,000000,0,000000,3,000000
IDFM:24431,IDFM:42122,Directed,TRANSFER,3,000000,0,000000,3,000000
IDFM:42122,IDFM:24431,Directed,TRANSFER,3,000000,0,000000,3,000000
IDFM:28850,IDFM:28876,Directed,METRO,3,000000,3,034926,3,000000
IDFM:28876,IDFM:28850,Directed,METRO,3,000000,3,034926,3,000000
IDFM:42105,IDFM:42117,Directed,METRO,3,000000,3,166527,3,000000
IDFM:42117,IDFM:42105,Directed,METRO,3,000000,3,166527,3,000000
IDFM:42117,IDFM:42119,Directed,METRO,3,000000,3,323830,3,000000
IDFM:42119,IDFM:42117,Directed,METRO,3,000000,3,323830,3,000000
IDFM:42127,IDFM:470851,Directed,TRANSFER,3,000000,0,000000,3,000000
IDFM:470851,IDFM:42127,Directed,TRANSFER,3,000000,0,000000,3,000000
IDFM:462440,IDFM:462441,Directed,METRO,3,000000,4,882231,3,000000
IDFM:462441,IDFM:462440,Directed,METRO,3,000000,4,882231,3,000000
IDFM:463042,IDFM:463043,Directed,TRANSFER,3,000000,0,000000,3,000000
IDFM:463043,IDFM:463042,Directed,TRANSFER,3,000000,0,000000,3,000000
IDFM:470693,IDFM:472857,Directed,METRO,3,000000,4,803963,3,000000
IDFM:472857,IDFM:470693,Directed,METRO,3,000000,4,803963,3,000000
IDFM:470851,IDFM:471933,Directed,METRO,3,000000,9,017342,3,000000
IDFM:471933,IDFM:470851,Directed,METRO,3,000000,9,017342,3,000000
IDFM:471199,IDFM:471205,Directed,METRO,3,000000,49,201623,3,000000
IDFM:471205,IDFM:471199,Directed,METRO,3,000000,49,201623,3,000000
IDFM:471887,IDFM:472210,Directed,METRO,3,000000,9,173271,3,000000
IDFM:472210,IDFM:471887,Directed,METRO,3,000000,9,173271,3,000000
IDFM:472857,IDFM:478650,Directed,METRO,3,000000,2,742515,3,000000
IDFM:478650,IDFM:472857,Directed,METRO,3,000000,2,742515,3,000000
IDFM:477286,IDFM:478654,Directed,METRO,3,000000,2,631043,3,000000
IDFM:478654,IDFM:477286,Directed,METRO,3,000000,2,631043,3,000000
IDFM:478646,IDFM:478656,Directed,METRO,3,000000,3,626017,3,000000
IDFM:478656,IDFM:478646,Directed,METRO,3,000000,3,626017,3,000000
IDFM:480906,IDFM:480938,Directed,METRO,3,000000,14,870861,3,000000
IDFM:480938,IDFM:480906,Directed,METRO,3,000000,14,870861,3,000000
IDFM:481067,IDFM:monomodalStopPlace:43198,Directed,TRANSFER,3,000000,0,000000,3,000000
IDFM:monomodalStopPlace:43198,IDFM:481067,Directed,TRANSFER,3,000000,0,000000,3,000000
IDFM:481073,IDFM:480934,Directed,METRO,3,000000,12,244944,3,000000
IDFM:480934,IDFM:481073,Directed,METRO,3,000000,12,244944,3,000000
IDFM:486965,IDFM:486967,Directed,METRO,3,000000,6,594962,3,000000
IDFM:486967,IDFM:486965,Directed,METRO,3,000000,6,594962,3,000000
IDFM:486967,IDFM:486970,Directed,METRO,3,000000,10,775087,3,000000
IDFM:486970,IDFM:486967,Directed,METRO,3,000000,10,775087,3,000000
IDFM:486970,IDFM:486973,Directed,METRO,3,000000,5,040339,3,000000
IDFM:486973,IDFM:486970,Directed,METRO,3,000000,5,040339,3,000000
IDFM:492416,IDFM:492418,Directed,METRO,3,000000,8,709550,3,000000
IDFM:492418,IDFM:492416,Directed,METRO,3,000000,8,709550,3,000000
IDFM:492420,IDFM:492422,Directed,METRO,3,000000,14,754223,3,000000
IDFM:492422,IDFM:492420,Directed,METRO,3,000000,14,754223,3,000000
IDFM:monomodalStopPlace:43115,IDFM:monomodalStopPlace:45850,Directed,METRO,3,000000,26,522597,3,000000
IDFM:monomodalStopPlace:45850,IDFM:monomodalStopPlace:43115,Directed,METRO,3,000000,26,522597,3,000000
IDFM:monomodalStopPlace:43116,IDFM:monomodalStopPlace:43212,Directed,METRO,3,000000,49,763189,3,000000
IDFM:monomodalStopPlace:43212,IDFM:monomodalStopPlace:43116,Directed,METRO,3,000000,49,763189,3,000000
IDFM:monomodalStopPlace:43202,IDFM:monomodalStopPlace:43098,Directed,METRO,3,000000,45,837664,3,000000
IDFM:monomodalStopPlace:43098,IDFM:monomodalStopPlace:43202,Directed,METRO,3,000000,45,837664,3,000000
IDFM:monomodalStopPlace:43203,IDFM:monomodalStopPlace:43230,Directed,METRO,3,000000,26,948149,3,000000
IDFM:monomodalStopPlace:43230,IDFM:monomodalStopPlace:43203,Directed,METRO,3,000000,26,948149,3,000000
IDFM:monomodalStopPlace:43229,IDFM:monomodalStopPlace:47932,Directed,METRO,3,000000,47,840162,3,000000
IDFM:monomodalStopPlace:47932,IDFM:monomodalStopPlace:43229,Directed,METRO,3,000000,47,840162,3,000000
IDFM:monomodalStopPlace:44787,IDFM:monomodalStopPlace:46035,Directed,METRO,3,000000,42,778300,3,000000
IDFM:monomodalStopPlace:46035,IDFM:monomodalStopPlace:44787,Directed,METRO,3,000000,42,778300,3,000000
IDFM:monomodalStopPlace:45067,IDFM:monomodalStopPlace:45735,Directed,METRO,3,000000,48,530587,3,000000
IDFM:monomodalStopPlace:45735,IDFM:monomodalStopPlace:45067,Directed,METRO,3,000000,48,530587,3,000000
IDFM:monomodalStopPlace:46286,IDFM:monomodalStopPlace:46304,Directed,METRO,3,000000,42,051868,3,000000
IDFM:monomodalStopPlace:46304,IDFM:monomodalStopPlace:46286,Directed,METRO,3,000000,42,051868,3,000000
IDFM:monomodalStopPlace:46307,IDFM:monomodalStopPlace:43110,Directed,METRO,3,000000,41,162155,3,000000
IDFM:monomodalStopPlace:43110,IDFM:monomodalStopPlace:46307,Directed,METRO,3,000000,41,162155,3,000000
IDFM:monomodalStopPlace:47199,IDFM:monomodalStopPlace:47205,Directed,METRO,3,000000,41,026378,3,000000
IDFM:monomodalStopPlace:47205,IDFM:monomodalStopPlace:47199,Directed,METRO,3,000000,41,026378,3,000000
IDFM:monomodalStopPlace:47589,IDFM:monomodalStopPlace:47590,Directed,METRO,3,000000,48,008699,3,000000
IDFM:monomodalStopPlace:47590,IDFM:monomodalStopPlace:47589,Directed,METRO,3,000000,48,008699,3,000000
IDFM:monomodalStopPlace:47944,IDFM:monomodalStopPlace:46886,Directed,METRO,3,000000,49,428741,3,000000
IDFM:monomodalStopPlace:46886,IDFM:monomodalStopPlace:47944,Directed,METRO,3,000000,49,428741,3,000000
IDFM:monomodalStopPlace:47958,IDFM:monomodalStopPlace:411418,Directed,METRO,3,000000,46,100119,3,000000
IDFM:monomodalStopPlace:411418,IDFM:monomodalStopPlace:47958,Directed,METRO,3,000000,46,100119,3,000000
IDFM:41856,IDFM:2338,Directed,METRO,3,033333,4,490339,3,033333
IDFM:2338,IDFM:41856,Directed,METRO,3,033333,4,490339,3,033333
IDFM:486834,IDFM:monomodalStopPlace:46007,Directed,TRANSFER,3,100000,0,000000,3,100000
IDFM:monomodalStopPlace:46007,IDFM:486834,Directed,TRANSFER,3,100000,0,000000,3,100000
IDFM:22015,IDFM:463002,Directed,METRO,3,116667,10,590559,3,116667
IDFM:463002,IDFM:22015,Directed,METRO,3,116667,10,590559,3,116667
IDFM:22132,IDFM:462973,Directed,TRANSFER,3,116667,0,000000,3,116667
IDFM:462973,IDFM:22132,Directed,TRANSFER,3,116667,0,000000,3,116667
IDFM:41852,IDFM:2331,Directed,METRO,3,116667,4,035804,3,116667
IDFM:2331,IDFM:41852,Directed,METRO,3,116667,4,035804,3,116667
IDFM:monomodalStopPlace:43207,IDFM:monomodalStopPlace:58874,Directed,METRO,3,133333,57,353020,3,133333
IDFM:monomodalStopPlace:58874,IDFM:monomodalStopPlace:43207,Directed,METRO,3,133333,57,353020,3,133333
IDFM:monomodalStopPlace:411338,IDFM:monomodalStopPlace:59301,Directed,METRO,3,166667,34,948272,3,166667
IDFM:monomodalStopPlace:59301,IDFM:monomodalStopPlace:411338,Directed,METRO,3,166667,34,948272,3,166667
IDFM:monomodalStopPlace:42516,IDFM:monomodalStopPlace:47665,Directed,METRO,3,166667,49,436562,3,166667
IDFM:monomodalStopPlace:47665,IDFM:monomodalStopPlace:42516,Directed,METRO,3,166667,49,436562,3,166667
IDFM:monomodalStopPlace:43092,IDFM:monomodalStopPlace:43102,Directed,METRO,3,166667,48,483314,3,166667
IDFM:monomodalStopPlace:43102,IDFM:monomodalStopPlace:43092,Directed,METRO,3,166667,48,483314,3,166667
IDFM:monomodalStopPlace:43131,IDFM:monomodalStopPlace:462901,Directed,METRO,3,166667,54,204600,3,166667
IDFM:monomodalStopPlace:462901,IDFM:monomodalStopPlace:43131,Directed,METRO,3,166667,54,204600,3,166667
IDFM:monomodalStopPlace:43183,IDFM:monomodalStopPlace:43220,Directed,METRO,3,166667,23,485065,3,166667
IDFM:monomodalStopPlace:43220,IDFM:monomodalStopPlace:43183,Directed,METRO,3,166667,23,485065,3,166667
IDFM:monomodalStopPlace:43198,IDFM:monomodalStopPlace:43237,Directed,METRO,3,166667,28,039025,3,166667
IDFM:monomodalStopPlace:43237,IDFM:monomodalStopPlace:43198,Directed,METRO,3,166667,28,039025,3,166667
IDFM:monomodalStopPlace:46884,IDFM:monomodalStopPlace:46857,Directed,METRO,3,166667,51,991526,3,166667
IDFM:monomodalStopPlace:46857,IDFM:monomodalStopPlace:46884,Directed,METRO,3,166667,51,991526,3,166667
IDFM:monomodalStopPlace:47199,IDFM:monomodalStopPlace:47943,Directed,METRO,3,166667,52,207052,3,166667
IDFM:monomodalStopPlace:47943,IDFM:monomodalStopPlace:47199,Directed,METRO,3,166667,52,207052,3,166667
IDFM:monomodalStopPlace:47484,IDFM:monomodalStopPlace:47486,Directed,METRO,3,166667,44,244962,3,166667
IDFM:monomodalStopPlace:47486,IDFM:monomodalStopPlace:47484,Directed,METRO,3,166667,44,244962,3,166667
IDFM:monomodalStopPlace:47665,IDFM:monomodalStopPlace:47669,Directed,METRO,3,166667,53,797510,3,166667
IDFM:monomodalStopPlace:47669,IDFM:monomodalStopPlace:47665,Directed,METRO,3,166667,53,797510,3,166667
IDFM:monomodalStopPlace:47881,IDFM:monomodalStopPlace:54249,Directed,METRO,3,166667,43,115171,3,166667
IDFM:monomodalStopPlace:54249,IDFM:monomodalStopPlace:47881,Directed,METRO,3,166667,43,115171,3,166667
IDFM:monomodalStopPlace:47903,IDFM:monomodalStopPlace:46850,Directed,METRO,3,166667,54,494691,3,166667
IDFM:monomodalStopPlace:46850,IDFM:monomodalStopPlace:47903,Directed,METRO,3,166667,54,494691,3,166667
IDFM:monomodalStopPlace:47905,IDFM:monomodalStopPlace:43159,Directed,METRO,3,166667,51,504224,3,166667
IDFM:monomodalStopPlace:43159,IDFM:monomodalStopPlace:47905,Directed,METRO,3,166667,51,504224,3,166667
IDFM:462942,IDFM:monomodalStopPlace:473875,Directed,TRANSFER,3,216667,0,000000,3,216667
IDFM:monomodalStopPlace:473875,IDFM:462942,Directed,TRANSFER,3,216667,0,000000,3,216667
IDFM:25643,IDFM:23444,Directed,METRO,3,233333,7,917682,3,233333
IDFM:23444,IDFM:25643,Directed,METRO,3,233333,7,917682,3,233333
IDFM:25635,IDFM:monomodalStopPlace:462357,Directed,TRANSFER,3,250000,0,000000,3,250000
IDFM:monomodalStopPlace:462357,IDFM:25635,Directed,TRANSFER,3,250000,0,000000,3,250000
IDFM:22373,IDFM:24126,Directed,TRANSFER,3,316667,0,000000,3,316667
IDFM:24126,IDFM:22373,Directed,TRANSFER,3,316667,0,000000,3,316667
IDFM:monomodalStopPlace:411332,IDFM:monomodalStopPlace:411326,Directed,METRO,3,333333,59,970580,3,333333
IDFM:monomodalStopPlace:411326,IDFM:monomodalStopPlace:411332,Directed,METRO,3,333333,59,970580,3,333333
IDFM:monomodalStopPlace:411381,IDFM:monomodalStopPlace:411384,Directed,METRO,3,333333,56,293455,3,333333
IDFM:monomodalStopPlace:411384,IDFM:monomodalStopPlace:411381,Directed,METRO,3,333333,56,293455,3,333333
IDFM:monomodalStopPlace:43107,IDFM:monomodalStopPlace:43123,Directed,METRO,3,333333,57,542510,3,333333
IDFM:monomodalStopPlace:43123,IDFM:monomodalStopPlace:43107,Directed,METRO,3,333333,57,542510,3,333333
IDFM:monomodalStopPlace:43137,IDFM:monomodalStopPlace:46897,Directed,METRO,3,333333,62,745502,3,333333
IDFM:monomodalStopPlace:46897,IDFM:monomodalStopPlace:43137,Directed,METRO,3,333333,62,745502,3,333333
IDFM:monomodalStopPlace:43217,IDFM:monomodalStopPlace:46926,Directed,METRO,3,333333,60,039964,3,333333
IDFM:monomodalStopPlace:46926,IDFM:monomodalStopPlace:43217,Directed,METRO,3,333333,60,039964,3,333333
IDFM:monomodalStopPlace:43229,IDFM:monomodalStopPlace:43235,Directed,METRO,3,333333,56,210049,3,333333
IDFM:monomodalStopPlace:43235,IDFM:monomodalStopPlace:43229,Directed,METRO,3,333333,56,210049,3,333333
IDFM:monomodalStopPlace:45784,IDFM:monomodalStopPlace:42516,Directed,METRO,3,333333,52,200736,3,333333
IDFM:monomodalStopPlace:42516,IDFM:monomodalStopPlace:45784,Directed,METRO,3,333333,52,200736,3,333333
IDFM:monomodalStopPlace:462901,IDFM:monomodalStopPlace:46568,Directed,METRO,3,333333,56,681205,3,333333
IDFM:monomodalStopPlace:46568,IDFM:monomodalStopPlace:462901,Directed,METRO,3,333333,56,681205,3,333333
IDFM:monomodalStopPlace:47125,IDFM:monomodalStopPlace:47124,Directed,METRO,3,333333,48,993745,3,333333
IDFM:monomodalStopPlace:47124,IDFM:monomodalStopPlace:47125,Directed,METRO,3,333333,48,993745,3,333333
IDFM:monomodalStopPlace:47130,IDFM:monomodalStopPlace:47961,Directed,METRO,3,333333,45,823604,3,333333
IDFM:monomodalStopPlace:47961,IDFM:monomodalStopPlace:47130,Directed,METRO,3,333333,45,823604,3,333333
IDFM:monomodalStopPlace:47875,IDFM:monomodalStopPlace:43189,Directed,METRO,3,333333,38,216253,3,333333
IDFM:monomodalStopPlace:43189,IDFM:monomodalStopPlace:47875,Directed,METRO,3,333333,38,216253,3,333333
IDFM:monomodalStopPlace:47884,IDFM:monomodalStopPlace:43221,Directed,METRO,3,333333,55,916913,3,333333
IDFM:monomodalStopPlace:43221,IDFM:monomodalStopPlace:47884,Directed,METRO,3,333333,55,916913,3,333333
IDFM:monomodalStopPlace:47952,IDFM:monomodalStopPlace:47950,Directed,METRO,3,333333,62,946371,3,333333
IDFM:monomodalStopPlace:47950,IDFM:monomodalStopPlace:47952,Directed,METRO,3,333333,62,946371,3,333333
IDFM:35927,IDFM:473828,Directed,TRANSFER,3,416667,0,000000,3,416667
IDFM:473828,IDFM:35927,Directed,TRANSFER,3,416667,0,000000,3,416667
IDFM:monomodalStopPlace:43099,IDFM:monomodalStopPlace:47952,Directed,METRO,3,500000,51,724978,3,500000
IDFM:monomodalStopPlace:47952,IDFM:monomodalStopPlace:43099,Directed,METRO,3,500000,51,724978,3,500000
IDFM:monomodalStopPlace:43144,IDFM:monomodalStopPlace:43218,Directed,METRO,3,500000,58,577387,3,500000
IDFM:monomodalStopPlace:43218,IDFM:monomodalStopPlace:43144,Directed,METRO,3,500000,58,577387,3,500000
IDFM:monomodalStopPlace:45814,IDFM:monomodalStopPlace:45824,Directed,METRO,3,500000,52,268365,3,500000
IDFM:monomodalStopPlace:45824,IDFM:monomodalStopPlace:45814,Directed,METRO,3,500000,52,268365,3,500000
IDFM:monomodalStopPlace:47181,IDFM:monomodalStopPlace:47174,Directed,METRO,3,500000,23,043112,3,500000
IDFM:monomodalStopPlace:47174,IDFM:monomodalStopPlace:47181,Directed,METRO,3,500000,23,043112,3,500000
IDFM:monomodalStopPlace:47447,IDFM:monomodalStopPlace:43079,Directed,METRO,3,500000,34,053703,3,500000
IDFM:monomodalStopPlace:43079,IDFM:monomodalStopPlace:47447,Directed,METRO,3,500000,34,053703,3,500000
IDFM:monomodalStopPlace:47876,IDFM:monomodalStopPlace:43222,Directed,METRO,3,500000,66,759487,3,500000
IDFM:monomodalStopPlace:43222,IDFM:monomodalStopPlace:47876,Directed,METRO,3,500000,66,759487,3,500000
IDFM:monomodalStopPlace:47930,IDFM:monomodalStopPlace:47949,Directed,METRO,3,500000,63,694839,3,500000
IDFM:monomodalStopPlace:47949,IDFM:monomodalStopPlace:47930,Directed,METRO,3,500000,63,694839,3,500000
IDFM:22395,IDFM:24426,Directed,TRANSFER,3,533333,0,000000,3,533333
IDFM:24426,IDFM:22395,Directed,TRANSFER,3,533333,0,000000,3,533333
IDFM:monomodalStopPlace:43213,IDFM:monomodalStopPlace:58874,Directed,METRO,3,550000,70,268415,3,550000
IDFM:monomodalStopPlace:58874,IDFM:monomodalStopPlace:43213,Directed,METRO,3,550000,70,268415,3,550000
IDFM:422040,IDFM:monomodalStopPlace:46689,Directed,TRANSFER,3,583333,0,000000,3,583333
IDFM:monomodalStopPlace:46689,IDFM:422040,Directed,TRANSFER,3,583333,0,000000,3,583333
IDFM:22400,IDFM:29903,Directed,TRANSFER,3,616667,0,000000,3,616667
IDFM:29903,IDFM:22400,Directed,TRANSFER,3,616667,0,000000,3,616667
IDFM:monomodalStopPlace:411348,IDFM:monomodalStopPlace:47930,Directed,METRO,3,666667,64,163277,3,666667
IDFM:monomodalStopPlace:47930,IDFM:monomodalStopPlace:411348,Directed,METRO,3,666667,64,163277,3,666667
IDFM:monomodalStopPlace:45812,IDFM:monomodalStopPlace:45814,Directed,METRO,3,666667,47,135676,3,666667
IDFM:monomodalStopPlace:45814,IDFM:monomodalStopPlace:45812,Directed,METRO,3,666667,47,135676,3,666667
IDFM:monomodalStopPlace:46850,IDFM:monomodalStopPlace:46847,Directed,METRO,3,666667,66,942159,3,666667
IDFM:monomodalStopPlace:46847,IDFM:monomodalStopPlace:46850,Directed,METRO,3,666667,66,942159,3,666667
IDFM:monomodalStopPlace:47603,IDFM:monomodalStopPlace:47447,Directed,METRO,3,666667,66,411276,3,666667
IDFM:monomodalStopPlace:47447,IDFM:monomodalStopPlace:47603,Directed,METRO,3,666667,66,411276,3,666667
IDFM:monomodalStopPlace:47899,IDFM:monomodalStopPlace:45761,Directed,METRO,3,666667,50,257211,3,666667
IDFM:monomodalStopPlace:45761,IDFM:monomodalStopPlace:47899,Directed,METRO,3,666667,50,257211,3,666667
IDFM:monomodalStopPlace:47966,IDFM:monomodalStopPlace:47964,Directed,METRO,3,666667,67,970546,3,666667
IDFM:monomodalStopPlace:47964,IDFM:monomodalStopPlace:47966,Directed,METRO,3,666667,67,970546,3,666667
IDFM:479383,IDFM:monomodalStopPlace:43251,Directed,TRANSFER,3,700000,0,000000,3,700000
IDFM:monomodalStopPlace:43251,IDFM:479383,Directed,TRANSFER,3,700000,0,000000,3,700000
IDFM:42120,IDFM:463301,Directed,TRANSFER,3,750000,0,000000,3,750000
IDFM:463301,IDFM:42120,Directed,TRANSFER,3,750000,0,000000,3,750000
IDFM:22015,IDFM:22625,Directed,TRANSFER,3,783333,0,000000,3,783333
IDFM:22625,IDFM:22015,Directed,TRANSFER,3,783333,0,000000,3,783333
IDFM:35927,IDFM:35926,Directed,METRO,3,816667,8,385047,3,816667
IDFM:35926,IDFM:35927,Directed,METRO,3,816667,8,385047,3,816667
IDFM:monomodalStopPlace:43098,IDFM:monomodalStopPlace:47939,Directed,METRO,3,833333,44,483515,3,833333
IDFM:monomodalStopPlace:47939,IDFM:monomodalStopPlace:43098,Directed,METRO,3,833333,44,483515,3,833333
IDFM:monomodalStopPlace:43115,IDFM:monomodalStopPlace:45761,Directed,METRO,3,833333,41,467124,3,833333
IDFM:monomodalStopPlace:45761,IDFM:monomodalStopPlace:43115,Directed,METRO,3,833333,41,467124,3,833333
IDFM:monomodalStopPlace:43159,IDFM:monomodalStopPlace:43098,Directed,METRO,3,833333,65,510589,3,833333
IDFM:monomodalStopPlace:43098,IDFM:monomodalStopPlace:43159,Directed,METRO,3,833333,65,510589,3,833333
IDFM:monomodalStopPlace:43178,IDFM:monomodalStopPlace:47590,Directed,METRO,3,833333,40,122749,3,833333
IDFM:monomodalStopPlace:47590,IDFM:monomodalStopPlace:43178,Directed,METRO,3,833333,40,122749,3,833333
IDFM:monomodalStopPlace:45067,IDFM:monomodalStopPlace:47684,Directed,METRO,3,833333,37,071566,3,833333
IDFM:monomodalStopPlace:47684,IDFM:monomodalStopPlace:45067,Directed,METRO,3,833333,37,071566,3,833333
IDFM:monomodalStopPlace:45771,IDFM:monomodalStopPlace:47669,Directed,METRO,3,833333,66,106693,3,833333
IDFM:monomodalStopPlace:47669,IDFM:monomodalStopPlace:45771,Directed,METRO,3,833333,66,106693,3,833333
IDFM:monomodalStopPlace:47174,IDFM:monomodalStopPlace:47171,Directed,METRO,3,833333,41,224985,3,833333
IDFM:monomodalStopPlace:47171,IDFM:monomodalStopPlace:47174,Directed,METRO,3,833333,41,224985,3,833333
IDFM:monomodalStopPlace:47881,IDFM:monomodalStopPlace:43070,Directed,METRO,3,833333,73,818484,3,833333
IDFM:monomodalStopPlace:43070,IDFM:monomodalStopPlace:47881,Directed,METRO,3,833333,73,818484,3,833333
IDFM:monomodalStopPlace:47903,IDFM:monomodalStopPlace:47921,Directed,METRO,3,833333,68,625640,3,833333
IDFM:monomodalStopPlace:47921,IDFM:monomodalStopPlace:47903,Directed,METRO,3,833333,68,625640,3,833333
IDFM:monomodalStopPlace:47942,IDFM:monomodalStopPlace:47205,Directed,METRO,3,833333,58,428155,3,833333
IDFM:monomodalStopPlace:47205,IDFM:monomodalStopPlace:47942,Directed,METRO,3,833333,58,428155,3,833333
IDFM:monomodalStopPlace:47961,IDFM:monomodalStopPlace:47911,Directed,METRO,3,833333,52,590952,3,833333
IDFM:monomodalStopPlace:47911,IDFM:monomodalStopPlace:47961,Directed,METRO,3,833333,52,590952,3,833333
IDFM:41853,IDFM:422038,Directed,METRO,3,850000,9,157036,3,850000
IDFM:422038,IDFM:41853,Directed,METRO,3,850000,9,157036,3,850000
IDFM:472986,IDFM:monomodalStopPlace:43077,Directed,TRANSFER,3,883333,0,000000,3,883333
IDFM:monomodalStopPlace:43077,IDFM:472986,Directed,TRANSFER,3,883333,0,000000,3,883333
IDFM:22007,IDFM:monomodalStopPlace:58572,Directed,TRANSFER,4,000000,0,000000,4,000000
IDFM:monomodalStopPlace:58572,IDFM:22007,Directed,TRANSFER,4,000000,0,000000,4,000000
IDFM:22021,IDFM:monomodalStopPlace:44314,Directed,TRANSFER,4,000000,0,000000,4,000000
IDFM:monomodalStopPlace:44314,IDFM:22021,Directed,TRANSFER,4,000000,0,000000,4,000000
IDFM:22030,IDFM:monomodalStopPlace:45873,Directed,TRANSFER,4,000000,0,000000,4,000000
IDFM:monomodalStopPlace:45873,IDFM:22030,Directed,TRANSFER,4,000000,0,000000,4,000000
IDFM:42117,IDFM:42133,Directed,METRO,4,000000,2,793170,4,000000
IDFM:42133,IDFM:42117,Directed,METRO,4,000000,2,793170,4,000000
IDFM:471205,IDFM:472379,Directed,METRO,4,000000,66,325113,4,000000
IDFM:472379,IDFM:471205,Directed,METRO,4,000000,66,325113,4,000000
IDFM:471264,IDFM:472483,Directed,METRO,4,000000,67,498907,4,000000
IDFM:472483,IDFM:471264,Directed,METRO,4,000000,67,498907,4,000000
IDFM:471933,IDFM:monomodalStopPlace:43179,Directed,TRANSFER,4,000000,0,000000,4,000000
IDFM:monomodalStopPlace:43179,IDFM:471933,Directed,TRANSFER,4,000000,0,000000,4,000000
IDFM:480340,IDFM:monomodalStopPlace:45493,Directed,TRANSFER,4,000000,0,000000,4,000000
IDFM:monomodalStopPlace:45493,IDFM:480340,Directed,TRANSFER,4,000000,0,000000,4,000000
IDFM:480925,IDFM:480928,Directed,METRO,4,000000,6,697517,4,000000
IDFM:480928,IDFM:480925,Directed,METRO,4,000000,6,697517,4,000000
IDFM:481067,IDFM:480925,Directed,METRO,4,000000,8,397329,4,000000
IDFM:480925,IDFM:481067,Directed,METRO,4,000000,8,397329,4,000000
IDFM:486978,IDFM:486898,Directed,METRO,4,000000,7,517651,4,000000
IDFM:486898,IDFM:486978,Directed,METRO,4,000000,7,517651,4,000000
IDFM:490793,IDFM:monomodalStopPlace:42356,Directed,TRANSFER,4,000000,0,000000,4,000000
IDFM:monomodalStopPlace:42356,IDFM:490793,Directed,TRANSFER,4,000000,0,000000,4,000000
IDFM:monomodalStopPlace:411338,IDFM:monomodalStopPlace:411345,Directed,METRO,4,000000,65,335481,4,000000
IDFM:monomodalStopPlace:411345,IDFM:monomodalStopPlace:411338,Directed,METRO,4,000000,65,335481,4,000000
IDFM:monomodalStopPlace:411342,IDFM:monomodalStopPlace:411345,Directed,METRO,4,000000,71,996675,4,000000
IDFM:monomodalStopPlace:411345,IDFM:monomodalStopPlace:411342,Directed,METRO,4,000000,71,996675,4,000000
IDFM:monomodalStopPlace:411464,IDFM:monomodalStopPlace:411461,Directed,METRO,4,000000,67,330233,4,000000
IDFM:monomodalStopPlace:411461,IDFM:monomodalStopPlace:411464,Directed,METRO,4,000000,67,330233,4,000000
IDFM:monomodalStopPlace:43106,IDFM:monomodalStopPlace:47136,Directed,METRO,4,000000,60,320471,4,000000
IDFM:monomodalStopPlace:47136,IDFM:monomodalStopPlace:43106,Directed,METRO,4,000000,60,320471,4,000000
IDFM:monomodalStopPlace:43178,IDFM:monomodalStopPlace:47530,Directed,METRO,4,000000,23,311844,4,000000
IDFM:monomodalStopPlace:47530,IDFM:monomodalStopPlace:43178,Directed,METRO,4,000000,23,311844,4,000000
IDFM:monomodalStopPlace:43178,IDFM:monomodalStopPlace:47533,Directed,METRO,4,000000,49,814747,4,000000
IDFM:monomodalStopPlace:47533,IDFM:monomodalStopPlace:43178,Directed,METRO,4,000000,49,814747,4,000000
IDFM:monomodalStopPlace:47883,IDFM:monomodalStopPlace:43163,Directed,METRO,4,000000,60,863309,4,000000
IDFM:monomodalStopPlace:43163,IDFM:monomodalStopPlace:47883,Directed,METRO,4,000000,60,863309,4,000000
IDFM:24108,IDFM:463051,Directed,TRANSFER,4,050000,0,000000,4,050000
IDFM:463051,IDFM:24108,Directed,TRANSFER,4,050000,0,000000,4,050000
IDFM:22208,IDFM:24138,Directed,TRANSFER,4,083333,0,000000,4,083333
IDFM:24138,IDFM:22208,Directed,TRANSFER,4,083333,0,000000,4,083333
IDFM:22367,IDFM:471604,Directed,TRANSFER,4,083333,0,000000,4,083333
IDFM:471604,IDFM:22367,Directed,TRANSFER,4,083333,0,000000,4,083333
IDFM:22087,IDFM:21966,Directed,TRANSFER,4,166667,0,000000,4,166667
IDFM:21966,IDFM:22087,Directed,TRANSFER,4,166667,0,000000,4,166667
IDFM:472625,IDFM:monomodalStopPlace:479059,Directed,METRO,4,166667,77,476891,4,166667
IDFM:monomodalStopPlace:479059,IDFM:472625,Directed,METRO,4,166667,77,476891,4,166667
IDFM:monomodalStopPlace:411421,IDFM:monomodalStopPlace:411428,Directed,METRO,4,166667,82,602761,4,166667
IDFM:monomodalStopPlace:411428,IDFM:monomodalStopPlace:411421,Directed,METRO,4,166667,82,602761,4,166667
IDFM:monomodalStopPlace:43106,IDFM:monomodalStopPlace:43218,Directed,METRO,4,166667,55,563434,4,166667
IDFM:monomodalStopPlace:43218,IDFM:monomodalStopPlace:43106,Directed,METRO,4,166667,55,563434,4,166667
IDFM:monomodalStopPlace:43156,IDFM:monomodalStopPlace:47895,Directed,METRO,4,166667,66,442024,4,166667
IDFM:monomodalStopPlace:47895,IDFM:monomodalStopPlace:43156,Directed,METRO,4,166667,66,442024,4,166667
IDFM:monomodalStopPlace:47491,IDFM:monomodalStopPlace:411375,Directed,METRO,4,166667,69,667795,4,166667
IDFM:monomodalStopPlace:411375,IDFM:monomodalStopPlace:47491,Directed,METRO,4,166667,69,667795,4,166667
IDFM:monomodalStopPlace:58955,IDFM:monomodalStopPlace:47118,Directed,METRO,4,166667,59,402315,4,166667
IDFM:monomodalStopPlace:47118,IDFM:monomodalStopPlace:58955,Directed,METRO,4,166667,59,402315,4,166667
IDFM:471744,IDFM:monomodalStopPlace:47950,Directed,METRO,4,333333,62,907731,4,333333
IDFM:monomodalStopPlace:47950,IDFM:471744,Directed,METRO,4,333333,62,907731,4,333333
IDFM:monomodalStopPlace:411405,IDFM:monomodalStopPlace:411390,Directed,METRO,4,333333,88,514694,4,333333
IDFM:monomodalStopPlace:411390,IDFM:monomodalStopPlace:411405,Directed,METRO,4,333333,88,514694,4,333333
IDFM:monomodalStopPlace:43087,IDFM:monomodalStopPlace:43142,Directed,METRO,4,333333,73,960172,4,333333
IDFM:monomodalStopPlace:43142,IDFM:monomodalStopPlace:43087,Directed,METRO,4,333333,73,960172,4,333333
IDFM:monomodalStopPlace:43123,IDFM:monomodalStopPlace:47145,Directed,METRO,4,333333,71,006869,4,333333
IDFM:monomodalStopPlace:47145,IDFM:monomodalStopPlace:43123,Directed,METRO,4,333333,71,006869,4,333333
IDFM:monomodalStopPlace:43161,IDFM:monomodalStopPlace:47962,Directed,METRO,4,333333,79,075959,4,333333
IDFM:monomodalStopPlace:47962,IDFM:monomodalStopPlace:43161,Directed,METRO,4,333333,79,075959,4,333333
IDFM:monomodalStopPlace:44628,IDFM:monomodalStopPlace:47958,Directed,METRO,4,333333,82,610454,4,333333
IDFM:monomodalStopPlace:47958,IDFM:monomodalStopPlace:44628,Directed,METRO,4,333333,82,610454,4,333333
IDFM:470874,IDFM:monomodalStopPlace:43078,Directed,TRANSFER,4,366667,0,000000,4,366667
IDFM:monomodalStopPlace:43078,IDFM:470874,Directed,TRANSFER,4,366667,0,000000,4,366667
IDFM:29900,IDFM:monomodalStopPlace:44787,Directed,TRANSFER,4,483333,0,000000,4,483333
IDFM:monomodalStopPlace:44787,IDFM:29900,Directed,TRANSFER,4,483333,0,000000,4,483333
IDFM:471320,IDFM:471097,Directed,METRO,4,500000,55,011170,4,500000
IDFM:471097,IDFM:471320,Directed,METRO,4,500000,55,011170,4,500000
IDFM:471383,IDFM:472678,Directed,METRO,4,500000,69,284944,4,500000
IDFM:472678,IDFM:471383,Directed,METRO,4,500000,69,284944,4,500000
IDFM:monomodalStopPlace:411455,IDFM:monomodalStopPlace:411476,Directed,METRO,4,500000,82,571578,4,500000
IDFM:monomodalStopPlace:411476,IDFM:monomodalStopPlace:411455,Directed,METRO,4,500000,82,571578,4,500000
IDFM:monomodalStopPlace:47935,IDFM:monomodalStopPlace:47959,Directed,METRO,4,500000,86,546910,4,500000
IDFM:monomodalStopPlace:47959,IDFM:monomodalStopPlace:47935,Directed,METRO,4,500000,86,546910,4,500000
IDFM:monomodalStopPlace:411396,IDFM:monomodalStopPlace:411387,Directed,METRO,4,666667,70,234221,4,666667
IDFM:monomodalStopPlace:411387,IDFM:monomodalStopPlace:411396,Directed,METRO,4,666667,70,234221,4,666667
IDFM:monomodalStopPlace:47878,IDFM:monomodalStopPlace:462398,Directed,METRO,4,666667,74,735996,4,666667
IDFM:monomodalStopPlace:462398,IDFM:monomodalStopPlace:47878,Directed,METRO,4,666667,74,735996,4,666667
IDFM:monomodalStopPlace:47928,IDFM:472386,Directed,METRO,4,666667,102,701720,4,666667
IDFM:472386,IDFM:monomodalStopPlace:47928,Directed,METRO,4,666667,102,701720,4,666667
IDFM:463259,IDFM:21929,Directed,METRO,4,750000,13,263057,4,750000
IDFM:21929,IDFM:463259,Directed,METRO,4,750000,13,263057,4,750000
IDFM:monomodalStopPlace:411495,IDFM:monomodalStopPlace:47935,Directed,METRO,4,833333,101,557080,4,833333
IDFM:monomodalStopPlace:47935,IDFM:monomodalStopPlace:411495,Directed,METRO,4,833333,101,557080,4,833333
IDFM:monomodalStopPlace:43087,IDFM:monomodalStopPlace:47899,Directed,METRO,4,833333,89,510033,4,833333
IDFM:monomodalStopPlace:47899,IDFM:monomodalStopPlace:43087,Directed,METRO,4,833333,89,510033,4,833333
IDFM:monomodalStopPlace:43247,IDFM:monomodalStopPlace:47942,Directed,METRO,4,833333,95,020596,4,833333
IDFM:monomodalStopPlace:47942,IDFM:monomodalStopPlace:43247,Directed,METRO,4,833333,95,020596,4,833333
IDFM:10219,IDFM:monomodalStopPlace:473364,Directed,TRANSFER,5,000000,0,000000,5,000000
IDFM:monomodalStopPlace:473364,IDFM:10219,Directed,TRANSFER,5,000000,0,000000,5,000000
IDFM:42102,IDFM:472986,Directed,TRANSFER,5,000000,0,000000,5,000000
IDFM:472986,IDFM:42102,Directed,TRANSFER,5,000000,0,000000,5,000000
IDFM:472678,IDFM:471320,Directed,METRO,5,000000,61,777275,5,000000
IDFM:471320,IDFM:472678,Directed,METRO,5,000000,61,777275,5,000000
IDFM:472945,IDFM:470812,Directed,METRO,5,000000,80,766721,5,000000
IDFM:470812,IDFM:472945,Directed,METRO,5,000000,80,766721,5,000000
IDFM:monomodalStopPlace:411387,IDFM:monomodalStopPlace:411390,Directed,METRO,5,000000,102,030290,5,000000
IDFM:monomodalStopPlace:411390,IDFM:monomodalStopPlace:411387,Directed,METRO,5,000000,102,030290,5,000000
IDFM:monomodalStopPlace:411405,IDFM:monomodalStopPlace:46736,Directed,METRO,5,000000,111,508002,5,000000
IDFM:monomodalStopPlace:46736,IDFM:monomodalStopPlace:411405,Directed,METRO,5,000000,111,508002,5,000000
IDFM:monomodalStopPlace:411452,IDFM:monomodalStopPlace:411455,Directed,METRO,5,000000,98,207223,5,000000
IDFM:monomodalStopPlace:411455,IDFM:monomodalStopPlace:411452,Directed,METRO,5,000000,98,207223,5,000000
IDFM:monomodalStopPlace:411473,IDFM:monomodalStopPlace:411476,Directed,METRO,5,000000,93,713700,5,000000
IDFM:monomodalStopPlace:411476,IDFM:monomodalStopPlace:411473,Directed,METRO,5,000000,93,713700,5,000000
IDFM:monomodalStopPlace:411488,IDFM:monomodalStopPlace:58955,Directed,METRO,5,000000,82,410198,5,000000
IDFM:monomodalStopPlace:58955,IDFM:monomodalStopPlace:411488,Directed,METRO,5,000000,82,410198,5,000000
IDFM:monomodalStopPlace:43169,IDFM:monomodalStopPlace:487011,Directed,TRANSFER,5,000000,0,000000,5,000000
IDFM:monomodalStopPlace:487011,IDFM:monomodalStopPlace:43169,Directed,TRANSFER,5,000000,0,000000,5,000000
IDFM:monomodalStopPlace:46847,IDFM:monomodalStopPlace:47885,Directed,METRO,5,000000,73,165770,5,000000
IDFM:monomodalStopPlace:47885,IDFM:monomodalStopPlace:46847,Directed,METRO,5,000000,73,165770,5,000000
IDFM:monomodalStopPlace:46857,IDFM:monomodalStopPlace:47885,Directed,METRO,5,000000,83,085501,5,000000
IDFM:monomodalStopPlace:47885,IDFM:monomodalStopPlace:46857,Directed,METRO,5,000000,83,085501,5,000000
IDFM:monomodalStopPlace:47184,IDFM:monomodalStopPlace:47187,Directed,METRO,5,000000,80,988216,5,000000
IDFM:monomodalStopPlace:47187,IDFM:monomodalStopPlace:47184,Directed,METRO,5,000000,80,988216,5,000000
IDFM:monomodalStopPlace:47928,IDFM:monomodalStopPlace:47962,Directed,METRO,5,000000,78,918994,5,000000
IDFM:monomodalStopPlace:47962,IDFM:monomodalStopPlace:47928,Directed,METRO,5,000000,78,918994,5,000000
IDFM:monomodalStopPlace:47962,IDFM:monomodalStopPlace:47484,Directed,METRO,5,000000,84,964432,5,000000
IDFM:monomodalStopPlace:47484,IDFM:monomodalStopPlace:47962,Directed,METRO,5,000000,84,964432,5,000000
IDFM:monomodalStopPlace:411485,IDFM:monomodalStopPlace:43092,Directed,METRO,5,166667,78,416785,5,166667
IDFM:monomodalStopPlace:43092,IDFM:monomodalStopPlace:411485,Directed,METRO,5,166667,78,416785,5,166667
IDFM:monomodalStopPlace:43117,IDFM:monomodalStopPlace:47943,Directed,METRO,5,166667,40,549151,5,166667
IDFM:monomodalStopPlace:47943,IDFM:monomodalStopPlace:43117,Directed,METRO,5,166667,40,549151,5,166667
IDFM:monomodalStopPlace:43142,IDFM:monomodalStopPlace:47895,Directed,METRO,5,166667,84,295710,5,166667
IDFM:monomodalStopPlace:47895,IDFM:monomodalStopPlace:43142,Directed,METRO,5,166667,84,295710,5,166667
IDFM:471897,IDFM:monomodalStopPlace:43081,Directed,METRO,5,333333,96,509173,5,333333
IDFM:monomodalStopPlace:43081,IDFM:471897,Directed,METRO,5,333333,96,509173,5,333333
IDFM:monomodalStopPlace:427870,IDFM:monomodalStopPlace:43235,Directed,METRO,5,333333,81,914966,5,333333
IDFM:monomodalStopPlace:43235,IDFM:monomodalStopPlace:427870,Directed,METRO,5,333333,81,914966,5,333333
IDFM:monomodalStopPlace:47654,IDFM:monomodalStopPlace:47911,Directed,METRO,5,333333,100,005229,5,333333
IDFM:monomodalStopPlace:47911,IDFM:monomodalStopPlace:47654,Directed,METRO,5,333333,100,005229,5,333333
IDFM:21962,IDFM:471341,Directed,TRANSFER,5,433333,0,000000,5,433333
IDFM:471341,IDFM:21962,Directed,TRANSFER,5,433333,0,000000,5,433333
IDFM:471264,IDFM:473004,Directed,METRO,5,500000,100,951851,5,500000
IDFM:473004,IDFM:471264,Directed,METRO,5,500000,100,951851,5,500000
IDFM:monomodalStopPlace:43168,IDFM:monomodalStopPlace:47946,Directed,METRO,5,500000,82,962000,5,500000
IDFM:monomodalStopPlace:47946,IDFM:monomodalStopPlace:43168,Directed,METRO,5,500000,82,962000,5,500000
IDFM:monomodalStopPlace:47322,IDFM:monomodalStopPlace:427872,Directed,METRO,5,500000,112,057372,5,500000
IDFM:monomodalStopPlace:427872,IDFM:monomodalStopPlace:47322,Directed,METRO,5,500000,112,057372,5,500000
IDFM:monomodalStopPlace:47482,IDFM:472386,Directed,METRO,5,500000,104,411132,5,500000
IDFM:472386,IDFM:monomodalStopPlace:47482,Directed,METRO,5,500000,104,411132,5,500000
IDFM:21983,IDFM:463237,Directed,METRO,5,600000,0,636549,5,600000
IDFM:463237,IDFM:21983,Directed,METRO,5,600000,0,636549,5,600000
IDFM:470688,IDFM:monomodalStopPlace:43231,Directed,TRANSFER,5,616667,0,000000,5,616667
IDFM:monomodalStopPlace:43231,IDFM:470688,Directed,TRANSFER,5,616667,0,000000,5,616667
IDFM:486898,IDFM:monomodalStopPlace:43076,Directed,TRANSFER,5,783333,0,000000,5,783333
IDFM:monomodalStopPlace:43076,IDFM:486898,Directed,TRANSFER,5,783333,0,000000,5,783333
IDFM:monomodalStopPlace:411372,IDFM:monomodalStopPlace:411375,Directed,METRO,5,833333,83,687612,5,833333
IDFM:monomodalStopPlace:411375,IDFM:monomodalStopPlace:411372,Directed,METRO,5,833333,83,687612,5,833333
IDFM:monomodalStopPlace:47118,IDFM:monomodalStopPlace:47119,Directed,METRO,5,833333,82,847893,5,833333
IDFM:monomodalStopPlace:47119,IDFM:monomodalStopPlace:47118,Directed,METRO,5,833333,82,847893,5,833333
IDFM:463023,IDFM:471335,Directed,TRANSFER,5,866667,0,000000,5,866667
IDFM:471335,IDFM:463023,Directed,TRANSFER,5,866667,0,000000,5,866667
IDFM:470928,IDFM:471056,Directed,METRO,6,000000,105,599002,6,000000
IDFM:471056,IDFM:470928,Directed,METRO,6,000000,105,599002,6,000000
IDFM:monomodalStopPlace:43161,IDFM:monomodalStopPlace:47322,Directed,METRO,6,000000,107,093387,6,000000
IDFM:monomodalStopPlace:47322,IDFM:monomodalStopPlace:43161,Directed,METRO,6,000000,107,093387,6,000000
IDFM:478985,IDFM:monomodalStopPlace:46298,Directed,TRANSFER,6,050000,0,000000,6,050000
IDFM:monomodalStopPlace:46298,IDFM:478985,Directed,TRANSFER,6,050000,0,000000,6,050000
IDFM:28852,IDFM:28859,Directed,METRO,6,150000,0,883612,6,150000
IDFM:28859,IDFM:28852,Directed,METRO,6,150000,0,883612,6,150000
IDFM:monomodalStopPlace:411384,IDFM:monomodalStopPlace:47482,Directed,METRO,6,166667,107,103554,6,166667
IDFM:monomodalStopPlace:47482,IDFM:monomodalStopPlace:411384,Directed,METRO,6,166667,107,103554,6,166667
IDFM:monomodalStopPlace:47130,IDFM:monomodalStopPlace:47125,Directed,METRO,6,333333,91,956941,6,333333
IDFM:monomodalStopPlace:47125,IDFM:monomodalStopPlace:47130,Directed,METRO,6,333333,91,956941,6,333333
IDFM:471084,IDFM:471097,Directed,METRO,6,500000,70,774619,6,500000
IDFM:471097,IDFM:471084,Directed,METRO,6,500000,70,774619,6,500000
IDFM:471308,IDFM:monomodalStopPlace:411473,Directed,METRO,6,500000,126,861559,6,500000
IDFM:monomodalStopPlace:411473,IDFM:471308,Directed,METRO,6,500000,126,861559,6,500000
IDFM:472407,IDFM:472731,Directed,METRO,6,500000,94,826957,6,500000
IDFM:472731,IDFM:472407,Directed,METRO,6,500000,94,826957,6,500000
IDFM:473004,IDFM:471383,Directed,METRO,6,500000,96,999321,6,500000
IDFM:471383,IDFM:473004,Directed,METRO,6,500000,96,999321,6,500000
IDFM:monomodalStopPlace:411452,IDFM:monomodalStopPlace:411458,Directed,METRO,6,500000,154,474453,6,500000
IDFM:monomodalStopPlace:411458,IDFM:monomodalStopPlace:411452,Directed,METRO,6,500000,154,474453,6,500000
IDFM:monomodalStopPlace:47486,IDFM:monomodalStopPlace:47491,Directed,METRO,6,666667,114,856489,6,666667
IDFM:monomodalStopPlace:47491,IDFM:monomodalStopPlace:47486,Directed,METRO,6,666667,114,856489,6,666667
IDFM:monomodalStopPlace:43066,IDFM:monomodalStopPlace:47009,Directed,METRO,6,783333,82,583625,6,783333
IDFM:monomodalStopPlace:47009,IDFM:monomodalStopPlace:43066,Directed,METRO,6,783333,82,583625,6,783333
IDFM:471308,IDFM:472924,Directed,METRO,7,000000,127,046156,7,000000
IDFM:472924,IDFM:471308,Directed,METRO,7,000000,127,046156,7,000000
IDFM:471897,IDFM:471199,Directed,METRO,7,000000,143,756094,7,000000
IDFM:471199,IDFM:471897,Directed,METRO,7,000000,143,756094,7,000000
IDFM:monomodalStopPlace:411458,IDFM:monomodalStopPlace:411461,Directed,METRO,7,000000,95,895795,7,000000
IDFM:monomodalStopPlace:411461,IDFM:monomodalStopPlace:411458,Directed,METRO,7,000000,95,895795,7,000000
IDFM:monomodalStopPlace:43204,IDFM:monomodalStopPlace:43179,Directed,METRO,7,500000,73,819672,7,500000
IDFM:monomodalStopPlace:43179,IDFM:monomodalStopPlace:43204,Directed,METRO,7,500000,73,819672,7,500000
IDFM:monomodalStopPlace:47158,IDFM:monomodalStopPlace:47184,Directed,METRO,8,000000,153,152558,8,000000
IDFM:monomodalStopPlace:47184,IDFM:monomodalStopPlace:47158,Directed,METRO,8,000000,153,152558,8,000000
IDFM:monomodalStopPlace:411443,IDFM:monomodalStopPlace:411446,Directed,METRO,8,500000,184,584099,8,500000
IDFM:monomodalStopPlace:411446,IDFM:monomodalStopPlace:411443,Directed,METRO,8,500000,184,584099,8,500000
IDFM:472325,IDFM:472737,Directed,METRO,11,000000,200,771183,11,000000
IDFM:472737,IDFM:472325,Directed,METRO,11,000000,200,771183,11,000000
IDFM:471056,IDFM:472625,Directed,METRO,12,000000,181,928105,12,000000
IDFM:472625,IDFM:471056,Directed,METRO,12,000000,181,928105,12,000000
IDFM:471744,IDFM:monomodalStopPlace:59049,Directed,METRO,12,000000,276,335234,12,000000
IDFM:monomodalStopPlace:59049,IDFM:471744,Directed,METRO,12,000000,276,335234,12,000000
IDFM:monomodalStopPlace:411449,IDFM:monomodalStopPlace:411446,Directed,METRO,12,000000,283,626482,12,000000
IDFM:monomodalStopPlace:411446,IDFM:monomodalStopPlace:411449,Directed,METRO,12,000000,283,626482,12,000000
IDFM:monomodalStopPlace:47158,IDFM:471787,Directed,METRO,12,000000,259,008345,12,000000
IDFM:471787,IDFM:monomodalStopPlace:47158,Directed,METRO,12,000000,259,008345,12,000000
IDFM:monomodalStopPlace:411449,IDFM:monomodalStopPlace:59049,Directed,METRO,13,000000,314,459848,13,000000
IDFM:monomodalStopPlace:59049,IDFM:monomodalStopPlace:411449,Directed,METRO,13,000000,314,459848,13,000000
IDFM:470928,IDFM:monomodalStopPlace:411365,Directed,METRO,14,000000,336,579130,14,000000
IDFM:monomodalStopPlace:411365,IDFM:470928,Directed,METRO,14,000000,336,579130,14,000000
IDFM:472731,IDFM:472483,Directed,METRO,14,000000,313,314383,14,000000
IDFM:472483,IDFM:472731,Directed,METRO,14,000000,313,314383,14,000000
IDFM:472625,IDFM:monomodalStopPlace:47881,Directed,METRO,15,000000,216,415802,15,000000
IDFM:monomodalStopPlace:47881,IDFM:472625,Directed,METRO,15,000000,216,415802,15,000000
IDFM:471335,IDFM:471897,Directed,METRO,34,500000,669,872709,34,500000
IDFM:471897,IDFM:471335,Directed,METRO,34,500000,669,872709,34,500000
IDFM:472914,IDFM:472536,Directed,METRO,42,500000,479,208550,42,500000
IDFM:472536,IDFM:472914,Directed,METRO,42,500000,479,208550,42,500000
IDFM:471604,IDFM:471787,Directed,METRO,47,000000,1087,891935,47,000000
IDFM:471787,IDFM:471604,Directed,METRO,47,000000,1087,891935,47,000000
