edge_id,route_type,start_station_id,end_station_id,duration,distance,CO2_emitted
0,0,IDFM:478980,IDFM:479007,60,0.59785861129294,2.570792028559642
1,0,IDFM:479007,IDFM:479005,60,0.38757242304968004,1.666561419113624
2,0,IDFM:479005,IDFM:478995,60,0.7766754195417298,3.339704304029438
3,0,IDFM:478995,IDFM:478999,60,0.5654813243208345,2.4315696945795886
4,0,IDFM:478999,IDFM:478996,120,0.6483379055242096,2.787852993754101
5,0,IDFM:478996,IDFM:478976,60,0.8646035776151628,3.7177953837452
6,0,IDFM:478976,IDFM:478997,60,0.33059480119885903,1.4215576451550938
7,0,IDFM:478997,IDFM:478992,60,0.7062986778386038,3.037084314705996
8,0,IDFM:478992,IDFM:479003,60,0.3633324279698222,1.5623294402702352
9,0,IDFM:479003,IDFM:478987,60,0.6119591753452774,2.631424453984693
10,0,IDFM:478987,IDFM:478982,120,0.7639472999172122,3.2849733896440125
11,0,IDFM:478982,IDFM:478989,60,0.6549470282748037,2.816272221581656
12,0,IDFM:478989,IDFM:478978,120,0.6285525030860428,2.702775763269984
13,0,IDFM:478978,IDFM:479012,120,0.6413788479699839,2.7579290462709305
14,0,IDFM:479012,IDFM:479001,60,0.6616299723915778,2.8450088812837846
15,0,IDFM:479001,IDFM:479009,120,0.5230747788814942,2.249221549190425
16,0,IDFM:479009,IDFM:478985,120,0.6638954748566066,2.8547505418834085
17,0,IDFM:478985,IDFM:478974,120,0.6854702633178179,2.947522132266617
702,0,IDFM:478981,IDFM:478983,120,0.6865486000201096,2.9521589800864714
703,0,IDFM:478983,IDFM:479008,120,0.6780556961353829,2.9156394933821463
704,0,IDFM:479008,IDFM:479000,120,0.5228196803524493,2.248124625515532
705,0,IDFM:479000,IDFM:479010,60,0.6614557279732594,2.844259630285015
706,0,IDFM:479010,IDFM:478986,60,0.6415542168334817,2.7586831323839713
707,0,IDFM:478986,IDFM:478988,60,0.6283840765372519,2.702051529110183
708,0,IDFM:478988,IDFM:478990,120,0.6548866377876094,2.81601254248672
709,0,IDFM:478990,IDFM:478973,180,0.7631616480526435,3.2815950866263672
710,0,IDFM:478973,IDFM:479002,60,0.6134398006401746,2.6377911427527505
711,0,IDFM:479002,IDFM:479013,60,0.3632158269395723,1.5618280558401607
712,0,IDFM:479013,IDFM:478977,120,0.594206845755559,2.555089436748904
713,0,IDFM:478977,IDFM:478975,120,0.44214870384810806,1.9012394265468646
714,0,IDFM:478975,IDFM:478993,120,0.8656271048928436,3.722196551039227
715,0,IDFM:478993,IDFM:478998,60,0.6484018813167794,2.7881280896621514
716,0,IDFM:478998,IDFM:478991,60,0.5696292850687035,2.449405925795425
717,0,IDFM:478991,IDFM:479004,60,0.7730686710475986,3.3241952855046737
718,0,IDFM:479004,IDFM:479006,60,0.38757240924032227,1.6665613597333857
719,0,IDFM:479006,IDFM:478979,60,0.5979042780730693,2.570988395714198
24734,0,IDFM:26534,IDFM:24406,180,0.732148004935608,3.1482364212231144
24735,0,IDFM:24406,IDFM:24405,130,0.7374440535825789,3.171009430405089
24736,0,IDFM:24405,IDFM:24414,110,0.6007962328933191,2.583423801441272
24737,0,IDFM:24414,IDFM:24400,92,0.5257911296160361,2.2609018573489554
24738,0,IDFM:24400,IDFM:24421,98,0.5500376743842944,2.365161999852466
24739,0,IDFM:24421,IDFM:24415,110,0.646153682523883,2.778460834852697
24740,0,IDFM:24415,IDFM:24410,114,0.6014551123305028,2.586256983021162
24741,0,IDFM:24410,IDFM:24404,150,0.8028953148308011,3.452449853772445
24742,0,IDFM:24404,IDFM:24423,96,0.5200413039713755,2.2361776070769146
24743,0,IDFM:24423,IDFM:460562,120,0.6444991634486874,2.7713464028293555
24744,0,IDFM:460562,IDFM:24398,101,0.5073044165671655,2.1814089912388117
24745,0,IDFM:24398,IDFM:24399,139,0.7258663810172101,3.1212254383740032
24746,0,IDFM:24399,IDFM:24402,108,0.5309851021819864,2.2832359393825414
24747,0,IDFM:24402,IDFM:24530,132,0.6119457930889711,2.631366910282576
24748,0,IDFM:24530,IDFM:24413,78,0.39981513393379864,1.7192050759153341
24749,0,IDFM:24413,IDFM:24412,102,0.44388987022313875,1.9087264419594965
24750,0,IDFM:24412,IDFM:412987,120,0.4392084493169496,1.8885963320628831
24751,0,IDFM:412987,IDFM:462415,117,0.5629992213245764,2.4208966516956782
24752,0,IDFM:462415,IDFM:462414,123,0.5594684271903673,2.405714236918579
24753,0,IDFM:462414,IDFM:462437,109,0.5783086547794815,2.4867272155517703
24754,0,IDFM:462437,IDFM:462436,131,0.724772735633653,3.1165227632247077
24755,0,IDFM:462436,IDFM:462439,90,0.3968114535630037,1.7062892503209157
24756,0,IDFM:462439,IDFM:462438,113,0.5430505847946234,2.3351175146168806
24757,0,IDFM:462438,IDFM:462441,97,0.4337841204228711,1.8652717178183458
24758,0,IDFM:462441,IDFM:462440,180,1.135736009890551,4.8836648425293685
24759,0,IDFM:462440,IDFM:490896,135,0.5959703104273117,2.5626723348374405
24760,0,IDFM:490896,IDFM:490890,105,0.4462417729165339,1.9188396235410956
24761,0,IDFM:490890,IDFM:490889,139,0.41662169974110214,1.7914733088867392
24762,0,IDFM:490889,IDFM:490886,101,0.403291650417707,1.73415409679614
24763,0,IDFM:490886,IDFM:490892,120,0.44868325813019316,1.9293380099598305
24764,0,IDFM:490892,IDFM:490881,155,0.6471505574309093,2.78274739695291
24765,0,IDFM:490881,IDFM:490876,145,0.6029813431741196,2.592819775648714
29106,0,IDFM:490878,IDFM:490879,176,0.5873702605777978,2.5256921204845306
29107,0,IDFM:490879,IDFM:490882,184,0.6627671625537331,2.8498987989810525
29108,0,IDFM:490882,IDFM:490884,120,0.4391825928966341,1.8884851494555264
29109,0,IDFM:490884,IDFM:490887,100,0.3710671218865681,1.5955886241122428
29110,0,IDFM:490887,IDFM:490895,140,0.4698923505545638,2.0205371073846243
29111,0,IDFM:490895,IDFM:490893,105,0.39453617117424467,1.696505536049252
29112,0,IDFM:490893,IDFM:462430,135,0.6258734823015775,2.691255973896783
29113,0,IDFM:462430,IDFM:462429,180,1.1354024890082477,4.882230702735465
29114,0,IDFM:462429,IDFM:462445,97,0.43699045392681135,1.8790589518852887
29115,0,IDFM:462445,IDFM:462442,113,0.5334514336731547,2.293841164794565
29116,0,IDFM:462442,IDFM:462446,90,0.41526863811164616,1.7856551438800785
29117,0,IDFM:462446,IDFM:462443,131,0.7018893961172434,3.0181244033041468
29118,0,IDFM:462443,IDFM:462431,109,0.5817904828319648,2.5016990761774482
29119,0,IDFM:462431,IDFM:462444,92,0.5571796124338713,2.3958723334656464
29120,0,IDFM:462444,IDFM:412988,88,0.5664295981600953,2.43564727208841
29121,0,IDFM:412988,IDFM:24420,120,0.434665291362912,1.8690607528605214
29122,0,IDFM:24420,IDFM:24407,102,0.44494082649063194,1.9132455539097173
29123,0,IDFM:24407,IDFM:24531,78,0.3979600906985765,1.711228390003879
29124,0,IDFM:24531,IDFM:24401,132,0.6136000740017683,2.6384803182076038
29125,0,IDFM:24401,IDFM:29379,108,0.5317179681103612,2.286387262874553
29126,0,IDFM:29379,IDFM:24417,139,0.721332428640828,3.1017294431555604
29127,0,IDFM:24417,IDFM:24533,101,0.4940327213867764,2.1243407019631384
29128,0,IDFM:24533,IDFM:24403,180,0.6448143250075372,2.77270159753241
29129,0,IDFM:24403,IDFM:24416,95,0.5204253552563644,2.2378290276023667
29130,0,IDFM:24416,IDFM:24418,152,0.8054649143505589,3.4634991317074033
29131,0,IDFM:24418,IDFM:24409,113,0.5996161551184255,2.5783494670092293
29132,0,IDFM:24409,IDFM:24422,95,0.5619256835107245,2.416280439096115
29133,0,IDFM:24422,IDFM:24397,113,0.630695401225175,2.711990225268252
29134,0,IDFM:24397,IDFM:24419,92,0.5222482273170347,2.245667377463249
29135,0,IDFM:24419,IDFM:24394,110,0.6108254146519417,2.6265492830033494
29136,0,IDFM:24394,IDFM:24408,130,0.7304581006864553,3.140969832951758
29137,0,IDFM:24408,IDFM:24396,120,0.7167507815841552,3.0820283608118673
33674,0,IDFM:490881,IDFM:490878,145,0.5896162967051533,2.535350075832159
34008,0,IDFM:462441,IDFM:462430,180,1.1329705415625562,4.871773328718992
72663,0,IDFM:24426,IDFM:23295,61,0.345939972359112,1.4875418811441816
72664,0,IDFM:23295,IDFM:24424,67,0.3708842891270135,1.5948024432461578
72665,0,IDFM:24424,IDFM:23297,120,0.6639795111604276,2.855111897989839
72666,0,IDFM:23297,IDFM:22261,102,0.5714587309399556,2.457272543041809
72667,0,IDFM:22261,IDFM:22627,70,0.3915234894175932,1.6835510044956505
72668,0,IDFM:22627,IDFM:23298,72,0.4200254565195827,1.8061094630342054
72669,0,IDFM:23298,IDFM:23300,62,0.3631131208753032,1.5613864197638037
72670,0,IDFM:23300,IDFM:37466,79,0.4427489188133968,1.9038203508976062
72671,0,IDFM:37466,IDFM:22625,87,0.5171827974102506,2.2238860288640776
73652,0,IDFM:37466,IDFM:22624,87,0.5159790718737015,2.2187100090569163
73707,0,IDFM:22624,IDFM:24425,88,0.5159941565943905,2.218774873355879
73708,0,IDFM:24425,IDFM:23296,78,0.4342171373934401,1.8671336907917924
73709,0,IDFM:23296,IDFM:23299,63,0.36281795793139765,1.56011721910501
73710,0,IDFM:23299,IDFM:22626,74,0.42713081800644326,1.836662517427706
73711,0,IDFM:22626,IDFM:23307,61,0.3905064059295331,1.6791775454969924
73712,0,IDFM:23307,IDFM:23304,88,0.5750732346781338,2.472814909115975
73713,0,IDFM:23304,IDFM:23306,103,0.6614208331394935,2.844109582499822
73714,0,IDFM:23306,IDFM:23305,57,0.37032233955223415,1.5923860600746067
73715,0,IDFM:23305,IDFM:22629,53,0.3440148371082598,1.4792637995655171
73716,0,IDFM:22635,IDFM:23313,133,0.5683587093672816,2.443942450279311
73717,0,IDFM:23313,IDFM:22268,167,0.47401791199830695,2.03827702159272
73718,0,IDFM:22268,IDFM:22634,120,0.4154879525187535,1.7865981958306398
73719,0,IDFM:22634,IDFM:23314,64,0.2919264271877983,1.2552836369075326
73720,0,IDFM:23314,IDFM:460549,176,0.7517156906894135,3.2323774699644776
73721,0,IDFM:460549,IDFM:22628,123,0.6426309528540026,2.7633130972722113
73722,0,IDFM:22628,IDFM:22631,113,0.5913537441298934,2.5428210997585414
73723,0,IDFM:22631,IDFM:24428,137,0.7045377776364382,3.0295124438366843
73724,0,IDFM:24428,IDFM:24429,178,0.9209774296219965,3.960202947374585
73725,0,IDFM:24429,IDFM:24427,86,0.4383340139736003,1.8848362600864812
73726,0,IDFM:24427,IDFM:24426,79,0.4065435993889218,1.7481374773723637
75296,0,IDFM:24431,IDFM:23313,133,0.5733730714290977,2.46550420714512
76125,0,IDFM:22629,IDFM:23302,61,0.4164307653029458,1.790652290802667
76126,0,IDFM:23302,IDFM:23303,63,0.43350908659386084,1.8640890723536014
76127,0,IDFM:23303,IDFM:23301,129,0.919470871860285,3.953724748999225
76128,0,IDFM:23301,IDFM:22630,107,0.7015445159247483,3.0166414184764174
76129,0,IDFM:22630,IDFM:22632,145,0.6020353491404506,2.588752001303938
76130,0,IDFM:22632,IDFM:460550,155,0.6332404075134554,2.7229337523078585
76131,0,IDFM:460550,IDFM:23312,158,0.6875844637417097,2.9566131940893516
76132,0,IDFM:23312,IDFM:22633,82,0.3557396844695095,1.5296806432188907
76133,0,IDFM:22633,IDFM:22267,180,0.42306769367498287,1.8191910828024263
76134,0,IDFM:22267,IDFM:22269,273,0.4861975756805661,2.090649575426434
76135,0,IDFM:22269,IDFM:22635,207,0.5582859204263003,2.4006294578330913
76535,0,IDFM:22269,IDFM:24431,172,0.5634509452848834,2.4228390647249984
89530,0,IDFM:23445,IDFM:23429,120,0.9657851090783598,4.152875969036947
89531,0,IDFM:23429,IDFM:23432,120,0.6404465386462836,2.7539201161790197
89532,0,IDFM:23432,IDFM:23428,92,0.5290652501263006,2.2749805755430925
89533,0,IDFM:23428,IDFM:23437,88,0.5359925884492334,2.3047681303317034
89534,0,IDFM:23437,IDFM:23434,122,0.6390835956396901,2.748059461250667
89535,0,IDFM:23434,IDFM:23433,150,0.744812937762739,3.2026956323797777
89536,0,IDFM:23433,IDFM:25641,88,0.5270256682236554,2.266210373361718
89537,0,IDFM:25641,IDFM:22299,180,1.3335503224704308,5.734266386622853
89538,0,IDFM:22299,IDFM:22304,123,1.0725710098879995,4.612055342518397
89539,0,IDFM:22304,IDFM:25646,117,1.0930931083255595,4.700300365799905
89540,0,IDFM:25646,IDFM:22301,156,1.3874817108585291,5.9661713566916745
89541,0,IDFM:22301,IDFM:23442,107,0.9394639111143002,4.03969481779149
89542,0,IDFM:23442,IDFM:25644,97,0.8844547600319715,3.8031554681374775
89543,0,IDFM:25644,IDFM:22302,194,1.8413214362085661,7.917682175696834
89544,0,IDFM:22302,IDFM:27464,99,0.9984904573998186,4.2935089668192195
89545,0,IDFM:27464,IDFM:25640,71,0.7201667138364102,3.0967168694965634
89546,0,IDFM:25640,IDFM:22297,116,1.1178023250717806,4.8065499978086565
89547,0,IDFM:22297,IDFM:23439,125,0.8755827913788764,3.7650060029291685
89548,0,IDFM:23439,IDFM:25638,115,0.6712121513371758,2.886212250749856
89549,0,IDFM:25638,IDFM:460557,124,0.945709609658176,4.066551321530157
89550,0,IDFM:460557,IDFM:22296,56,0.49037152033792625,2.108597537453083
89551,0,IDFM:22296,IDFM:25636,89,0.4040732943512434,1.7375151657103465
89552,0,IDFM:25636,IDFM:25631,91,0.5242791742449421,2.254400449253251
91715,0,IDFM:25636,IDFM:25633,88,0.5209590183423444,2.2401237788720807
91716,0,IDFM:25633,IDFM:25637,95,0.5173678222695843,2.2246816357592127
91717,0,IDFM:25637,IDFM:22295,85,0.4052211710015843,1.7424510353068123
91718,0,IDFM:22295,IDFM:460556,60,0.498045101839271,2.141593937908865
91719,0,IDFM:460556,IDFM:25635,120,0.9571466327201199,4.115730520696515
91720,0,IDFM:25635,IDFM:23438,109,0.6733839825902482,2.8955511251380672
91721,0,IDFM:23438,IDFM:23440,131,0.8739837553441383,3.7581301479797946
91722,0,IDFM:23440,IDFM:25639,116,1.1031043588046006,4.743348742859782
91723,0,IDFM:25639,IDFM:23441,72,0.7071399356591567,3.0407017233343736
91724,0,IDFM:23441,IDFM:23444,96,0.9956716574463577,4.281388127019338
91725,0,IDFM:23444,IDFM:25643,196,1.8410538772837135,7.916531672319968
91726,0,IDFM:25643,IDFM:23443,100,0.8889301369198223,3.8223995887552356
91727,0,IDFM:23443,IDFM:22300,106,0.939306631292498,4.039018514557742
91728,0,IDFM:22300,IDFM:25645,154,1.3848976578628764,5.9550599288103685
91729,0,IDFM:25645,IDFM:22303,117,1.087061754616056,4.67436554484904
91730,0,IDFM:22303,IDFM:22298,123,1.072369676271432,4.611189607967158
91731,0,IDFM:22298,IDFM:25642,180,1.3383479624940728,5.754896238724513
91732,0,IDFM:25642,IDFM:24432,78,0.5348927018557883,2.3000386179798897
91733,0,IDFM:24432,IDFM:23435,122,0.7436642035761941,3.1977560753776344
91734,0,IDFM:23435,IDFM:23436,100,0.6436360838364726,2.767635160496832
91735,0,IDFM:23436,IDFM:23430,88,0.5370575113228448,2.3093472986882326
91736,0,IDFM:23430,IDFM:23431,92,0.5686103290078685,2.445024414733834
91737,0,IDFM:23431,IDFM:23427,120,0.6312691790839721,2.7144574700610797
91738,0,IDFM:23427,IDFM:25647,120,0.9340370339837859,4.016359246130279
128142,0,IDFM:460560,IDFM:24107,120,0.42374513653967705,1.8221040871206113
128143,0,IDFM:24107,IDFM:24125,61,0.4966439693616951,2.135569068255289
128144,0,IDFM:24125,IDFM:24135,85,0.6555981253458281,2.8190719389870607
128145,0,IDFM:24135,IDFM:24138,94,0.7569451585637796,3.2548641818242525
128146,0,IDFM:24138,IDFM:460561,65,0.45463180493178534,1.954916761206677
128147,0,IDFM:460561,IDFM:24137,158,1.2236729711929528,5.261793776129697
128148,0,IDFM:24137,IDFM:24141,47,0.3197378673643193,1.3748728296665729
128149,0,IDFM:24141,IDFM:24110,90,0.7163205031128331,3.0801781633851824
128150,0,IDFM:24110,IDFM:24126,153,0.5732206881905404,2.4648489592193235
128151,0,IDFM:24126,IDFM:24117,87,0.34162015924887623,1.4689666847701677
128152,0,IDFM:24117,IDFM:24136,120,0.8657039187679071,3.722526850702
128153,0,IDFM:24136,IDFM:24112,120,0.39666979420017157,1.7056801150607377
128154,0,IDFM:24112,IDFM:24115,110,0.6517847756973155,2.802674535498457
128155,0,IDFM:24115,IDFM:24122,70,0.41931313042014995,1.8030464608066448
128156,0,IDFM:24122,IDFM:24118,120,0.7493665103095509,3.222275994331069
128157,0,IDFM:24118,IDFM:24109,120,0.5438970964126114,2.338757514574229
128158,0,IDFM:24109,IDFM:24130,80,0.485345653159648,2.086986308586486
128159,0,IDFM:24130,IDFM:24128,100,0.5934453578981419,2.55181503896201
128160,0,IDFM:24128,IDFM:24121,90,0.5165041112171738,2.220967678233847
128161,0,IDFM:24121,IDFM:24131,92,0.5214555759651448,2.2422589766501226
128162,0,IDFM:24131,IDFM:24111,118,0.6738552414048231,2.897577538040739
128163,0,IDFM:24111,IDFM:24116,120,0.45654749910927883,1.963154246169899
128164,0,IDFM:24116,IDFM:24108,120,0.5609742560980427,2.412189301221584
128165,0,IDFM:24108,IDFM:480964,120,0.563357962598038,2.4224392391715637
129198,0,IDFM:24102,IDFM:24103,120,0.6931911589730144,2.980721983583962
129199,0,IDFM:24103,IDFM:24101,120,0.5290296306953405,2.274827411989964
129200,0,IDFM:24101,IDFM:24114,120,0.3507783857377666,1.5083470586723964
129201,0,IDFM:24114,IDFM:24113,141,0.8078947060993965,3.4739472362274046
129202,0,IDFM:24113,IDFM:24104,68,0.3765381475303984,1.6191140343807129
129203,0,IDFM:24104,IDFM:24129,91,0.5270205477468911,2.2661883553116318
129204,0,IDFM:24129,IDFM:24105,100,0.5949058465747441,2.5580951402713996
129205,0,IDFM:24105,IDFM:24132,80,0.4925995625331076,2.1181781188923625
129206,0,IDFM:24132,IDFM:460547,120,0.6520918943662712,2.8039951457749663
129207,0,IDFM:460547,IDFM:24119,120,0.6228067834596084,2.678069168876316
129208,0,IDFM:24119,IDFM:24100,86,0.5237855849815178,2.2522780154205266
129209,0,IDFM:24100,IDFM:28847,94,0.5684527492213737,2.444346821651907
129210,0,IDFM:28847,IDFM:24127,120,0.529263563587464,2.275833323426095
129211,0,IDFM:24127,IDFM:24106,60,0.7490358043854372,3.2208539588573797
129212,0,IDFM:24106,IDFM:24120,67,0.3380990141041908,1.4538257606480203
129213,0,IDFM:24120,IDFM:24133,113,0.5839495562981392,2.5109830920819984
129214,0,IDFM:24133,IDFM:24124,91,0.7137549583811544,3.069146321038964
129215,0,IDFM:24124,IDFM:24123,47,0.32276059026531706,1.3878705381408634
129216,0,IDFM:24123,IDFM:36482,158,1.2086484221321214,5.197188215168122
129217,0,IDFM:36482,IDFM:24142,64,0.4684890559680832,2.0145029406627577
129218,0,IDFM:24142,IDFM:24134,141,0.9008930348095808,3.8738400496811973
129219,0,IDFM:24134,IDFM:40067,104,0.5173963097631759,2.224804131981656
129220,0,IDFM:40067,IDFM:24139,55,0.4957657008537491,2.131792513671121
129221,0,IDFM:24139,IDFM:460563,60,0.4155199441475823,1.7867357598346039
131550,0,IDFM:480964,IDFM:24103,120,0.7019427284562353,3.0183537323618115
132605,0,IDFM:24108,IDFM:24102,120,0.5545728385001295,2.3846632055505568
184766,0,IDFM:490553,IDFM:28867,101,0.40933310516470406,1.7601323522082273
184767,0,IDFM:28867,IDFM:28862,79,0.34043298375708214,1.4638618301554531
184768,0,IDFM:28862,IDFM:28864,89,0.4331870807018388,1.8627044470179068
184769,0,IDFM:28864,IDFM:28860,106,0.576965468466139,2.480951514404398
184770,0,IDFM:28860,IDFM:28849,77,0.3681223131423271,1.5829259465120062
184771,0,IDFM:28849,IDFM:28857,88,0.457226373251874,1.9660734049830582
184790,0,IDFM:28846,IDFM:28867,100,0.411562506975587,1.769718779995024
184808,0,IDFM:28857,IDFM:28854,120,0.569289103914609,2.4479431468328183
184809,0,IDFM:28854,IDFM:28856,69,0.41098228782344615,1.7672238376408183
184810,0,IDFM:28856,IDFM:28861,113,0.6743428879749376,2.8996744182922316
184811,0,IDFM:28861,IDFM:28853,58,0.3554306964893977,1.52835199490441
184812,0,IDFM:28853,IDFM:28874,180,0.7057966500344863,3.034925595148291
184813,0,IDFM:28874,IDFM:28872,91,0.4566826695511977,1.96373547907015
184814,0,IDFM:28872,IDFM:28875,82,0.40252318327899617,1.7308496880996835
184815,0,IDFM:28875,IDFM:28870,75,0.4185884895035544,1.7999305048652838
184816,0,IDFM:28870,IDFM:479384,112,0.4991045391927566,2.1461495185288535
186917,0,IDFM:479383,IDFM:28869,134,0.5035481263854877,2.1652569434575972
186918,0,IDFM:28869,IDFM:28873,87,0.4152446969783558,1.78555219700693
186919,0,IDFM:28873,IDFM:28868,93,0.40892164105679196,1.7583630565442054
186920,0,IDFM:28868,IDFM:28876,106,0.4564360427514003,1.9626749838310213
186921,0,IDFM:28876,IDFM:28850,180,0.7260667230780579,3.1220869092356485
186922,0,IDFM:28850,IDFM:28855,73,0.3507801731853829,1.5083547446971464
186923,0,IDFM:28855,IDFM:28859,154,0.7430589462816484,3.1951534690110877
186924,0,IDFM:28859,IDFM:28852,73,0.3304731797163164,1.4210346727801604
186925,0,IDFM:28852,IDFM:28848,120,0.577293291421416,2.482361153112089
186926,0,IDFM:28848,IDFM:28858,73,0.4581706704257824,1.9701338828308643
186927,0,IDFM:28858,IDFM:28851,65,0.36812231351303565,1.5829259481060531
186928,0,IDFM:28851,IDFM:28865,88,0.5771614950709916,2.4817944288052636
186929,0,IDFM:28865,IDFM:28863,74,0.4320424212178846,1.8577824112369037
186930,0,IDFM:28863,IDFM:28866,81,0.3461624474181166,1.4884985238979012
186931,0,IDFM:28866,IDFM:28846,99,0.40604123827592037,1.7459773245864576
188086,0,IDFM:28866,IDFM:490553,133,0.40355686518914874,1.7352945203133394
199017,0,IDFM:28870,IDFM:479383,131,0.5014016385001988,2.156027045550855
212590,0,IDFM:2336,IDFM:41672,120,0.6845273418867512,2.94346757011303
212591,0,IDFM:41672,IDFM:41952,97,0.5704110055145604,2.4527673237126093
212592,0,IDFM:41952,IDFM:2338,140,0.8121721843883027,3.4923403928697017
212593,0,IDFM:2338,IDFM:41856,183,1.0436229937824453,4.487578873264514
212594,0,IDFM:41856,IDFM:41858,191,0.9597760444419502,4.127036991100385
212595,0,IDFM:41858,IDFM:2344,176,0.8660046084210931,3.7238198162107
212596,0,IDFM:2344,IDFM:2340,155,0.7374733227671211,3.1711352878986205
212597,0,IDFM:2340,IDFM:2339,141,0.6823919011399845,2.9342851749019334
212598,0,IDFM:2339,IDFM:2343,117,0.5742357069270612,2.469213539786363
212599,0,IDFM:2343,IDFM:41674,140,0.5227332072073394,2.247752790991559
212600,0,IDFM:41674,IDFM:2347,111,0.5011632205126406,2.1550018482043547
212601,0,IDFM:2347,IDFM:41854,109,0.4829666670852828,2.076756668466716
212602,0,IDFM:41854,IDFM:2335,111,0.5039544864839774,2.1670042918811028
212603,0,IDFM:2335,IDFM:2333,129,0.5322450278710438,2.2886536198454883
212604,0,IDFM:2333,IDFM:2330,180,1.0676585847365958,4.590931914367362
212605,0,IDFM:2330,IDFM:2331,86,0.4205997927710845,1.8085791089156633
212606,0,IDFM:2331,IDFM:41852,189,0.9491325242345985,4.081269854208774
212607,0,IDFM:41852,IDFM:41853,85,0.41922537490870376,1.802669112107426
212608,0,IDFM:41853,IDFM:422038,231,2.129543359132374,9.157036444269208
212609,0,IDFM:422038,IDFM:422039,69,0.6290320030431343,2.7048376130854774
212610,0,IDFM:422039,IDFM:422037,97,0.6272010771647977,2.6969646318086298
212611,0,IDFM:422037,IDFM:41850,323,2.1241923363908812,9.134027046480789
212612,0,IDFM:41850,IDFM:2329,88,0.4367053416179677,1.877832968957261
212613,0,IDFM:2329,IDFM:2332,187,0.9385590240657313,4.0358038034826444
212614,0,IDFM:2332,IDFM:2334,85,0.4332595441441231,1.8630160398197293
212615,0,IDFM:2334,IDFM:2327,180,1.0757676505850224,4.625800897515596
212616,0,IDFM:2327,IDFM:2328,98,0.531269478403032,2.2844587571330375
212617,0,IDFM:2328,IDFM:41851,82,0.4977814911510955,2.1404604119497104
212618,0,IDFM:41851,IDFM:2348,87,0.4699298967458715,2.0206985560072472
212619,0,IDFM:2348,IDFM:41673,109,0.4538639310543159,1.9516149035335582
212620,0,IDFM:41673,IDFM:2346,104,0.5825540853867173,2.5049825671628843
212621,0,IDFM:2346,IDFM:2345,107,0.5797295421186157,2.4928370311100476
212622,0,IDFM:2345,IDFM:2341,132,0.7001342200601625,3.0105771462586985
212623,0,IDFM:2341,IDFM:2342,140,0.7441651319275038,3.199910067288266
212624,0,IDFM:2342,IDFM:41857,163,0.8701388493681881,3.7415970522832085
212625,0,IDFM:41857,IDFM:41855,178,0.9508631871070545,4.0887117045603345
212626,0,IDFM:41855,IDFM:41670,182,1.0442648243370407,4.490338744649275
212627,0,IDFM:41670,IDFM:2337,142,0.8129446241128048,3.4956618836850604
212628,0,IDFM:2337,IDFM:41671,98,0.5876927896369596,2.5270789954389263
212629,0,IDFM:41671,IDFM:2336,118,0.666493693153909,2.8659228805618087
212648,0,IDFM:41671,IDFM:482428,131,0.6777513596659531,2.9143308465635984
214250,0,IDFM:422038,IDFM:422040,69,0.6206070989235725,2.6686105253713617
229925,0,IDFM:35946,IDFM:35945,90,0.5303325800974646,2.280430094419098
229926,0,IDFM:35945,IDFM:29896,90,0.540846210635992,2.325638705734766
229927,0,IDFM:29896,IDFM:29905,60,0.8802065039493537,3.784887966982221
229928,0,IDFM:29905,IDFM:413057,76,0.4913127041070444,2.112644627660291
229929,0,IDFM:413057,IDFM:35931,104,0.6170142114025865,2.653161109031122
229930,0,IDFM:35931,IDFM:35929,120,0.5034498003140659,2.1648341413504832
229931,0,IDFM:35929,IDFM:35937,120,0.39940996999533107,1.7174628709799236
229932,0,IDFM:35937,IDFM:35936,135,0.7294890794136779,3.136803041478815
229933,0,IDFM:35936,IDFM:35934,105,0.5659126266361787,2.4334242945355684
229934,0,IDFM:35934,IDFM:35939,96,0.315432139610827,1.356358200326556
229935,0,IDFM:35939,IDFM:35938,144,0.48174500802660214,2.071503534514389
229936,0,IDFM:35938,IDFM:35942,154,0.628029171131092,2.7005254358636956
229937,0,IDFM:35942,IDFM:35928,146,0.613101536114105,2.6363366052906514
229938,0,IDFM:35928,IDFM:29899,142,0.8849408637224816,3.805245714006671
229939,0,IDFM:29899,IDFM:35932,98,0.6103680610934185,2.624582662701699
229940,0,IDFM:35932,IDFM:29894,71,0.6277382303155568,2.699274390356894
229941,0,IDFM:29894,IDFM:35926,229,1.9486263868637987,8.379093463514334
231166,0,IDFM:35926,IDFM:35927,234,1.9494622994526647,8.382687887646458
231167,0,IDFM:35927,IDFM:460558,66,0.571124966322692,2.4558373551875756
231168,0,IDFM:460558,IDFM:29898,104,0.6556154165974757,2.819146291369145
231169,0,IDFM:29898,IDFM:29893,136,0.9042686789617544,3.888355319535544
231170,0,IDFM:29893,IDFM:29900,144,0.6020222725969395,2.5886957721668398
231171,0,IDFM:29900,IDFM:35943,156,0.6280133916292229,2.700457584005658
231172,0,IDFM:35943,IDFM:35935,145,0.47402375664118696,2.0383021535571038
231173,0,IDFM:35935,IDFM:29901,95,0.30706525403902574,1.3203805923678107
231174,0,IDFM:29901,IDFM:35940,105,0.5672228505452928,2.4390582573447586
231175,0,IDFM:35940,IDFM:35941,135,0.7357314826027914,3.163645375192003
231176,0,IDFM:35941,IDFM:35930,120,0.4125967316165022,1.7741659459509593
231177,0,IDFM:35930,IDFM:29897,180,0.49005406320540096,2.107232471783224
231178,0,IDFM:29897,IDFM:29902,104,0.6228609269320001,2.6783019858076003
231179,0,IDFM:29902,IDFM:29904,76,0.49476138189489793,2.127473942148061
231180,0,IDFM:29904,IDFM:29895,180,0.8836900906952262,3.7998673899894726
231181,0,IDFM:29895,IDFM:460559,119,0.5499377259049821,2.364732221391423
231182,0,IDFM:460559,IDFM:29903,121,0.5154470900008292,2.2164224870035656
236332,0,IDFM:462937,IDFM:35927,234,1.9522147034965198,8.394523225035035
236431,0,IDFM:29894,IDFM:462937,229,1.9513954539990368,8.391000452195858
242520,0,IDFM:42105,IDFM:42103,140,0.9788873324976384,4.209215529739845
242521,0,IDFM:42103,IDFM:42110,100,0.6869294653870787,2.953796701164438
242522,0,IDFM:42110,IDFM:42104,120,0.4520293411942201,1.9437261671351465
242523,0,IDFM:42104,IDFM:42115,107,0.46967069018132335,2.0195839677796905
242524,0,IDFM:42115,IDFM:42111,72,0.3266238718601071,1.4044826489984605
242525,0,IDFM:42111,IDFM:42102,115,0.49622004807459247,2.1337462067207476
242526,0,IDFM:42102,IDFM:42101,126,0.548001876562027,2.356408069216716
242541,0,IDFM:42125,IDFM:42124,180,0.7729838081354733,3.323830374982535
242542,0,IDFM:42124,IDFM:42126,120,0.6099920217563868,2.6229656935524632
242543,0,IDFM:42126,IDFM:42118,172,0.5903078195999242,2.538323624279674
242544,0,IDFM:42118,IDFM:42120,128,0.4704290382625049,2.022844864528771
242548,0,IDFM:42118,IDFM:42123,114,0.4777070376745284,2.054140262000472
242557,0,IDFM:42120,IDFM:42121,78,0.4662294770523695,2.004786751325189
242558,0,IDFM:42121,IDFM:42122,102,0.5886658851442621,2.531263306120327
242559,0,IDFM:42122,IDFM:42119,120,0.5985672778361955,2.5738392946956403
242560,0,IDFM:42119,IDFM:42117,180,0.7805045289227593,3.356169474367865
242561,0,IDFM:42117,IDFM:42105,180,0.751430062194083,3.231149267434557
243541,0,IDFM:42101,IDFM:42112,129,0.5457847071322621,2.346874240668727
243542,0,IDFM:42112,IDFM:42113,117,0.5111454094072856,2.1979252604513277
243543,0,IDFM:42113,IDFM:42106,66,0.3015732999611965,1.2967651898331447
243544,0,IDFM:42106,IDFM:42108,108,0.4753835243614811,2.044149154754369
243545,0,IDFM:42108,IDFM:42114,120,0.5498681556239011,2.3644330691827746
243546,0,IDFM:42114,IDFM:42107,88,0.7504104513267171,3.2267649407048835
243547,0,IDFM:42107,IDFM:42116,92,0.818580098988244,3.5198944256494493
243548,0,IDFM:42116,IDFM:42125,180,0.7364017102922292,3.1665273542565857
244549,0,IDFM:42127,IDFM:42130,58,0.35976502059140014,1.5469895885430205
244550,0,IDFM:42130,IDFM:42131,81,0.49364529220807557,2.122674756494725
244551,0,IDFM:42131,IDFM:42133,67,0.41197448962914807,1.7714903054053366
244552,0,IDFM:42133,IDFM:42125,240,0.6506837822864479,2.7979402638317254
245227,0,IDFM:42102,IDFM:42109,128,0.5486556604486746,2.3592193399293007
247140,0,IDFM:42109,IDFM:42112,131,0.5465839042921872,2.350310788456405
247228,0,IDFM:42117,IDFM:42132,240,0.649574309963385,2.7931695328425556
247229,0,IDFM:42132,IDFM:42128,59,0.415354798578377,1.7860256338870208
247230,0,IDFM:42128,IDFM:42134,73,0.5055522478921481,2.173874665936237
247231,0,IDFM:42134,IDFM:42127,48,0.3493038262226482,1.5020064527573873
247255,0,IDFM:42134,IDFM:42129,48,0.34050897701431704,1.4641886011615632
250039,0,IDFM:42129,IDFM:42130,68,0.35105870788508253,1.5095524439058547
254983,1,IDFM:463197,IDFM:22089,116,0.8908134794336636,4.008660657451486
254984,1,IDFM:22089,IDFM:463307,105,0.7790344993643014,3.505655247139356
254985,1,IDFM:463307,IDFM:22091,62,0.7075133025409773,3.183809861434398
254986,1,IDFM:22091,IDFM:463160,56,0.462435104253007,2.0809579691385314
254987,1,IDFM:463160,IDFM:463218,52,0.7250062518239034,3.2625281332075655
254988,1,IDFM:463218,IDFM:463227,45,0.4607691105283214,2.0734609973774463
254989,1,IDFM:463227,IDFM:22075,55,0.5802984174224987,2.611342878401244
254990,1,IDFM:22075,IDFM:463150,49,0.42175997088196887,1.89791986896886
254991,1,IDFM:463150,IDFM:463010,78,0.8829459699264223,3.9732568646689
254992,1,IDFM:463010,IDFM:463181,59,0.42484765472208363,1.9118144462493762
254993,1,IDFM:463181,IDFM:463185,59,0.8840386824947738,3.978174071226482
254994,1,IDFM:463185,IDFM:463013,62,0.5370243654078846,2.4166096443354803
254995,1,IDFM:463013,IDFM:22088,60,0.4871630189301058,2.192233585185476
254996,1,IDFM:22088,IDFM:22078,69,0.7173049242329393,3.227872159048227
254997,1,IDFM:22078,IDFM:463217,86,0.9491925028647221,4.27136626289125
254998,1,IDFM:463217,IDFM:22099,77,1.0795467238173209,4.857960257177944
254999,1,IDFM:22099,IDFM:22102,80,0.9912588175765824,4.460664679094621
255000,1,IDFM:22102,IDFM:463193,80,1.219076167616339,5.485842754273526
255016,1,IDFM:463149,IDFM:463130,78,0.8296723891707684,3.7335257512684574
255017,1,IDFM:463130,IDFM:463040,71,0.8499403172753844,3.82473142773923
255018,1,IDFM:463040,IDFM:463012,84,0.9365436622718266,4.21444648022322
255019,1,IDFM:463012,IDFM:462943,81,0.9778311069471629,4.400239981262233
255020,1,IDFM:462943,IDFM:463294,88,0.949580325323747,4.2731114639568615
255021,1,IDFM:463294,IDFM:463197,74,0.977509637594759,4.398793369176415
260776,1,IDFM:22086,IDFM:22084,62,0.5386474942351412,2.4239137240581354
260777,1,IDFM:22084,IDFM:22082,59,0.8819878011250059,3.9689451050625264
260778,1,IDFM:22082,IDFM:22090,59,0.42640936751391945,1.9188421538126375
260779,1,IDFM:22090,IDFM:22085,74,0.880974467820004,3.964385105190018
260780,1,IDFM:22085,IDFM:463041,50,0.4238117618715003,1.9071529284217514
260781,1,IDFM:463041,IDFM:22079,57,0.580323050365577,2.611453726645096
260782,1,IDFM:22079,IDFM:22081,47,0.4602725194352402,2.071226337458581
260783,1,IDFM:22081,IDFM:22087,54,0.7234533620893989,3.255540129402295
260784,1,IDFM:22087,IDFM:463080,56,0.4667412196198973,2.100335488289538
260785,1,IDFM:463080,IDFM:22074,65,0.710731171214974,3.198290270467383
260786,1,IDFM:22074,IDFM:463019,99,0.7755159997948292,3.4898219990767316
260787,1,IDFM:463019,IDFM:22083,103,0.8934191598990666,4.0203862195457996
260788,1,IDFM:22083,IDFM:22076,82,0.9814718322421487,4.416623245089669
260789,1,IDFM:22076,IDFM:22080,77,0.9460275573207848,4.257124007943531
260790,1,IDFM:22080,IDFM:22077,88,0.9779831786175142,4.4009243037788135
260791,1,IDFM:22077,IDFM:22103,79,0.9333463066226663,4.200058379801998
260792,1,IDFM:22103,IDFM:22105,70,0.8471897960080196,3.812354082036088
260793,1,IDFM:22105,IDFM:22104,71,0.8308071572535298,3.738632207640884
260814,1,IDFM:22101,IDFM:463170,75,1.2170189719672002,5.476585373852401
260815,1,IDFM:463170,IDFM:463044,75,0.9928018798425031,4.467608459291264
260816,1,IDFM:463044,IDFM:22100,80,1.082082326264443,4.869370468189993
260817,1,IDFM:22100,IDFM:463257,86,0.9446013373855623,4.2507060182350305
260818,1,IDFM:463257,IDFM:463121,77,0.7203690674108634,3.241660803348885
260819,1,IDFM:463121,IDFM:22086,52,0.48683069908969623,2.190738145903633
341112,1,IDFM:463149,IDFM:462943,314,3.5905372794675494,16.157417757603973
341113,1,IDFM:462943,IDFM:463197,162,1.9240609533912316,8.658274290260543
341115,1,IDFM:22089,IDFM:22091,167,1.478759153730971,6.65441619178937
341116,1,IDFM:22101,IDFM:463044,150,2.2098201737269076,9.944190781771084
341117,1,IDFM:463044,IDFM:463257,166,2.0266794258200767,9.120057416190345
341118,1,IDFM:463257,IDFM:22086,129,1.182286396923498,5.320288786155741
345684,1,IDFM:22082,IDFM:22085,133,1.300522700510254,5.852352152296143
345685,1,IDFM:22085,IDFM:22087,208,2.187797980750367,9.845090913376652
345686,1,IDFM:22087,IDFM:463019,220,1.944622425396514,8.750800914284314
345688,1,IDFM:22083,IDFM:22080,159,1.9241865861142406,8.658839637514083
345689,1,IDFM:22080,IDFM:22104,308,3.58611173223892,16.13750279507514
346155,1,IDFM:22089,IDFM:463160,223,1.9405503644085265,8.732476639838369
346156,1,IDFM:463160,IDFM:463150,201,2.1878041175332954,9.84511852889983
346157,1,IDFM:463150,IDFM:463181,137,1.3005226456488959,5.852351905420031
346160,1,IDFM:463013,IDFM:22078,129,1.1823673525227119,5.320653086352204
346161,1,IDFM:22078,IDFM:22099,163,2.028724009470456,9.129258042617051
346162,1,IDFM:22099,IDFM:463193,160,2.210329516357972,9.946482823610875
370315,1,IDFM:22072,IDFM:22124,91,0.45541023115091517,2.049346040179118
370316,1,IDFM:22124,IDFM:463117,57,0.6564308834452945,2.9539389755038252
370317,1,IDFM:463117,IDFM:22113,52,0.42863634412408536,1.928863548558384
370318,1,IDFM:22113,IDFM:22112,65,0.6014612863069699,2.7065757883813646
370319,1,IDFM:22112,IDFM:22116,63,0.6143866377302178,2.76473986978598
370320,1,IDFM:22116,IDFM:22126,58,0.4467603083427957,2.0104213875425807
370321,1,IDFM:22126,IDFM:22128,57,0.49349954594527834,2.2207479567537525
370322,1,IDFM:22128,IDFM:22120,66,0.8661557400886054,3.8977008303987244
370323,1,IDFM:22120,IDFM:22118,64,0.4995633777835249,2.248035200025862
370324,1,IDFM:22118,IDFM:463009,71,0.5140155049366646,2.3130697722149907
370325,1,IDFM:463009,IDFM:462982,56,0.449808929395048,2.024140182277716
370326,1,IDFM:462982,IDFM:463094,82,0.8326830307815242,3.747073638516859
370327,1,IDFM:463094,IDFM:22123,54,0.5541990146843777,2.4938955660796998
370328,1,IDFM:22123,IDFM:22114,61,0.5017524940621575,2.2578862232797086
370329,1,IDFM:22114,IDFM:463113,55,0.5218686699533452,2.348409014790054
370330,1,IDFM:463113,IDFM:463252,58,0.38561188272429214,1.7352534722593147
370331,1,IDFM:463252,IDFM:463296,65,0.5782908062107348,2.6023086279483065
370332,1,IDFM:463296,IDFM:22106,70,0.492759256862988,2.217416655883446
370333,1,IDFM:22106,IDFM:22117,62,0.5384193544539736,2.4228870950428814
370334,1,IDFM:22117,IDFM:463154,49,0.5408700022133043,2.433915009959869
370335,1,IDFM:463154,IDFM:463266,58,0.4554643882370813,2.049589747066866
370336,1,IDFM:463266,IDFM:22094,58,0.45650312993597475,2.0542640847118863
370337,1,IDFM:22094,IDFM:463322,94,1.0606974324913996,4.7731384462112985
370338,1,IDFM:463322,IDFM:463256,93,0.7130811671048766,3.2088652519719445
374827,1,IDFM:463043,IDFM:22108,56,0.45502374386600125,2.0476068473970055
374828,1,IDFM:22108,IDFM:22121,55,0.45645213710312554,2.054034616964065
374829,1,IDFM:22121,IDFM:463240,49,0.5408700022133043,2.433915009959869
374830,1,IDFM:463240,IDFM:462988,62,0.5401701774210934,2.4307657983949205
374831,1,IDFM:462988,IDFM:22110,66,0.49290992240703135,2.2180946508316413
374832,1,IDFM:22110,IDFM:22115,65,0.5800146726042255,2.6100660267190143
374833,1,IDFM:22115,IDFM:22125,57,0.38079258861233845,1.713566648755523
374834,1,IDFM:22125,IDFM:463088,55,0.5222174574550491,2.349978558547721
374835,1,IDFM:463088,IDFM:463120,66,0.5065582740036537,2.2795122330164417
374836,1,IDFM:463120,IDFM:22127,63,0.5548365684653256,2.496764558093965
374837,1,IDFM:22127,IDFM:22119,78,0.8275069852259972,3.7237814335169874
374838,1,IDFM:22119,IDFM:22107,55,0.4500082534427895,2.025037140492553
374839,1,IDFM:22107,IDFM:462981,69,0.5016886294059878,2.257598832326945
374840,1,IDFM:462981,IDFM:462984,63,0.5053328709158686,2.273997919121409
374841,1,IDFM:462984,IDFM:463111,69,0.8638867651276474,3.8874904430744133
374842,1,IDFM:463111,IDFM:462983,59,0.496949439332895,2.2362724769980273
374843,1,IDFM:462983,IDFM:463243,61,0.44532568304483494,2.003965573701757
374844,1,IDFM:463243,IDFM:463285,65,0.6129603483917523,2.758321567762885
374845,1,IDFM:463285,IDFM:463230,67,0.6092222747033444,2.74150023616505
374846,1,IDFM:463230,IDFM:22122,53,0.4207857937135036,1.8935360717107663
374847,1,IDFM:22122,IDFM:463125,61,0.6549012330205145,2.9470555485923153
374848,1,IDFM:463125,IDFM:463067,110,0.44277890733201647,1.992505082994074
374865,1,IDFM:22111,IDFM:22109,83,0.7229531314709119,3.2532890916191035
374866,1,IDFM:22109,IDFM:463043,87,1.0653035663127886,4.793866048407549
398757,1,IDFM:22111,IDFM:463043,160,1.6042392778950865,7.219076750527889
398758,1,IDFM:463043,IDFM:22115,331,2.9155013544602606,13.119756095071173
398759,1,IDFM:22115,IDFM:463088,118,0.8830222000987493,3.973599900444372
398763,1,IDFM:22119,IDFM:463111,229,2.0670967145127244,9.30193521530726
398764,1,IDFM:463111,IDFM:463285,186,1.5547467133671917,6.996360210152362
398765,1,IDFM:463285,IDFM:463067,256,1.922590862009971,8.65165887904487
403098,1,IDFM:22072,IDFM:22112,249,1.919865752666076,8.639395886997342
403099,1,IDFM:22112,IDFM:22128,161,1.5535737466815898,6.991081860067154
403100,1,IDFM:22128,IDFM:462982,237,2.078726676581518,9.35427004461683
403104,1,IDFM:22114,IDFM:463252,108,0.8913130403339484,4.010908681502768
403105,1,IDFM:463252,IDFM:22094,339,2.9211953471976244,13.14537906238931
403106,1,IDFM:22094,IDFM:463256,176,1.5704341298919935,7.06695358451397
464500,1,IDFM:22120,IDFM:463009,151,0.9385008328306766,4.2232537477380445
464529,1,IDFM:22107,IDFM:462984,147,0.9318348050244493,4.193256622610022
470808,1,IDFM:22035,IDFM:463119,72,0.743663789821177,3.3464870541952965
470809,1,IDFM:463119,IDFM:463210,57,0.5551861023440976,2.498337460548439
470810,1,IDFM:463210,IDFM:463258,67,0.4919142354807555,2.2136140596633997
470811,1,IDFM:463258,IDFM:22021,64,0.47968071939622586,2.1585632372830164
470812,1,IDFM:22021,IDFM:22028,48,0.5999550534518536,2.6997977405333415
470813,1,IDFM:22028,IDFM:22031,53,0.4243642104834053,1.9096389471753237
470814,1,IDFM:22031,IDFM:22027,78,0.5781410003121743,2.601634501404784
470815,1,IDFM:22027,IDFM:463069,78,0.6124108675495773,2.755848903973098
470816,1,IDFM:463069,IDFM:462971,62,0.5216265787598481,2.3473196044193165
470817,1,IDFM:462971,IDFM:21906,55,0.3148574202895583,1.4168583913030124
470818,1,IDFM:21906,IDFM:22030,51,0.39787344589629303,1.7904305065333186
470819,1,IDFM:22030,IDFM:22024,60,0.4990628358945393,2.245782761525427
470820,1,IDFM:22024,IDFM:463090,54,0.38383769590642325,1.7272696315789047
470821,1,IDFM:463090,IDFM:462986,57,0.6064356082269419,2.7289602370212385
470822,1,IDFM:462986,IDFM:463091,52,0.40038874135807095,1.8017493361113193
470823,1,IDFM:463091,IDFM:21994,53,0.40671772126238837,1.8302297456807477
470824,1,IDFM:21994,IDFM:463316,50,0.4349468043475594,1.9572606195640172
470825,1,IDFM:463316,IDFM:21902,49,0.23338312231160319,1.0502240504022144
470826,1,IDFM:21902,IDFM:463250,75,0.9098139025840963,4.094162561628433
470827,1,IDFM:463250,IDFM:463297,57,0.5065366533291424,2.279414939981141
470828,1,IDFM:463297,IDFM:22020,69,0.4989566158995343,2.245304771547904
470829,1,IDFM:22020,IDFM:21950,90,0.9732622430224586,4.379680093601063
470830,1,IDFM:21950,IDFM:22022,79,0.9674919506490852,4.353713777920883
470831,1,IDFM:22022,IDFM:22037,71,0.6064829150493758,2.729173117722191
472248,1,IDFM:463174,IDFM:463276,66,0.6128152900728652,2.757668805327893
472249,1,IDFM:463276,IDFM:462991,79,0.9601828186137636,4.320822683761937
472250,1,IDFM:462991,IDFM:463286,91,0.9681299453533506,4.356584754090078
472251,1,IDFM:463286,IDFM:22025,62,0.5029671210231365,2.263352044604114
472252,1,IDFM:22025,IDFM:22019,54,0.505438778597986,2.274474503690937
472253,1,IDFM:22019,IDFM:462946,77,0.9089890829656949,4.0904508733456275
472254,1,IDFM:462946,IDFM:22026,47,0.24006379329566876,1.0802870698305094
472255,1,IDFM:22026,IDFM:463122,50,0.4355863235947143,1.9601384561762143
472256,1,IDFM:463122,IDFM:22018,49,0.401732067752015,1.8077943048840674
472257,1,IDFM:22018,IDFM:22029,58,0.39788437977620805,1.7904797089929363
472258,1,IDFM:22029,IDFM:22033,49,0.607163720947066,2.7322367442617974
472259,1,IDFM:22033,IDFM:462989,55,0.38308185871382894,1.72386836421223
472260,1,IDFM:462989,IDFM:463246,60,0.4965417798911164,2.234438009510024
472261,1,IDFM:463246,IDFM:463189,54,0.39773769427683536,1.7898196242457591
472262,1,IDFM:463189,IDFM:21963,56,0.3118799328147186,1.4034596976662337
472263,1,IDFM:21963,IDFM:22032,61,0.5180648466141817,2.331291809763818
472264,1,IDFM:22032,IDFM:462987,74,0.6255384255066608,2.8149229147799737
472265,1,IDFM:462987,IDFM:463068,67,0.572148942947373,2.5746702432631783
472266,1,IDFM:463068,IDFM:463070,56,0.424829754767031,1.9117338964516395
472267,1,IDFM:463070,IDFM:463228,48,0.6024044239732183,2.710819907879482
472268,1,IDFM:463228,IDFM:22023,69,0.5028400638498506,2.2627802873243277
472269,1,IDFM:22023,IDFM:22034,68,0.46751406304689314,2.1038132837110193
472270,1,IDFM:22034,IDFM:22036,59,0.5447541668066763,2.4513937506300434
472271,1,IDFM:22036,IDFM:462985,77,0.7530049992787331,3.388522496754299
540045,1,IDFM:462996,IDFM:463308,65,0.4545997240524433,2.0456987582359947
540046,1,IDFM:463308,IDFM:462992,49,0.6219329412939828,2.7986982358229224
540047,1,IDFM:462992,IDFM:22136,57,0.40063139641254564,1.8028412838564554
540048,1,IDFM:22136,IDFM:22145,45,0.5025321030386902,2.261394463674106
540049,1,IDFM:22145,IDFM:463306,57,0.4243461636793248,1.9095577365569616
540050,1,IDFM:463306,IDFM:463161,45,0.33038799115432343,1.4867459601944555
540051,1,IDFM:463161,IDFM:463158,60,0.6152074698754806,2.7684336144396626
540052,1,IDFM:463158,IDFM:463208,48,0.3605935056201347,1.6226707752906062
540053,1,IDFM:463208,IDFM:22147,50,0.2844471740449482,1.280012283202267
540054,1,IDFM:22147,IDFM:22142,52,0.42799332563400716,1.9259699653530322
540055,1,IDFM:22142,IDFM:22134,43,0.48433427565223663,2.179504240435065
540056,1,IDFM:22134,IDFM:22153,43,0.38413937953847127,1.7286272079231206
540057,1,IDFM:22153,IDFM:463022,47,0.5145915785206558,2.315662103342951
540058,1,IDFM:463022,IDFM:463183,67,0.43283885714778814,1.9477748571650466
540059,1,IDFM:463183,IDFM:463093,75,0.7701242258331993,3.4655590162493968
540060,1,IDFM:463093,IDFM:22152,41,0.4882586438312412,2.197163897240585
540061,1,IDFM:22152,IDFM:22132,41,0.5164888525452533,2.32419983645364
540062,1,IDFM:22132,IDFM:463310,46,0.36086447228620055,1.6238901252879026
540063,1,IDFM:463310,IDFM:22141,48,0.5428416985078213,2.442787643285196
540064,1,IDFM:22149,IDFM:22148,71,0.4214802362143062,1.8966610629643779
540065,1,IDFM:22148,IDFM:462979,46,0.5108015657729154,2.298607045978119
540066,1,IDFM:462979,IDFM:463313,43,0.38198506739041715,1.7189328032568771
540067,1,IDFM:463313,IDFM:463072,43,0.48775333820399236,2.1948900219179657
540068,1,IDFM:463072,IDFM:463171,56,0.4174726838672329,1.8786270774025482
540069,1,IDFM:463171,IDFM:22146,51,0.29166799932914883,1.3125059969811697
540070,1,IDFM:22146,IDFM:22092,50,0.37029886285122826,1.6663448828305272
540071,1,IDFM:22092,IDFM:22150,58,0.6065476548098502,2.7294644466443256
540072,1,IDFM:22150,IDFM:22137,45,0.3245592702251985,1.4605167160133932
540073,1,IDFM:22137,IDFM:462995,53,0.4154628729822364,1.8695829284200638
540074,1,IDFM:462995,IDFM:462993,46,0.5030679660053888,2.26380584702425
540075,1,IDFM:462993,IDFM:22139,56,0.42429908499801333,1.90934588249106
540076,1,IDFM:22139,IDFM:22138,51,0.619807909478433,2.7891355926529484
540077,1,IDFM:22138,IDFM:22143,67,0.45965067086482364,2.0684280188917064
540078,1,IDFM:22143,IDFM:463016,39,0.4455860044841067,2.00513702017848
540079,1,IDFM:463016,IDFM:22131,64,0.39416089742153754,1.7737240383969188
540080,1,IDFM:22131,IDFM:463104,56,0.6786145469643112,3.0537654613394007
540081,1,IDFM:463104,IDFM:22144,36,0.3780350235664016,1.7011576060488074
540082,1,IDFM:22144,IDFM:22154,45,0.4658346542607225,2.0962559441732513
540083,1,IDFM:22154,IDFM:22140,55,0.6264921434256864,2.8192146454155886
540084,1,IDFM:22140,IDFM:26602,80,0.8076882197021692,3.6345969886597613
540085,1,IDFM:26602,IDFM:483313,97,1.1231618979823113,5.0542285409204
540086,1,IDFM:483313,IDFM:483314,84,0.7992923984634865,3.5968157930856894
540087,1,IDFM:483423,IDFM:483277,83,0.8004647974820543,3.6020915886692446
540088,1,IDFM:483277,IDFM:463222,97,1.1222195658234388,5.049988046205475
540089,1,IDFM:463222,IDFM:463092,79,0.8090918534301362,3.640913340435613
540090,1,IDFM:463092,IDFM:463118,74,0.6225402097869984,2.801430944041493
540091,1,IDFM:463118,IDFM:463242,45,0.4662494638353574,2.0981225872591085
540092,1,IDFM:463242,IDFM:22151,36,0.38054201090748646,1.7124390490836892
540093,1,IDFM:22151,IDFM:463291,54,0.6722644175657699,3.0251898790459646
540094,1,IDFM:463291,IDFM:22135,64,0.42762070245133427,1.9242931610310041
540095,1,IDFM:22135,IDFM:462996,37,0.4451500195171198,2.003175087827039
547859,1,IDFM:463073,IDFM:22133,50,0.5442173814799662,2.448978216659848
547860,1,IDFM:22133,IDFM:462974,46,0.3560602539867928,1.6022711429405676
547861,1,IDFM:462974,IDFM:463148,43,0.5373882042130451,2.418246918958703
547862,1,IDFM:463148,IDFM:22130,40,0.4706941362067039,2.1181236129301677
547863,1,IDFM:22130,IDFM:22149,86,0.7797616454034415,3.5089274043154868
631854,1,IDFM:463073,IDFM:22130,167,1.854431759863189,8.34494291938435
631857,1,IDFM:22148,IDFM:463313,86,0.8925980719257188,4.016691323665735
631858,1,IDFM:463313,IDFM:22146,126,1.1512957857002484,5.180831035651118
631860,1,IDFM:22092,IDFM:22137,99,0.8089782906719161,3.6404023080236225
631861,1,IDFM:22137,IDFM:22143,240,2.0685220075630744,9.308349034033835
631862,1,IDFM:22143,IDFM:463104,149,1.4222182393625111,6.3999820771313
631863,1,IDFM:463104,IDFM:22140,76,1.4545353336246432,6.545409001310894
631865,1,IDFM:26602,IDFM:483314,90,1.9162630137791405,8.623183562006133
640027,1,IDFM:483423,IDFM:463222,179,1.9167243326274308,8.625259496823439
640029,1,IDFM:463092,IDFM:22151,137,1.4533158179346242,6.539921180705809
640030,1,IDFM:22151,IDFM:462996,141,1.4344529410829634,6.455038234873335
640031,1,IDFM:462996,IDFM:463306,242,2.062393231197115,9.280769540387016
640032,1,IDFM:463306,IDFM:463158,102,0.8167243413270268,3.6752595359716205
640034,1,IDFM:463208,IDFM:22134,128,1.1505179905483724,5.177330957467676
640035,1,IDFM:22134,IDFM:463022,87,0.8985361371482081,4.043412617166936
640038,1,IDFM:463093,IDFM:22141,172,1.8554134526441926,8.349360536898866
680712,1,IDFM:21981,IDFM:22004,82,0.5371617922662655,2.4172280651981946
680713,1,IDFM:22004,IDFM:22010,88,0.9033870254697998,4.065241614614099
680714,1,IDFM:22010,IDFM:463138,54,0.3931113946636278,1.7690012759863252
680715,1,IDFM:463138,IDFM:463096,59,0.485126527784427,2.1830693750299215
680716,1,IDFM:463096,IDFM:463059,72,0.673491180120174,3.030710310540783
680717,1,IDFM:463059,IDFM:462961,83,0.5419419982516591,2.438738992132466
680718,1,IDFM:462961,IDFM:22011,62,0.4549802389942196,2.0474110754739883
680719,1,IDFM:22011,IDFM:22013,83,0.7487035626997943,3.3691660321490744
680720,1,IDFM:22013,IDFM:463182,92,0.45381279270789954,2.042157567185548
680721,1,IDFM:463182,IDFM:22001,106,1.0167609929274937,4.575424468173722
680722,1,IDFM:22001,IDFM:21952,53,0.3726468414234134,1.6769107864053603
680723,1,IDFM:21952,IDFM:22012,60,0.7210521082535123,3.2447344871408053
680724,1,IDFM:22012,IDFM:463027,63,0.6516850107477355,2.93258254836481
680725,1,IDFM:463027,IDFM:463280,62,0.5005521527737904,2.252484687482057
680726,1,IDFM:463280,IDFM:22017,77,1.0001230251783004,4.500553613302352
680727,1,IDFM:22017,IDFM:22016,85,0.8667780063447728,3.9005010285514774
680728,1,IDFM:22016,IDFM:22014,93,1.1518167552367302,5.183175398565286
680729,1,IDFM:22014,IDFM:463131,200,2.372841169722271,10.67778526375022
680730,1,IDFM:22015,IDFM:463002,187,2.3534575107096876,10.590558798193594
680731,1,IDFM:463002,IDFM:463178,99,1.151366514627087,5.181149315821892
680732,1,IDFM:463178,IDFM:463017,76,0.8667979229479148,3.9005906532656165
680733,1,IDFM:463017,IDFM:22003,79,1.0034956485621513,4.515730418529681
680734,1,IDFM:22003,IDFM:22005,66,0.4861415053611442,2.187636774125149
680735,1,IDFM:22005,IDFM:462999,61,0.6675333681105816,3.0039001564976173
680736,1,IDFM:462999,IDFM:463095,58,0.718133261196792,3.231599675385564
680737,1,IDFM:463095,IDFM:463032,50,0.36402675455592715,1.638120395501672
680738,1,IDFM:463032,IDFM:22007,115,1.0240239709986505,4.608107869493927
680739,1,IDFM:22007,IDFM:463021,99,0.46739639163814317,2.1032837623716443
680740,1,IDFM:463021,IDFM:463191,81,0.7436465736638469,3.346409581487311
680741,1,IDFM:463191,IDFM:21903,65,0.45564817155251375,2.050416771986312
680742,1,IDFM:21903,IDFM:21905,73,0.544487312664827,2.450192906991721
680743,1,IDFM:21905,IDFM:22002,70,0.662076749346033,2.9793453720571486
680744,1,IDFM:22002,IDFM:22008,60,0.48410805229453663,2.1784862353254146
680745,1,IDFM:22008,IDFM:463018,54,0.39433276290657754,1.7744974330795988
680746,1,IDFM:463018,IDFM:463289,93,0.9124369966038501,4.105966484717325
680747,1,IDFM:463289,IDFM:463023,83,0.5168581670371621,2.3258617516672295
680748,1,IDFM:463023,IDFM:22000,80,0.6377036532435929,2.869666439596168
680749,1,IDFM:22000,IDFM:22009,50,0.418411661722583,1.8828524777516233
680750,1,IDFM:22009,IDFM:463025,113,0.6425502826764337,2.8914762720439513
686295,1,IDFM:463020,IDFM:463097,49,0.41387122312301,1.862420504053545
686296,1,IDFM:463097,IDFM:21981,73,0.6334389247144465,2.850475161215009
686335,1,IDFM:22006,IDFM:463020,81,0.6423310039513306,2.8904895177809875
758383,1,IDFM:22170,IDFM:22180,52,0.6486799513703403,2.9190597811665313
758384,1,IDFM:22180,IDFM:463268,50,0.47993107113385136,2.159689820102331
758385,1,IDFM:463268,IDFM:463101,47,0.7784458403127136,3.503006281407211
758386,1,IDFM:463101,IDFM:22179,72,0.5614933858990263,2.5267202365456183
758387,1,IDFM:22179,IDFM:463099,49,0.5776402950656294,2.5993813277953324
758388,1,IDFM:463099,IDFM:22162,54,0.49307934585463997,2.21885705634588
758389,1,IDFM:22162,IDFM:463140,45,0.36958145956298427,1.6631165680334292
758390,1,IDFM:463140,IDFM:22163,38,0.6042898774696017,2.7193044486132076
758391,1,IDFM:22163,IDFM:22166,52,0.4853867121330991,2.1842402045989457
758392,1,IDFM:22166,IDFM:22156,59,0.7158233447721779,3.2212050514748007
758393,1,IDFM:22156,IDFM:463100,70,0.36842307083123815,1.6579038187405717
758394,1,IDFM:463100,IDFM:463292,54,0.4913852663038871,2.211233698367492
758395,1,IDFM:463292,IDFM:463103,59,0.6478771141232134,2.91544701355446
758396,1,IDFM:463103,IDFM:463305,48,0.40283528199543905,1.8127587689794757
758397,1,IDFM:463305,IDFM:463186,48,0.5783939225577815,2.602772651510017
758398,1,IDFM:463186,IDFM:463105,53,0.6248025095414488,2.8116112929365196
758399,1,IDFM:463105,IDFM:22168,72,0.4814576493342936,2.166559422004321
758400,1,IDFM:22168,IDFM:22169,68,0.6383179744361256,2.872430884962565
758401,1,IDFM:22169,IDFM:463147,57,0.4951585882597412,2.228213647168835
758402,1,IDFM:463147,IDFM:22161,47,0.47719077283015626,2.147358477735703
758403,1,IDFM:22161,IDFM:22178,48,0.6905096265730716,3.107293319578822
758404,1,IDFM:22178,IDFM:22182,68,0.8674772748353322,3.903647736758995
758405,1,IDFM:22182,IDFM:22181,61,0.5545398558422331,2.4954293512900487
758406,1,IDFM:22181,IDFM:463127,56,0.4718818576218089,2.12346835929814
758407,1,IDFM:463127,IDFM:463098,57,0.4713033581660495,2.120865111747223
758408,1,IDFM:463098,IDFM:463028,109,0.5832566028667188,2.6246547129002344
758539,1,IDFM:22073,IDFM:22167,120,0.5839842685462109,2.627929208457949
758540,1,IDFM:22167,IDFM:22177,57,0.46023145290485323,2.0710415380718397
758541,1,IDFM:22177,IDFM:463169,55,0.4650557190589202,2.092750735765141
758542,1,IDFM:463169,IDFM:463075,50,0.5546691283090157,2.4960110773905706
758543,1,IDFM:463075,IDFM:463128,61,0.864562278960961,3.890530255324325
758544,1,IDFM:463128,IDFM:463288,72,0.6908019571392122,3.108608807126455
758545,1,IDFM:463288,IDFM:22174,46,0.47788771992534346,2.1504947396640457
758546,1,IDFM:22174,IDFM:463004,46,0.4961005978919294,2.232452690513682
758547,1,IDFM:463004,IDFM:463003,50,0.6368328371366159,2.8657477671147715
758548,1,IDFM:463003,IDFM:22175,72,0.48015369743032565,2.1606916384364654
758549,1,IDFM:22175,IDFM:22173,67,0.6218174736054453,2.798178631224504
758550,1,IDFM:22173,IDFM:22160,53,0.5787253321551935,2.6042639946983708
758551,1,IDFM:22160,IDFM:22158,47,0.4022754691653475,1.8102396112440637
758552,1,IDFM:22158,IDFM:22155,47,0.6407281437563338,2.8832766469035023
758553,1,IDFM:22155,IDFM:22172,56,0.4984247755166996,2.2429114898251483
758554,1,IDFM:22172,IDFM:462955,55,0.37945055369398767,1.7075274916229446
758555,1,IDFM:462955,IDFM:462948,66,0.700702191827943,3.153159863225744
758556,1,IDFM:462948,IDFM:463314,57,0.4901580331153259,2.2057111490189665
758557,1,IDFM:463314,IDFM:22176,55,0.6050460576519024,2.722707259433561
758558,1,IDFM:22176,IDFM:463194,39,0.3699430100597609,1.6647435452689239
758559,1,IDFM:463194,IDFM:22171,46,0.4926534362541684,2.2169404631437577
758560,1,IDFM:22171,IDFM:463005,54,0.5749330092901398,2.587198541805629
758561,1,IDFM:463005,IDFM:22165,57,0.5481711580395634,2.4667702111780354
758562,1,IDFM:22165,IDFM:22164,77,0.7750909347343624,3.487909206304631
758563,1,IDFM:22164,IDFM:463114,50,0.47810260454762915,2.151461720464331
758564,1,IDFM:463114,IDFM:463102,48,0.6332510801233271,2.849629860554972
758565,1,IDFM:463102,IDFM:463042,97,0.3306564230370929,1.487953903666918
760527,1,IDFM:22095,IDFM:22170,94,0.3382925698246988,1.5223165642111445
761842,1,IDFM:22073,IDFM:463128,343,1.6950030198569719,7.627513589356374
761843,1,IDFM:463128,IDFM:463003,214,2.295675066031109,10.330537797139991
761844,1,IDFM:463003,IDFM:22158,239,1.9966948304110632,8.985126736849784
761845,1,IDFM:22158,IDFM:462955,158,1.4004749498369824,6.302137274266421
761846,1,IDFM:462955,IDFM:22176,178,1.686632171605129,7.58984477222308
761848,1,IDFM:463194,IDFM:463005,100,1.0401647797488065,4.680741508869629
761849,1,IDFM:463005,IDFM:22164,134,1.2285348771039541,5.5284069469677934
761850,1,IDFM:22164,IDFM:463102,98,1.111321854495646,5.000948345230407
769770,1,IDFM:22170,IDFM:463268,97,1.1283206138975388,5.077442762538925
769771,1,IDFM:463268,IDFM:22179,121,1.2373638770979312,5.56813744694069
769772,1,IDFM:22179,IDFM:22162,99,1.045808516021017,4.706138322094577
769774,1,IDFM:463140,IDFM:22156,181,1.695511762587986,7.629802931645937
769775,1,IDFM:22156,IDFM:463103,161,1.3920512303544923,6.264230536595216
769776,1,IDFM:463103,IDFM:22168,241,2.0069174695982186,9.031128613191983
769777,1,IDFM:22168,IDFM:22178,220,2.2954045055420527,10.329320274939237
769778,1,IDFM:22178,IDFM:463028,317,1.6913510985824407,7.611079943620983
850570,1,IDFM:22374,IDFM:463031,96,0.929948998836336,4.184770494763512
850571,1,IDFM:463031,IDFM:463179,114,1.7240932230654455,7.758419503794505
850572,1,IDFM:463179,IDFM:22395,103,0.8709599440242658,3.919319748109196
850579,1,IDFM:463200,IDFM:22393,85,0.8740306233820009,3.933137805219004
850580,1,IDFM:22393,IDFM:22394,116,1.7247181696522227,7.761231763435002
850581,1,IDFM:22394,IDFM:463007,108,0.9268160516195156,4.170672232287821
850582,1,IDFM:463007,IDFM:463152,72,0.5026000152115518,2.2617000684519835
850583,1,IDFM:463152,IDFM:22392,61,0.661248166569771,2.9756167495639696
850584,1,IDFM:22392,IDFM:463295,53,0.4440190302455989,1.998085636105195
850585,1,IDFM:463295,IDFM:463008,58,0.6285646529871891,2.8285409384423508
850586,1,IDFM:463008,IDFM:22384,67,0.5533683863037314,2.490157738366791
850587,1,IDFM:22384,IDFM:463006,74,0.40641200820907375,1.828854036940832
850588,1,IDFM:463006,IDFM:22387,57,0.4257957722277967,1.9160809750250851
850589,1,IDFM:22387,IDFM:22377,92,0.7941373384415024,3.5736180229867607
850590,1,IDFM:22377,IDFM:463139,47,0.3931681407985538,1.769256633593492
850591,1,IDFM:463139,IDFM:22382,58,0.38229651132233144,1.7203343009504914
850592,1,IDFM:22382,IDFM:463145,58,0.5896266615473388,2.6533199769630245
850593,1,IDFM:463145,IDFM:22381,72,0.38479606271103395,1.7315822821996527
850594,1,IDFM:22381,IDFM:463283,63,0.5928326028348657,2.667746712756896
850595,1,IDFM:463283,IDFM:22376,56,0.4626279600952581,2.0818258204286613
850596,1,IDFM:22376,IDFM:22379,87,0.6698845166173554,3.0144803247780994
850597,1,IDFM:22379,IDFM:463060,69,0.5749435128000951,2.587245807600428
850598,1,IDFM:463060,IDFM:22378,75,0.8946385514803932,4.025873481661769
850599,1,IDFM:22378,IDFM:22369,61,0.46562902210894996,2.095330599490275
850600,1,IDFM:22369,IDFM:463078,90,0.8900142009460568,4.005063904257256
850601,1,IDFM:463078,IDFM:463106,61,0.4807597740476232,2.1634189832143043
850602,1,IDFM:463106,IDFM:463157,48,0.31211198519058614,1.4045039333576377
850603,1,IDFM:463157,IDFM:22383,69,0.5710562762020971,2.569753242909437
850604,1,IDFM:22383,IDFM:22365,64,0.6013231815566997,2.7059543170051485
850605,1,IDFM:22365,IDFM:463267,62,0.7038214924603604,3.1671967160716217
850606,1,IDFM:463267,IDFM:463224,60,0.5252597692401348,2.363668961580607
850607,1,IDFM:463224,IDFM:22398,109,1.5531793676509618,6.989307154429328
850608,1,IDFM:22398,IDFM:22399,69,0.7694822019942318,3.462669908974043
850609,1,IDFM:22399,IDFM:463324,92,1.0896288236431286,4.903329706394079
850610,1,IDFM:463324,IDFM:463269,102,1.117800552036806,5.030102484165627
854156,1,IDFM:463224,IDFM:22380,59,0.40804007372888285,1.8361803317799728
854157,1,IDFM:22380,IDFM:463030,54,0.4581942782707232,2.0618742522182543
854158,1,IDFM:463030,IDFM:463029,58,0.4225844156445885,1.9016298704006482
854159,1,IDFM:463029,IDFM:22397,76,0.9725688851567469,4.376559983205361
854160,1,IDFM:22397,IDFM:463220,107,0.7918803819814592,3.563461718916566
857791,1,IDFM:22396,IDFM:463251,96,0.7893803457365626,3.5522115558145315
857792,1,IDFM:463251,IDFM:22372,87,0.9756764760967108,4.390544142435199
857793,1,IDFM:22372,IDFM:22373,59,0.4465265700475698,2.009369565214064
857794,1,IDFM:22373,IDFM:463235,52,0.44856136615052544,2.0185261476773646
857795,1,IDFM:463235,IDFM:22385,59,0.4002888902705302,1.801300006217386
857796,1,IDFM:22385,IDFM:22370,62,0.5177871288592928,2.3300420798668178
857797,1,IDFM:22370,IDFM:463026,71,0.712057724092058,3.204259758414261
857798,1,IDFM:463026,IDFM:463216,64,0.6032097433592167,2.714443845116475
857799,1,IDFM:463216,IDFM:22391,70,0.5594804735441454,2.517662130948654
857800,1,IDFM:22391,IDFM:22366,52,0.31518222611727825,1.4183200175277522
857801,1,IDFM:22366,IDFM:22386,64,0.4766868047448868,2.1450906213519905
857802,1,IDFM:22386,IDFM:463265,92,0.9017440810907985,4.057848364908593
857803,1,IDFM:463265,IDFM:463231,58,0.4712351790271258,2.1205583056220663
857804,1,IDFM:463231,IDFM:22364,77,0.8942223929157271,4.024000768120772
857805,1,IDFM:22364,IDFM:463232,69,0.5744458650081308,2.5850063925365885
857806,1,IDFM:463232,IDFM:463249,90,0.6683617818888051,3.007628018499623
857807,1,IDFM:463249,IDFM:22375,59,0.4572672470279973,2.057702611625988
857808,1,IDFM:22375,IDFM:463245,69,0.5893359028303873,2.652011562736743
857809,1,IDFM:463245,IDFM:22388,63,0.3722270467272393,1.6750217102725768
857810,1,IDFM:22388,IDFM:463206,59,0.5866463068742331,2.639908380934049
857811,1,IDFM:463206,IDFM:22390,57,0.38386514834390123,1.7273931675475556
857812,1,IDFM:22390,IDFM:463255,45,0.39252517069677456,1.7663632681354855
857813,1,IDFM:463255,IDFM:463001,93,0.7911506111285229,3.560177750078353
857814,1,IDFM:463001,IDFM:22367,57,0.4294754577668449,1.9326395599508022
857815,1,IDFM:22367,IDFM:463033,62,0.4067874177236877,1.8305433797565946
857816,1,IDFM:463033,IDFM:22368,68,0.5466063136912961,2.459728411610832
857817,1,IDFM:22368,IDFM:22371,59,0.6292970401659566,2.8318366807468047
857818,1,IDFM:22371,IDFM:463155,55,0.4421667639855056,1.989750437934775
857819,1,IDFM:463155,IDFM:22389,62,0.6621961761397631,2.979882792628934
857820,1,IDFM:22389,IDFM:22374,71,0.5006503911863125,2.252926760338406
861451,1,IDFM:22400,IDFM:22401,91,1.1235993197923004,5.056196939065352
861452,1,IDFM:22401,IDFM:463323,101,1.0901510877685947,4.905679894958676
861453,1,IDFM:463323,IDFM:463107,68,0.7711026438427732,3.469961897292479
861454,1,IDFM:463107,IDFM:22385,114,1.55230705900256,6.98538176551152
929028,1,IDFM:22186,IDFM:22187,63,0.40591031620153056,1.8265964229068876
929029,1,IDFM:22187,IDFM:22188,51,0.5653039773550859,2.5438678980978864
929030,1,IDFM:22188,IDFM:22189,50,0.39292924358929376,1.768181596151822
929031,1,IDFM:22189,IDFM:463162,57,0.29583544205825757,1.331259489262159
929032,1,IDFM:463162,IDFM:22183,62,0.7520763338924386,3.3843435025159736
929033,1,IDFM:22183,IDFM:463177,83,0.9424902322969436,4.241206045336246
929034,1,IDFM:463177,IDFM:22192,52,0.5006633230657458,2.252984953795856
929035,1,IDFM:22192,IDFM:463199,66,0.5271958377740512,2.3723812699832303
929036,1,IDFM:463199,IDFM:22096,88,0.9610466087246444,4.3247097392609
929037,1,IDFM:22096,IDFM:22194,61,0.5143067662777302,2.314380448249786
929038,1,IDFM:22194,IDFM:22195,54,0.53043668406177,2.386965078277965
929039,1,IDFM:22195,IDFM:463037,60,0.548463132504927,2.4680840962721713
929040,1,IDFM:463037,IDFM:22197,56,0.3690074802296634,1.6605336610334853
929041,1,IDFM:22197,IDFM:463115,49,0.49216824173885965,2.2147570878248684
929042,1,IDFM:463115,IDFM:22159,52,0.4631747143943537,2.0842862147745915
929043,1,IDFM:22159,IDFM:462962,76,0.829979711477178,3.734908701647301
929044,1,IDFM:462962,IDFM:463048,65,0.6306110088854804,2.837749539984662
929045,1,IDFM:463048,IDFM:463309,50,0.27128448172299613,1.2207801677534826
929046,1,IDFM:463309,IDFM:463146,51,0.5005509823566147,2.252479420604766
929047,1,IDFM:463146,IDFM:22097,57,0.48308478391440496,2.1738815276148222
929048,1,IDFM:22097,IDFM:463195,55,0.6108847175870428,2.7489812291416924
929049,1,IDFM:463195,IDFM:463172,63,0.6957767637388398,3.130995436824779
929050,1,IDFM:463172,IDFM:463293,58,0.45771750956076873,2.059728793023459
929051,1,IDFM:463293,IDFM:463241,56,0.48986872059340275,2.2044092426703124
929052,1,IDFM:463241,IDFM:463168,57,0.7044981963314463,3.1702418834915083
929053,1,IDFM:463168,IDFM:22206,62,0.6599260734614238,2.9696673305764074
929054,1,IDFM:22206,IDFM:22207,68,0.382666599332678,1.721999696997051
929055,1,IDFM:22207,IDFM:463277,66,0.3397409351785847,1.5288342083036313
929056,1,IDFM:463277,IDFM:463209,104,1.0210977917108537,4.594940062698842
929057,1,IDFM:463209,IDFM:22210,73,0.8790304888067979,3.9556371996305906
929058,1,IDFM:22210,IDFM:22214,101,1.0952357950265112,4.9285610776193005
929059,1,IDFM:22214,IDFM:22215,84,1.2904117923541625,5.806853065593732
929060,1,IDFM:22215,IDFM:22216,99,1.1856836840024614,5.335576578011076
929258,1,IDFM:22216,IDFM:22211,89,0.8836280636846255,3.976326286580815
929259,1,IDFM:22211,IDFM:22212,72,0.8616909304055499,3.8776091868249747
929260,1,IDFM:22212,IDFM:463056,114,1.4947857136119809,6.726535711253914
929261,1,IDFM:463056,IDFM:21784,106,1.4685340258360864,6.608403116262389
936586,1,IDFM:22184,IDFM:22205,59,0.7042097659990173,3.168943946995578
936587,1,IDFM:22205,IDFM:22098,62,0.49012545414199693,2.205564543638986
936588,1,IDFM:22098,IDFM:22204,60,0.4639800758267314,2.087910341220291
936589,1,IDFM:22204,IDFM:22203,62,0.6830233261553337,3.0736049676990014
936590,1,IDFM:22203,IDFM:463000,58,0.6111290782966103,2.7500808523347464
936591,1,IDFM:463000,IDFM:22202,53,0.47846278963257227,2.153082553346575
936592,1,IDFM:22202,IDFM:22201,54,0.5013804876687916,2.2562121945095623
936593,1,IDFM:22201,IDFM:22200,49,0.2726012511134814,1.2267056300106662
936594,1,IDFM:22200,IDFM:22199,65,0.637437475774888,2.868468640986996
936595,1,IDFM:22199,IDFM:463312,92,0.8350102303538404,3.7575460365922817
936596,1,IDFM:463312,IDFM:22198,47,0.4638808813673214,2.0874639661529466
936597,1,IDFM:22198,IDFM:463058,48,0.49378100466413044,2.222014520988587
936598,1,IDFM:463058,IDFM:22196,55,0.37666625092286066,1.6949981291528728
936599,1,IDFM:22196,IDFM:463244,63,0.5494224145143467,2.47240086531456
936600,1,IDFM:463244,IDFM:463063,50,0.5313162179475724,2.390922980764076
936601,1,IDFM:463063,IDFM:463151,63,0.5215246389834945,2.3468608754257256
936602,1,IDFM:463151,IDFM:22193,87,0.9297272721634946,4.183772724735726
936603,1,IDFM:22193,IDFM:463204,68,0.5546057299694963,2.495725784862733
936604,1,IDFM:463204,IDFM:22191,54,0.49948733553790364,2.2476930099205665
936605,1,IDFM:22191,IDFM:463201,85,0.9420947848163425,4.239426531673541
936606,1,IDFM:463201,IDFM:22190,79,0.7599062595199167,3.4195781678396253
936607,1,IDFM:22190,IDFM:463163,47,0.291573894960277,1.3120825273212466
936608,1,IDFM:463163,IDFM:463135,50,0.39251162105549287,1.766302294749718
936609,1,IDFM:463135,IDFM:463211,54,0.5693712767534207,2.562170745390393
936610,1,IDFM:463211,IDFM:463051,66,0.4109839460269584,1.849427757121313
936643,1,IDFM:463057,IDFM:22213,110,1.4680730051721533,6.60632852327469
936644,1,IDFM:22213,IDFM:463167,102,1.496122260918875,6.732550174134937
936645,1,IDFM:463167,IDFM:463166,77,0.8581386510843292,3.861623929879481
936646,1,IDFM:463166,IDFM:463015,83,0.8940426062481303,4.023191728116586
936647,1,IDFM:463015,IDFM:463225,90,1.185518314480434,5.334832415161953
936648,1,IDFM:463225,IDFM:463047,84,1.293663590237793,5.821486156070069
936649,1,IDFM:463047,IDFM:463142,97,1.1139664391564479,5.012848976204015
936650,1,IDFM:463142,IDFM:22209,75,0.8599365720645751,3.8697145742905876
936651,1,IDFM:22209,IDFM:22208,95,0.9918910079604749,4.463509535822137
936652,1,IDFM:22208,IDFM:463050,65,0.3468336286998447,1.5607513291493011
936653,1,IDFM:463050,IDFM:463226,69,0.3956440248451554,1.780398111803199
936654,1,IDFM:463226,IDFM:22184,64,0.6611591262645807,2.9752160681906132
1032308,1,IDFM:463279,IDFM:21942,103,1.0684940809638062,4.8082233643371275
1032309,1,IDFM:21942,IDFM:21943,84,1.12360257336537,5.056211580144165
1032310,1,IDFM:21943,IDFM:21941,86,0.7427025698100225,3.3421615641451012
1032311,1,IDFM:21914,IDFM:21930,82,0.6348623168546141,2.8568804258457634
1032312,1,IDFM:21930,IDFM:463239,44,0.33204480633248207,1.4942016284961692
1032313,1,IDFM:463239,IDFM:21922,48,0.40706711228983444,1.831802005304255
1032314,1,IDFM:21922,IDFM:21928,74,0.7098702149420677,3.194415967239305
1032315,1,IDFM:21928,IDFM:21915,51,0.3943988566749737,1.7747948550373818
1032316,1,IDFM:21915,IDFM:463203,52,0.49374152541727645,2.221836864377744
1032317,1,IDFM:463203,IDFM:21908,102,0.8143130379650808,3.664408670842864
1032318,1,IDFM:21908,IDFM:21917,65,0.7612857772517303,3.4257859976327865
1032319,1,IDFM:21917,IDFM:21927,66,0.6285816999679344,2.828617649855705
1032320,1,IDFM:21927,IDFM:463052,67,0.6055174135768161,2.7248283610956725
1032321,1,IDFM:463052,IDFM:463180,84,0.878153522348643,3.9516908505688932
1032322,1,IDFM:463180,IDFM:462915,58,0.4491360291474521,2.0211121311635343
1032323,1,IDFM:462915,IDFM:462957,59,0.42942827570492037,1.9324272406721417
1032324,1,IDFM:462957,IDFM:21911,69,0.5440396292128573,2.448178331457858
1032325,1,IDFM:21911,IDFM:21926,63,0.5694715943309476,2.562622174489264
1032326,1,IDFM:21926,IDFM:463144,56,0.5427428714414522,2.4423429214865346
1032327,1,IDFM:463144,IDFM:21921,53,0.39801056811973407,1.7910475565388033
1032328,1,IDFM:21921,IDFM:21909,56,0.3958010915626548,1.7811049120319467
1032329,1,IDFM:21909,IDFM:463133,52,0.4580380545034059,2.0611712452653266
1032330,1,IDFM:463133,IDFM:21920,60,0.4692712542773439,2.1117206442480474
1032331,1,IDFM:21920,IDFM:21918,79,0.8284241439388774,3.7279086477249486
1032332,1,IDFM:21918,IDFM:21925,64,0.539800557634924,2.4291025093571577
1032333,1,IDFM:21925,IDFM:21910,69,0.6454249698435057,2.9044123642957755
1032334,1,IDFM:21910,IDFM:463325,67,0.7058782780148565,3.1764522510668542
1032335,1,IDFM:463325,IDFM:463143,56,0.5300970686546528,2.3854368089459377
1032336,1,IDFM:463143,IDFM:22442,63,0.5037020643493171,2.266659289571927
1032337,1,IDFM:22442,IDFM:21919,67,0.7157925909776628,3.2210666593994826
1032338,1,IDFM:21919,IDFM:463039,70,0.5734251661779645,2.58041324780084
1032339,1,IDFM:463039,IDFM:463215,53,0.4258697120468688,1.9164137042109095
1032340,1,IDFM:463215,IDFM:463279,63,0.40703086388196025,1.8316388874688212
1032377,1,IDFM:21913,IDFM:21936,64,0.40669815727826863,1.8301417077522089
1032378,1,IDFM:21936,IDFM:25084,53,0.42789969477564177,1.925548626490388
1032379,1,IDFM:25084,IDFM:462942,74,0.5672252580336506,2.552513661151428
1032380,1,IDFM:462942,IDFM:463298,64,0.6972552221913974,3.137648499861288
1032381,1,IDFM:463298,IDFM:21934,61,0.5098176127663471,2.2941792574485618
1032382,1,IDFM:21934,IDFM:21916,57,0.5260313497087453,2.367141073689354
1032383,1,IDFM:21916,IDFM:463299,66,0.7088076265890707,3.189634319650818
1032384,1,IDFM:463299,IDFM:463054,69,0.651101559012558,2.9299570155565107
1032385,1,IDFM:463054,IDFM:462963,61,0.534209640221634,2.4039433809973527
1032386,1,IDFM:462963,IDFM:463264,91,0.8370463861680681,3.7667087377563067
1032387,1,IDFM:463264,IDFM:21933,51,0.4712933196959036,2.1208199386315663
1032388,1,IDFM:21933,IDFM:463049,51,0.45877310144560424,2.0644789565052193
1032389,1,IDFM:463049,IDFM:463036,54,0.3968851110802721,1.7859829998612244
1032390,1,IDFM:463036,IDFM:21932,52,0.3968493464485604,1.7858220590185219
1032391,1,IDFM:21932,IDFM:463188,56,0.5434450738847929,2.445502832481568
1032392,1,IDFM:463188,IDFM:463300,59,0.5700268136061297,2.5651206612275836
1032393,1,IDFM:463300,IDFM:21924,71,0.5484261480845222,2.46791766638035
1032394,1,IDFM:21924,IDFM:21912,58,0.44183877290327406,1.9882744780647332
1032395,1,IDFM:21912,IDFM:21931,57,0.44066142740878117,1.9829764233395153
1032396,1,IDFM:21931,IDFM:21935,80,0.8691563502340992,3.9112035760534463
1032397,1,IDFM:21935,IDFM:463190,64,0.6112813274405388,2.7507659734824244
1032398,1,IDFM:463190,IDFM:463318,67,0.6303463131714399,2.8365584092714795
1032399,1,IDFM:463318,IDFM:463055,63,0.7593149898300106,3.4169174542350476
1032400,1,IDFM:463055,IDFM:21929,100,0.825383439290239,3.714225476806076
1032401,1,IDFM:21929,IDFM:463290,56,0.4809908577845939,2.1644588600306727
1032402,1,IDFM:463290,IDFM:463038,54,0.427630617926508,1.924337780669286
1032403,1,IDFM:463038,IDFM:463238,78,0.6967083426747933,3.13518754203657
1032404,1,IDFM:463238,IDFM:21923,50,0.4066504785060437,1.8299271532771966
1032405,1,IDFM:21923,IDFM:462956,43,0.3307703887393357,1.4884667493270105
1032406,1,IDFM:462956,IDFM:463259,64,0.6395899020483384,2.878154559217523
1032407,1,IDFM:463259,IDFM:21940,106,1.2426341377295982,5.591853619783192
1032408,1,IDFM:21940,IDFM:463035,68,0.5278988001082686,2.375544600487209
1032409,1,IDFM:463035,IDFM:463233,69,0.6851147512059362,3.083016380426713
1032461,1,IDFM:463221,IDFM:21913,275,2.8174818064435034,12.678668128995765
1032462,1,IDFM:21913,IDFM:462942,164,1.3750265437449236,6.187619446852156
1032463,1,IDFM:462942,IDFM:463054,277,3.0919685984556566,13.913858693050456
1032464,1,IDFM:463054,IDFM:463264,142,1.3483933148998883,6.067769917049498
1032465,1,IDFM:463264,IDFM:463049,92,0.9296960991975913,4.183632446389161
1032466,1,IDFM:463049,IDFM:463188,142,1.337154878038805,6.017196951174622
1032468,1,IDFM:463300,IDFM:21931,166,1.2301454667226206,5.535654600251792
1032470,1,IDFM:21935,IDFM:463318,121,1.2214480235588243,5.49651610601471
1032471,1,IDFM:463318,IDFM:21929,153,1.2470225800831207,5.611601610374043
1032472,1,IDFM:21929,IDFM:463259,295,2.95359486148243,13.291176876670935
1032473,1,IDFM:463259,IDFM:463233,218,2.4553801029391664,11.049210463226249
1032968,1,IDFM:21938,IDFM:21914,233,2.4707260237924267,11.11826710706592
1032969,1,IDFM:21914,IDFM:463203,285,2.947346028490752,13.263057128208384
1032970,1,IDFM:463203,IDFM:21917,157,1.2480127859293049,5.616057536681872
1032971,1,IDFM:21917,IDFM:463052,123,1.216406027213981,5.4738271224629145
1032973,1,IDFM:463180,IDFM:21911,162,1.221479287458429,5.496656793562931
1032975,1,IDFM:21926,IDFM:21909,145,1.3364436080206692,6.0139962360930115
1032976,1,IDFM:21909,IDFM:21920,102,0.9269607049513084,4.171323172280888
1032977,1,IDFM:21920,IDFM:21925,133,1.3468630193426527,6.060883587041937
1032978,1,IDFM:21925,IDFM:21919,282,3.097654559036286,13.939445515663287
1032979,1,IDFM:21919,IDFM:463279,159,1.3751685360112087,6.188258412050439
1033010,1,IDFM:21938,IDFM:21939,74,0.6841945394215988,3.0788754273971946
1033011,1,IDFM:21939,IDFM:462914,66,0.5237811692497296,2.357015261623783
1033012,1,IDFM:462914,IDFM:21914,109,1.263217656227364,5.684479453023139
1041716,1,IDFM:463279,IDFM:21941,253,2.847908934460223,12.815590205071002
1042223,1,IDFM:463221,IDFM:463176,79,0.7252112826994866,3.26345077214769
1042224,1,IDFM:463176,IDFM:463053,82,1.12320952130079,5.054442845853555
1042225,1,IDFM:463053,IDFM:21913,97,1.0673853284662635,4.803233978098186
1143625,1,IDFM:21974,IDFM:21988,137,1.7938859965208718,8.072486984343923
1143626,1,IDFM:21988,IDFM:21989,99,0.9203889036102878,4.141750066246295
1143633,1,IDFM:463136,IDFM:463137,97,0.9215661797341717,4.147047808803772
1143634,1,IDFM:463137,IDFM:21904,116,1.9563591442877764,8.803616149294994
1143635,1,IDFM:21904,IDFM:21985,60,0.4278921500278507,1.925514675125328
1143636,1,IDFM:21985,IDFM:21982,53,0.577320731716055,2.5979432927222477
1143637,1,IDFM:21982,IDFM:462958,68,0.4377497362158973,1.9698738129715379
1143638,1,IDFM:462958,IDFM:21986,67,0.6389077309154629,2.875084789119583
1143639,1,IDFM:21986,IDFM:21987,63,0.7964887981333485,3.5841995916000684
1143640,1,IDFM:21987,IDFM:463202,62,0.4496871984722598,2.023592393125169
1143641,1,IDFM:463202,IDFM:463315,81,0.7729726841962987,3.4783770788833444
1143642,1,IDFM:463315,IDFM:463084,80,0.7721980197334203,3.4748910888003914
1143643,1,IDFM:463084,IDFM:21977,63,0.4896706510626191,2.203517929781786
1143644,1,IDFM:21977,IDFM:21976,50,0.4997973319926633,2.249087993966985
1143645,1,IDFM:21976,IDFM:21973,69,0.7988332992308377,3.5947498465387695
1143646,1,IDFM:21973,IDFM:21978,63,0.4748159446453817,2.1366717509042177
1143647,1,IDFM:21978,IDFM:462944,42,0.39876889447474245,1.794460025136341
1143648,1,IDFM:462944,IDFM:21975,41,0.2829108804704621,1.2730989621170794
1143649,1,IDFM:21975,IDFM:21984,63,0.5084588560190098,2.2880648520855438
1143650,1,IDFM:21984,IDFM:21968,54,0.30997719638388965,1.3948973837275034
1143651,1,IDFM:21968,IDFM:463024,113,0.9407336698060509,4.233301514127229
1146654,1,IDFM:21967,IDFM:463077,108,0.9506722738316447,4.278025232242401
1146655,1,IDFM:463077,IDFM:463141,56,0.3088362956358595,1.389763330361368
1146656,1,IDFM:463141,IDFM:463237,57,0.5153180621309923,2.3189312795894654
1146657,1,IDFM:463237,IDFM:21983,42,0.30395370481403305,1.3677916716631486
1146658,1,IDFM:21983,IDFM:462998,41,0.3760398315424384,1.692179241940973
1146659,1,IDFM:462998,IDFM:462994,60,0.4865943596460825,2.189674618407371
1146660,1,IDFM:462994,IDFM:462967,72,0.7878055121268234,3.545124804570705
1146661,1,IDFM:462967,IDFM:462959,53,0.4943089071678391,2.224390082255276
1146662,1,IDFM:462959,IDFM:21970,61,0.5107392915731818,2.298326812079318
1146663,1,IDFM:21970,IDFM:21979,79,0.7574431716082844,3.40849427223728
1146664,1,IDFM:21979,IDFM:21969,93,0.7960758795165674,3.5823414578245534
1146665,1,IDFM:21969,IDFM:463124,62,0.4438480502048101,1.9973162259216455
1146666,1,IDFM:463124,IDFM:463076,62,0.7927872478451025,3.567542615302961
1146667,1,IDFM:463076,IDFM:21972,65,0.642804506439331,2.8926202789769895
1146668,1,IDFM:21972,IDFM:21971,91,0.7588273025674143,3.414722861553364
1146669,1,IDFM:21971,IDFM:21907,59,0.44393889451327323,1.9977250253097296
1146670,1,IDFM:21907,IDFM:21974,72,0.4822017468276876,2.1699078607245945
1149694,1,IDFM:463234,IDFM:21904,100,0.46075141750584675,2.0733813787763102
1171347,1,IDFM:463079,IDFM:21990,51,0.31900612234581577,1.4355275505561709
1171348,1,IDFM:21990,IDFM:462945,47,0.4846490396748678,2.180920678536905
1171349,1,IDFM:462945,IDFM:21997,63,0.5917478372680101,2.6628652677060454
1171350,1,IDFM:21997,IDFM:462960,74,0.7779351063328683,3.5007079784979074
1171351,1,IDFM:462960,IDFM:463187,48,0.5837202853678611,2.6267412841553752
1171352,1,IDFM:463187,IDFM:21998,51,0.5398485492885798,2.4293184717986094
1171353,1,IDFM:21998,IDFM:21991,69,0.7258457957979305,3.266306081090687
1171354,1,IDFM:21991,IDFM:463192,45,0.41616249262774924,1.8727312168248715
1171355,1,IDFM:463192,IDFM:463254,41,0.3721931728663813,1.674869277898716
1171356,1,IDFM:463254,IDFM:463319,58,0.4903779271648921,2.2067006722420146
1171357,1,IDFM:463319,IDFM:21949,67,0.6953347823731012,3.1290065206789555
1171358,1,IDFM:21949,IDFM:463223,76,0.882798780860355,3.9725945138715977
1171359,1,IDFM:463223,IDFM:490787,63,0.9306307917560661,4.187838562902297
1171360,1,IDFM:490787,IDFM:490788,77,1.1760589510574582,5.292265279758562
1171361,1,IDFM:490788,IDFM:490789,88,1.358129078456492,6.111580853054214
1171362,1,IDFM:490789,IDFM:490791,80,0.8791902772004341,3.9563562474019536
1171363,1,IDFM:490791,IDFM:490792,54,0.5563612590075906,2.5036256655341576
1171364,1,IDFM:490792,IDFM:490793,99,1.1145085274263835,5.015288373418726
1172217,1,IDFM:490772,IDFM:490770,97,1.1203287280179421,5.041479276080739
1172218,1,IDFM:490770,IDFM:490768,56,0.548836459899915,2.4697640695496177
1172219,1,IDFM:490768,IDFM:490766,80,0.8814310218771855,3.9664395984473346
1172220,1,IDFM:490766,IDFM:490764,87,1.361629621507647,6.127333296784412
1172221,1,IDFM:490764,IDFM:490762,78,1.1795037700275086,5.307766965123789
1172222,1,IDFM:490762,IDFM:21999,65,0.9337926613911424,4.202066976260141
1172223,1,IDFM:21999,IDFM:463263,74,0.8826047904692518,3.971721557111633
1172224,1,IDFM:463263,IDFM:21993,79,0.6978707660470266,3.1404184472116197
1172225,1,IDFM:21993,IDFM:21951,57,0.4885790577577198,2.1986057599097393
1172226,1,IDFM:21951,IDFM:21995,41,0.3721931728663813,1.674869277898716
1172227,1,IDFM:21995,IDFM:463287,44,0.3918960929417022,1.76353241823766
1172228,1,IDFM:463287,IDFM:463110,67,0.7536662456262185,3.3914981053179836
1172229,1,IDFM:463110,IDFM:21996,51,0.5587669106028856,2.5144510977129855
1172230,1,IDFM:21996,IDFM:21937,45,0.5665211082006463,2.5493449869029083
1172231,1,IDFM:21937,IDFM:463108,77,0.7689209056829813,3.460144075573416
1172232,1,IDFM:463108,IDFM:21992,58,0.6020092909350153,2.709041809207569
1172233,1,IDFM:21992,IDFM:463061,46,0.48466300941632945,2.1809835423734825
1172234,1,IDFM:463061,IDFM:21966,44,0.3024444452415028,1.3610000035867627
1213703,1,IDFM:22042,IDFM:22058,88,0.9276899420298304,4.174604739134237
1213704,1,IDFM:22058,IDFM:22047,55,0.49454128703360845,2.225435791651238
1213705,1,IDFM:22047,IDFM:22048,60,0.633878025610132,2.852451115245594
1213706,1,IDFM:22048,IDFM:462947,49,0.43239542206467885,1.9457793992910548
1213707,1,IDFM:462947,IDFM:22056,61,0.454420131507377,2.0448905917831963
1213708,1,IDFM:22056,IDFM:462980,56,0.5411687224305837,2.4352592509376265
1213709,1,IDFM:462980,IDFM:462965,66,0.43651903821203686,1.9643356719541658
1213710,1,IDFM:462965,IDFM:462968,56,0.40204227341146326,1.8091902303515845
1213711,1,IDFM:462968,IDFM:462966,49,0.44314609312053005,1.9941574190423852
1213712,1,IDFM:462966,IDFM:22043,52,0.5594023022458959,2.517310360106532
1213713,1,IDFM:22043,IDFM:22045,50,0.4046139589433004,1.8207628152448516
1213714,1,IDFM:22045,IDFM:463123,45,0.38650687864127287,1.739280953885728
1213715,1,IDFM:463123,IDFM:22057,74,0.6762557307910999,3.0431507885599496
1213716,1,IDFM:22057,IDFM:463081,72,0.5239386054434922,2.357723724495715
1213717,1,IDFM:463081,IDFM:462969,86,0.7370657074366008,3.316795683464704
1213718,1,IDFM:462969,IDFM:22046,53,0.4751068815119067,2.13798096680358
1213719,1,IDFM:22046,IDFM:463062,49,0.41043821178481055,1.8469719530316475
1213720,1,IDFM:463062,IDFM:22044,72,0.30463903711558915,1.3708756670201512
1213721,1,IDFM:22044,IDFM:22040,67,0.4608806637496672,2.0739629868735023
1213722,1,IDFM:22040,IDFM:22059,45,0.319200012767882,1.4364000574554692
1213723,1,IDFM:22059,IDFM:463205,63,0.6777515947940593,3.049882176573267
1213724,1,IDFM:463205,IDFM:463065,77,0.6014569888759387,2.706556449941724
1213725,1,IDFM:463065,IDFM:22052,58,0.4940262518514213,2.2231181333313956
1213726,1,IDFM:22052,IDFM:22053,82,0.8448917084654449,3.802012688094502
1213727,1,IDFM:22053,IDFM:22041,84,0.8708970902704644,3.9190369062170896
1213728,1,IDFM:22041,IDFM:463082,129,1.3058335761860895,5.8762510928374025
1213729,1,IDFM:463082,IDFM:483900,97,1.0615645724112002,4.777040575850401
1213730,1,IDFM:483900,IDFM:483898,76,0.7144043201636865,3.2148194407365893
1213731,1,IDFM:483904,IDFM:483903,79,0.7227613230613963,3.2524259537762834
1213732,1,IDFM:483903,IDFM:24679,105,1.0509570562899688,4.72930675330486
1213733,1,IDFM:24679,IDFM:463281,138,1.320950500660116,5.944277252970522
1213734,1,IDFM:463281,IDFM:463236,81,0.8755228478627287,3.939852815382279
1213735,1,IDFM:463236,IDFM:462973,83,0.8318524263872469,3.743335918742611
1213736,1,IDFM:462973,IDFM:22054,59,0.49459070997817883,2.2256581949018046
1213737,1,IDFM:22054,IDFM:22055,80,0.6082893834888555,2.73730222569985
1213738,1,IDFM:22055,IDFM:463116,61,0.678578069174696,3.053601311286132
1213739,1,IDFM:463116,IDFM:463089,48,0.3192000099612792,1.4364000448257563
1213740,1,IDFM:463089,IDFM:463304,64,0.46833152001310296,2.1074918400589633
1213741,1,IDFM:463304,IDFM:22050,67,0.2996374760869686,1.3483686423913588
1213742,1,IDFM:22050,IDFM:463317,53,0.4075698305022539,1.8340642372601428
1213743,1,IDFM:463317,IDFM:21964,62,0.47830729207884065,2.152382814354783
1213744,1,IDFM:21964,IDFM:21965,93,0.7484324188202589,3.367945884691165
1213745,1,IDFM:21965,IDFM:463164,72,0.5226417997446251,2.351888098850813
1213746,1,IDFM:463164,IDFM:22060,80,0.6858605548729639,3.0863724969283375
1213747,1,IDFM:22060,IDFM:463311,46,0.38695529535171685,1.7412988290827258
1213748,1,IDFM:463311,IDFM:462950,55,0.4041400747625646,1.8186303364315406
1213749,1,IDFM:462950,IDFM:21980,54,0.5608897685495958,2.5240039584731813
1213750,1,IDFM:21980,IDFM:22049,50,0.4206540141230639,1.8929430635537876
1213751,1,IDFM:22049,IDFM:22051,52,0.4208799511009116,1.8939597799541021
1213752,1,IDFM:22051,IDFM:22038,70,0.41731721831923263,1.8779274824365468
1213753,1,IDFM:22038,IDFM:463173,58,0.5510936186911105,2.4799212841099973
1213754,1,IDFM:463173,IDFM:22039,62,0.45813331190018913,2.061599903550851
1213755,1,IDFM:22039,IDFM:462964,47,0.43125609222933625,1.9406524150320132
1213756,1,IDFM:462964,IDFM:463321,56,0.6368880926136007,2.8659964167612033
1213757,1,IDFM:463321,IDFM:462949,57,0.49324663115488104,2.2196098401969646
1213758,1,IDFM:462949,IDFM:463261,91,0.9372305219239636,4.217537348657836
1213759,1,IDFM:463261,IDFM:463153,85,1.037888036461106,4.670496164074978
1213760,1,IDFM:463153,IDFM:463219,80,0.5542512445442196,2.494130600448988
1214599,1,IDFM:22062,IDFM:22061,70,0.5675510662961327,2.5539797983325974
1214600,1,IDFM:22061,IDFM:22042,94,1.0426705077682679,4.692017284957205
1298117,1,IDFM:22242,IDFM:22240,100,1.269051158544353,5.7107302134495885
1298118,1,IDFM:22240,IDFM:463301,82,0.8820343624314881,3.9691546309416967
1298119,1,IDFM:463301,IDFM:22239,133,1.8093224480827168,8.141951016372225
1298120,1,IDFM:22239,IDFM:22243,94,1.1976104850008833,5.389247182503975
1298121,1,IDFM:22243,IDFM:462977,81,0.8422441011344215,3.790098455104897
1298122,1,IDFM:462977,IDFM:462951,89,1.0125556447083108,4.556500401187399
1298123,1,IDFM:462951,IDFM:22228,61,0.588903441540316,2.650065486931422
1298124,1,IDFM:22228,IDFM:478395,74,0.7854671024634614,3.5346019610855763
1298125,1,IDFM:478395,IDFM:463253,58,0.49140195878188875,2.2113088145184996
1298126,1,IDFM:463253,IDFM:463066,64,0.3972201454881349,1.787490654696607
1298127,1,IDFM:463066,IDFM:462970,89,0.6420388273236309,2.8891747229563394
1298128,1,IDFM:462970,IDFM:474397,103,0.8869834103647862,3.991425346641538
1298129,1,IDFM:474397,IDFM:463011,86,0.7639962397987229,3.437983079094253
1298130,1,IDFM:463011,IDFM:22185,84,0.945598443282147,4.255192994769661
1298131,1,IDFM:22185,IDFM:463320,55,0.4621353376912622,2.07960901961068
1298132,1,IDFM:463320,IDFM:463303,57,0.5702388168719479,2.5660746759237654
1298133,1,IDFM:463303,IDFM:463083,54,0.544944520218785,2.4522503409845324
1298134,1,IDFM:463083,IDFM:462954,75,0.8395364077894619,3.7779138350525785
1298135,1,IDFM:462954,IDFM:463184,64,0.4517937915795448,2.0330720621079514
1298136,1,IDFM:463184,IDFM:463229,75,0.7229288290928161,3.2531797309176724
1298137,1,IDFM:463229,IDFM:22223,58,0.43586379819717364,1.9613870918872813
1298138,1,IDFM:22223,IDFM:22221,76,0.9521831783364159,4.284824302513871
1298139,1,IDFM:22221,IDFM:22235,74,0.854549051098146,3.845470729941657
1298140,1,IDFM:22235,IDFM:22236,86,0.9050461704452772,4.072707767003748
1298141,1,IDFM:22236,IDFM:463087,80,0.698703043314494,3.144163694915223
1301467,1,IDFM:22237,IDFM:463214,68,0.7026218254213469,3.161798214396061
1301468,1,IDFM:463214,IDFM:463213,98,0.8890845101887861,4.000880295849537
1301469,1,IDFM:463213,IDFM:463260,83,0.8556749435345586,3.850537245905514
1301470,1,IDFM:463260,IDFM:463085,69,0.9525782835710866,4.28660227606989
1301471,1,IDFM:463085,IDFM:22222,56,0.4333499910013805,1.9500749595062121
1301472,1,IDFM:22222,IDFM:22230,71,0.7376882562985796,3.319597153343608
1301473,1,IDFM:22230,IDFM:22157,75,0.4445379295875481,2.0004206831439664
1301474,1,IDFM:22157,IDFM:22229,71,0.8463778723699619,3.8087004256648282
1301475,1,IDFM:22229,IDFM:22217,54,0.5393522764917585,2.4270852442129134
1301476,1,IDFM:22217,IDFM:22226,56,0.5716918153805413,2.5726131692124357
1301477,1,IDFM:22226,IDFM:463198,59,0.46341474049303594,2.0853663322186615
1301478,1,IDFM:463198,IDFM:22093,83,0.94565950455046,4.25546777047707
1301479,1,IDFM:22093,IDFM:22224,75,0.7618020152416717,3.4281090685875224
1301480,1,IDFM:22224,IDFM:22218,104,0.875605866813399,3.9402264006602956
1301481,1,IDFM:22218,IDFM:22225,65,0.5405317713537564,2.432392971091904
1301482,1,IDFM:22225,IDFM:22129,69,0.5193093323797051,2.336891995708673
1301483,1,IDFM:22129,IDFM:22227,45,0.48830932583637343,2.1973919662636803
1301484,1,IDFM:22227,IDFM:22231,89,0.673102100464532,3.028959452090394
1301485,1,IDFM:22231,IDFM:22219,81,0.7407200005218053,3.333240002348124
1301486,1,IDFM:22219,IDFM:22238,97,1.4003129459963246,6.301408256983461
1301487,1,IDFM:22238,IDFM:22234,150,1.8591410076381,8.36613453437145
1301488,1,IDFM:22234,IDFM:22232,86,1.0673221817925247,4.802949818066361
1301489,1,IDFM:22232,IDFM:22233,86,1.0013087984887639,4.505889593199438
1304566,1,IDFM:22227,IDFM:462952,89,0.7918246656878314,3.563210995595241
1304567,1,IDFM:462952,IDFM:22220,61,0.5840512461607623,2.6282306077234305
1304568,1,IDFM:22220,IDFM:22244,97,1.0136775379391996,4.561548920726398
1304569,1,IDFM:22244,IDFM:463212,80,0.8330266980455948,3.7486201412051767
1304570,1,IDFM:463212,IDFM:462976,97,1.2003023292722887,5.401360481725299
1304571,1,IDFM:462976,IDFM:22241,125,1.8043161441810875,8.119422648814894
1304572,1,IDFM:22241,IDFM:463126,75,0.8910971570589623,4.00993720676533
1304573,1,IDFM:463126,IDFM:463302,110,1.2590642480678549,5.665789116305347
1307899,1,IDFM:463109,IDFM:463207,73,1.0024419097957868,4.510988594081041
1307900,1,IDFM:463207,IDFM:462953,93,1.0671494866441156,4.80217268989852
1307901,1,IDFM:462953,IDFM:463086,147,1.8592521740923331,8.366634783415499
1307902,1,IDFM:463086,IDFM:463278,100,1.4042297460271986,6.319033857122394
1307903,1,IDFM:463278,IDFM:462978,74,0.7392783459880619,3.3267525569462784
1307904,1,IDFM:462978,IDFM:462975,75,0.6698574912917789,3.014358710813005
1307905,1,IDFM:462975,IDFM:463253,58,0.48804410461167275,2.1961984707525275
1382007,1,IDFM:480288,IDFM:480541,113,1.5979792379932385,7.190906570969573
1382008,1,IDFM:480541,IDFM:480286,73,0.8047716269609863,3.621472321324438
1382009,1,IDFM:480286,IDFM:462972,138,1.7558772047554985,7.901447421399743
1382010,1,IDFM:462972,IDFM:21961,68,0.671215781801775,3.0204710181079877
1382011,1,IDFM:21961,IDFM:21960,67,0.961584988403647,4.327132447816411
1382012,1,IDFM:21960,IDFM:21959,84,1.2639241932006677,5.687658869403005
1382013,1,IDFM:21959,IDFM:463046,177,2.9488272422129196,13.269722589958139
1382014,1,IDFM:463046,IDFM:463129,62,0.7705551297916196,3.4674980840622878
1382015,1,IDFM:463129,IDFM:21956,80,1.064755785092286,4.791401032915287
1382016,1,IDFM:21956,IDFM:21955,70,0.9472158664662174,4.262471399097978
1382017,1,IDFM:21955,IDFM:21954,69,0.8806509425432868,3.9629292414447908
1382018,1,IDFM:21954,IDFM:490841,97,1.0131053778136774,4.558974200161548
1382019,1,IDFM:490841,IDFM:490839,115,1.6233806678238112,7.3052130052071504
1382020,1,IDFM:490839,IDFM:490906,142,2.1405272974144203,9.63237283836489
1382021,1,IDFM:490906,IDFM:490837,137,2.3413605357593696,10.536122410917164
1382022,1,IDFM:490837,IDFM:490851,138,2.393347795404206,10.770065079318927
1382023,1,IDFM:490851,IDFM:490833,102,1.5482377650644812,6.9670699427901654
1382024,1,IDFM:490833,IDFM:490908,149,2.5865642476421113,11.639539114389502
1382025,1,IDFM:490835,IDFM:490850,139,2.3932935831316082,10.769821124092237
1382026,1,IDFM:490850,IDFM:490916,137,2.341589332970355,10.537151998366598
1382027,1,IDFM:490916,IDFM:490849,138,2.137207899866681,9.617435549400064
1382028,1,IDFM:490849,IDFM:490848,117,1.6243943191141992,7.309774436013896
1382029,1,IDFM:490848,IDFM:463045,96,1.0002045782240456,4.500920602008206
1382030,1,IDFM:463045,IDFM:463112,67,0.8823994844389301,3.9707976799751856
1382031,1,IDFM:463112,IDFM:463165,70,0.9568094222083678,4.305642399937655
1382032,1,IDFM:463165,IDFM:21957,80,1.0738627878074383,4.8323825451334725
1382033,1,IDFM:21957,IDFM:21958,61,0.7683629673690294,3.4576333531606323
1382034,1,IDFM:21958,IDFM:463159,176,2.9422700530409616,13.240215238684327
1382035,1,IDFM:463159,IDFM:463284,84,1.2660353106945494,5.697158898125473
1382036,1,IDFM:463284,IDFM:463064,67,0.9677048117247147,4.354671652761216
1382037,1,IDFM:463064,IDFM:21962,68,0.6532923757691974,2.9398156909613884
1382038,1,IDFM:21962,IDFM:480340,138,1.7593204863887428,7.916942188749343
1382039,1,IDFM:480340,IDFM:480531,70,0.8136016184430187,3.6612072829935842
1382040,1,IDFM:480531,IDFM:480341,112,1.5931287787934045,7.169079504570321
1382041,1,IDFM:480341,IDFM:480330,100,1.2277790881678403,5.525005896755282
1382042,1,IDFM:480330,IDFM:490794,88,1.3775951688774322,6.199178259948445
1382114,1,IDFM:490917,IDFM:490852,139,2.592750034453921,11.667375155042645
1382115,1,IDFM:490852,IDFM:490835,96,1.5485421720841994,6.968439774378897
1387996,1,IDFM:490774,IDFM:480290,83,1.3856619895858628,6.235478953136383
1387997,1,IDFM:480290,IDFM:480288,94,1.2284640189086606,5.528088085088973
1490379,0,IDFM:463014,IDFM:492974,360,5.888300294185688,25.319691264998458
1490380,0,IDFM:492974,IDFM:474424,60,0.6412339254672967,2.7573058795093757
1490679,0,IDFM:473828,IDFM:473827,60,0.8320453979390008,3.5777952111377034
1490680,0,IDFM:473827,IDFM:462400,360,5.890248570689532,25.328068853964986
1491197,1,IDFM:463262,IDFM:463071,61,0.6455605362322246,2.905022413045011
1491198,1,IDFM:463071,IDFM:462990,58,0.4996200166434657,2.248290074895596
1491199,1,IDFM:462990,IDFM:462997,64,0.5045898747029873,2.270654436163443
1491719,1,IDFM:21945,IDFM:21948,53,0.5043124612714178,2.2694060757213803
1491720,1,IDFM:21948,IDFM:21946,57,0.5007451692065894,2.2533532614296523
1491721,1,IDFM:21946,IDFM:21947,63,0.6415560411799713,2.887002185309871
1494587,1,IDFM:463282,IDFM:24687,52,0.504929751196379,2.272183880383705
1494588,1,IDFM:24687,IDFM:463134,67,0.4772229747602797,2.1475033864212585
1494589,1,IDFM:463134,IDFM:24683,56,0.6305914490735128,2.8376615208308076
1494590,1,IDFM:24683,IDFM:463132,67,0.6891481393998022,3.10116662729911
1494591,1,IDFM:463132,IDFM:463074,45,0.3670302022858883,1.6516359102864973
1494592,1,IDFM:463074,IDFM:463034,69,0.5334103553029541,2.4003465988632935
1495547,1,IDFM:24681,IDFM:24680,62,0.5272900593242098,2.3728052669589443
1495548,1,IDFM:24680,IDFM:24685,45,0.36732208147905854,1.6529493666557635
1495549,1,IDFM:24685,IDFM:463156,67,0.7001775657533781,3.1507990458902015
1495550,1,IDFM:463156,IDFM:24686,57,0.6253858382717842,2.8142362722230287
1495551,1,IDFM:24686,IDFM:24682,69,0.466998805888332,2.101494626497494
1495552,1,IDFM:24682,IDFM:24684,111,0.6269885731110661,2.8214485789997976
1501781,0,IDFM:486902,IDFM:486988,60,0.9059529513648162,3.8955976908687098
1501782,0,IDFM:486988,IDFM:486994,60,0.8155485643325996,3.506858826630178
1501783,0,IDFM:486994,IDFM:486969,180,1.5337121668093545,6.594962317280224
1501784,0,IDFM:486969,IDFM:486972,180,2.5058341971612745,10.77508704779348
1501785,0,IDFM:486972,IDFM:486975,180,1.1721717545155088,5.040338544416688
1501786,0,IDFM:486975,IDFM:486991,120,1.2607868794252368,5.421383581528518
1501787,0,IDFM:486991,IDFM:486980,60,0.6987203454423339,3.0044974854020357
1501788,0,IDFM:486980,IDFM:486899,240,1.7456049508222957,7.506101288535871
1501789,0,IDFM:486878,IDFM:486978,300,1.7495350402759933,7.523000673186771
1501790,0,IDFM:486978,IDFM:486976,60,0.6935189477879965,2.982131475488385
1501791,0,IDFM:486976,IDFM:486973,120,1.2607163446442262,5.421080281970172
1501792,0,IDFM:486973,IDFM:486970,180,1.1649232873891437,5.009170135773318
1501793,0,IDFM:486970,IDFM:486967,360,2.553692042505644,10.98087578277427
1501794,0,IDFM:486967,IDFM:486965,240,1.4978308562643983,6.4406726819369124
1501795,0,IDFM:486965,IDFM:486963,120,0.8223545929537431,3.5361247497010955
1501796,0,IDFM:486963,IDFM:486902,120,0.9021627428933305,3.8792997944413212
1501804,0,IDFM:486980,IDFM:486878,240,1.7509770264305722,7.52920121365146
1501805,0,IDFM:486878,IDFM:486886,240,0.786832127522075,3.383378148344922
1501806,0,IDFM:486886,IDFM:486891,120,1.7992299799334575,7.736688913713866
1501807,0,IDFM:486891,IDFM:486894,120,2.0722152411806416,8.910525537076758
1501808,0,IDFM:486894,IDFM:486895,60,1.1128970708357895,4.7854574045938945
1501809,0,IDFM:486895,IDFM:486990,60,1.3246136664757502,5.695838765845726
1501810,0,IDFM:486990,IDFM:486962,60,2.0997613133237603,9.028973647292169
1501811,0,IDFM:486962,IDFM:486883,240,1.278247626569087,5.496464794247074
1501812,0,IDFM:494313,IDFM:494313,0,0.0,0.0
1501813,0,IDFM:494313,IDFM:486960,120,1.3657231037996695,5.872609346338579
1501814,0,IDFM:486960,IDFM:486957,60,2.0943035992622034,9.005505476827475
1501815,0,IDFM:486957,IDFM:486897,60,1.32302249288014,5.688996719384601
1501816,0,IDFM:486897,IDFM:486892,60,1.1261307039069752,4.842362026799993
1501817,0,IDFM:486892,IDFM:486889,120,2.0673954725198787,8.889800531835478
1501818,0,IDFM:486889,IDFM:486888,60,1.7951895889003326,7.7193152322714305
1501819,0,IDFM:486888,IDFM:486898,120,0.7951733563862722,3.4192454324609702
1501820,0,IDFM:486898,IDFM:486978,240,1.734092805782248,7.456599064863666
1501827,0,IDFM:486963,IDFM:486900,120,0.8976900954564827,3.8600674104628756
1501828,0,IDFM:486900,IDFM:486988,120,0.9015065315999969,3.8764780858799868
1503154,0,IDFM:486899,IDFM:486978,240,1.7441759032658772,7.499956384043272
1507587,0,IDFM:486888,IDFM:486878,120,0.7924876071400087,3.4076967107020373
1552744,0,IDFM:480936,IDFM:480934,60,1.0465528082699307,4.500177075560702
1552745,0,IDFM:480934,IDFM:481073,240,2.8421679752993567,12.221322293787233
1552746,0,IDFM:481073,IDFM:480938,120,1.2408835960564077,5.335799463042553
1552747,0,IDFM:480938,IDFM:480906,240,3.47406631719776,14.938485163950368
1552748,0,IDFM:480906,IDFM:480930,120,1.6869116440783614,7.2537200695369535
1552749,0,IDFM:480930,IDFM:480942,60,1.403989876570787,6.037156469254384
1552750,0,IDFM:480942,IDFM:481070,120,1.9092133245516767,8.20961729557221
1552751,0,IDFM:481070,IDFM:480928,120,1.0873179221179143,4.675467065107031
1552752,0,IDFM:480928,IDFM:480925,240,1.558204154804816,6.700277865660708
1552753,0,IDFM:480925,IDFM:480904,300,1.9459057100092416,8.36739455303974
1552754,0,IDFM:481067,IDFM:481068,240,1.9535268992789077,8.400165666899303
1552755,0,IDFM:481068,IDFM:481069,240,1.5575620559494703,6.697516840582722
1552756,0,IDFM:481069,IDFM:480940,120,1.0884059203425576,4.680145457472998
1552757,0,IDFM:480940,IDFM:481038,120,1.9122309968402433,8.222593286413046
1552758,0,IDFM:481038,IDFM:481071,120,1.4084161273089986,6.056189347428694
1552759,0,IDFM:481071,IDFM:481072,120,1.6819959301794867,7.232582499771793
1552760,0,IDFM:481072,IDFM:481065,180,3.4583397568207594,14.870860954329265
1552761,0,IDFM:481065,IDFM:480932,120,1.253879976155467,5.391683897468508
1552762,0,IDFM:480932,IDFM:481074,180,2.847661451997425,12.244944243588927
1552763,0,IDFM:481074,IDFM:481075,60,1.0394810425327312,4.4697684828907445
1552764,0,IDFM:481075,IDFM:480908,180,0.9951482465857922,4.279137460318906
1552765,0,IDFM:480908,IDFM:480936,120,0.992066490546344,4.265885909349279
1552775,0,IDFM:480925,IDFM:481067,240,1.9472280161829045,8.373080469586489
1553071,0,IDFM:481075,IDFM:494486,180,0.9971234628639579,4.287630890315019
1553072,0,IDFM:494486,IDFM:480936,120,0.9940637016775413,4.274473917213427
1553368,0,IDFM:480904,IDFM:481068,240,1.9522075132891927,8.394492307143528
1556561,0,IDFM:486834,IDFM:486842,160,1.0626330428791637,4.569322084380404
1556562,0,IDFM:486842,IDFM:486830,90,0.8394587300313209,3.60967253913468
1556563,0,IDFM:486830,IDFM:486828,80,0.6804591420519869,2.9259743108235434
1556564,0,IDFM:486828,IDFM:486826,60,0.5764895256035155,2.4789049600951167
1556565,0,IDFM:486826,IDFM:486824,80,0.5443664365961745,2.34077567736355
1556566,0,IDFM:486824,IDFM:486822,60,0.4223035898126835,1.815905436194539
1556567,0,IDFM:486822,IDFM:486820,80,0.5831680046503812,2.5076224199966393
1556589,0,IDFM:486820,IDFM:486818,120,0.9324345142476119,4.009468411264731
1556590,0,IDFM:486818,IDFM:486816,60,0.4214624313962466,1.8122884550038605
1556591,0,IDFM:486816,IDFM:486814,50,0.37601576817211046,1.616867803140075
1556592,0,IDFM:486814,IDFM:486812,80,0.5968975436014721,2.56665943748633
1556593,0,IDFM:486812,IDFM:486810,60,0.3661892552539581,1.5746137975920198
1557530,0,IDFM:486841,IDFM:486842,160,1.065386951220113,4.581163890246486
1561368,0,IDFM:486848,IDFM:486847,80,0.5816419346613921,2.501060319043986
1561369,0,IDFM:486847,IDFM:486846,70,0.4250706320720618,1.8278037179098656
1561370,0,IDFM:486846,IDFM:486845,100,0.5460962339522647,2.348213805994738
1561371,0,IDFM:486845,IDFM:486844,60,0.5768272294363455,2.4803570865762854
1561372,0,IDFM:486844,IDFM:486843,80,0.6788043393495854,2.918858659203217
1561373,0,IDFM:486843,IDFM:486832,110,0.8392200655951297,3.6086462820590577
1561374,0,IDFM:486832,IDFM:486834,140,1.0655734595083688,4.581965875885985
1561395,0,IDFM:486832,IDFM:486841,140,1.068307363801697,4.593721664347298
1561459,0,IDFM:486840,IDFM:486839,70,0.3650442933375636,1.5696904613515235
1561460,0,IDFM:486839,IDFM:486838,90,0.5899881760106062,2.536949156845606
1561461,0,IDFM:486838,IDFM:486837,50,0.3742372343390604,1.6092201076579598
1561462,0,IDFM:486837,IDFM:486836,50,0.42280362752190565,1.8180555983441942
1561463,0,IDFM:486836,IDFM:486848,130,0.9459159908675426,4.067438760730433
1566279,0,IDFM:472194,IDFM:470721,180,2.029544756841715,8.727042454419374
1566280,0,IDFM:470721,IDFM:472968,180,2.1277085908594024,9.14914694069543
1566281,0,IDFM:472968,IDFM:471675,120,2.1649860322964622,9.309439938874787
1566282,0,IDFM:471675,IDFM:472820,180,2.0947632826807565,9.007482115527253
1566283,0,IDFM:472820,IDFM:472969,60,1.1812982334145352,5.079582403682501
1566284,0,IDFM:472969,IDFM:472986,180,2.2570656664603805,9.705382365779636
1566290,0,IDFM:472969,IDFM:472920,180,2.2517636458369217,9.682583677098762
1566297,0,IDFM:470688,IDFM:470721,180,2.0247463390257376,8.706409257810671
1567149,0,IDFM:472986,IDFM:470874,120,2.2478694345471695,9.665838568552829
1567150,0,IDFM:470874,IDFM:470851,120,1.1915646534678415,5.123728009911718
1567151,0,IDFM:470851,IDFM:471933,180,2.097056292787748,9.017342058987316
1567152,0,IDFM:471933,IDFM:471887,120,2.1678600043743166,9.321798018809561
1567153,0,IDFM:471887,IDFM:472210,180,2.133318852318068,9.173271064967693
1567154,0,IDFM:472210,IDFM:472194,120,2.02945811006887,8.72666987329614
1567214,0,IDFM:472210,IDFM:470688,120,2.0247075523829157,8.706242475246537
1567233,0,IDFM:472920,IDFM:470874,120,2.24260147744871,9.643186353029453
1570929,0,IDFM:492424,IDFM:492422,120,1.9726461004312947,8.482378231854566
1570930,0,IDFM:492422,IDFM:492420,240,3.4312147291754953,14.754223335454629
1570931,0,IDFM:492420,IDFM:492418,120,2.6240053841632363,11.283223151901915
1570932,0,IDFM:492418,IDFM:492416,180,2.0254766791714407,8.709549720437195
1571013,0,IDFM:492424,IDFM:492416,480,9.773969186716883,42.02806750288259
1571015,0,IDFM:492416,IDFM:492418,180,2.0254766791714407,8.709549720437195
1571016,0,IDFM:492418,IDFM:492420,180,2.6240053841632363,11.283223151901915
1571017,0,IDFM:492420,IDFM:492422,180,3.4312147291754953,14.754223335454629
1571018,0,IDFM:492422,IDFM:492424,180,1.9726461004312947,8.482378231854566
1571095,0,IDFM:492416,IDFM:492424,480,9.773969186716883,42.02806750288259
1571745,0,IDFM:479491,IDFM:472376,60,0.5006382704192028,2.1527445628025723
1571746,0,IDFM:472376,IDFM:471008,120,0.9987184765624134,4.294489449218378
1571747,0,IDFM:471008,IDFM:471757,180,0.8332608466830088,3.5830216407369377
1571748,0,IDFM:471757,IDFM:472503,120,0.8208672230751607,3.529729059223191
1571749,0,IDFM:472503,IDFM:472857,120,0.6969091480903793,2.996709336788631
1571750,0,IDFM:472857,IDFM:470693,180,1.1253234109625407,4.838890667138925
1571751,0,IDFM:470693,IDFM:472077,120,0.752751915307319,3.2368332358214715
1571752,0,IDFM:472077,IDFM:472316,120,0.6465597508092013,2.7802069284795654
1571753,0,IDFM:472316,IDFM:472618,120,0.679864633281683,2.923417923111237
1571754,0,IDFM:472618,IDFM:472147,60,1.5111587149714292,6.497982474377145
1571804,0,IDFM:472618,IDFM:472363,60,1.5605900424159607,6.710537182388631
1571895,0,IDFM:472147,IDFM:471289,120,1.509594582792828,6.49125670600916
1571896,0,IDFM:471289,IDFM:472197,120,0.671372996875892,2.8869038865663357
1571897,0,IDFM:472197,IDFM:472657,60,0.640791426345072,2.7554031332838096
1571898,0,IDFM:472657,IDFM:472642,180,0.7577976586146277,3.2585299320428986
1571899,0,IDFM:472642,IDFM:471825,180,1.117200708464977,4.803963046399401
1571900,0,IDFM:471825,IDFM:471878,120,0.6950133412809781,2.9885573675082058
1571901,0,IDFM:471878,IDFM:472172,120,0.8180056251987191,3.517424188354492
1571902,0,IDFM:472172,IDFM:471005,120,0.833260804008182,3.5830214572351826
1571903,0,IDFM:471005,IDFM:471837,120,0.9919339842283552,4.265316132181927
1571904,0,IDFM:471837,IDFM:471982,60,0.49388030365249974,2.1236853057057488
1571935,0,IDFM:472363,IDFM:471289,120,1.5589478525163913,6.703475765820483
1574529,0,IDFM:478660,IDFM:478651,180,0.8527746843277634,3.6669311426093825
1574530,0,IDFM:478651,IDFM:478649,300,0.6105617300878374,2.6254154393777007
1574531,0,IDFM:478649,IDFM:478661,120,0.47967225059985347,2.0625906775793696
1574532,0,IDFM:478661,IDFM:478655,60,0.5955796771071188,2.5609926115606108
1574533,0,IDFM:478655,IDFM:478663,120,0.4177379696067475,1.796273269309014
1574534,0,IDFM:478663,IDFM:478657,180,0.6118704403769437,2.631042893620858
1574535,0,IDFM:478657,IDFM:478653,120,0.5768574054441705,2.480486843409933
1574536,0,IDFM:478653,IDFM:478662,120,0.7490439343736645,3.2208889178067572
1574537,0,IDFM:478662,IDFM:472211,240,0.6356818619582174,2.7334320064203346
1574538,0,IDFM:472211,IDFM:471878,120,0.6949937710718666,2.988473215609026
1574597,0,IDFM:478656,IDFM:478651,180,0.8419925952683136,3.6205681596537485
1603489,0,IDFM:472857,IDFM:478650,180,0.6377942668279742,2.742515347360289
1603490,0,IDFM:478650,IDFM:478658,120,0.7298276493270521,3.138258892106324
1603491,0,IDFM:478658,IDFM:478654,120,0.583813766517375,2.5103991960247125
1603492,0,IDFM:478654,IDFM:477286,180,0.603034250121739,2.5930472755234772
1603493,0,IDFM:477286,IDFM:478659,120,0.4202496901605614,1.807073667690414
1603494,0,IDFM:478659,IDFM:478664,120,0.5991137754145582,2.5761892342826003
1603495,0,IDFM:478664,IDFM:478652,120,0.46899893009630717,2.016695399414121
1603496,0,IDFM:478652,IDFM:478646,120,0.6118530618689759,2.6309681660365962
1603497,0,IDFM:478646,IDFM:478660,180,0.8486457511069269,3.6491767297597852
1603553,0,IDFM:478646,IDFM:478656,180,0.8378736640166663,3.602856755271665
1603650,0,IDFM:478652,IDFM:478651,120,0.6176350875839149,2.655830876610834
1616817,2,IDFM:monomodalStopPlace:43166,IDFM:monomodalStopPlace:43126,190,3.6323214126257453,44.67755337529667
1616818,2,IDFM:monomodalStopPlace:43126,IDFM:monomodalStopPlace:43105,150,2.208504585636821,27.164606403332897
1616819,2,IDFM:monomodalStopPlace:43105,IDFM:monomodalStopPlace:47898,110,1.2971102186811476,15.954455689778117
1616820,2,IDFM:monomodalStopPlace:47898,IDFM:monomodalStopPlace:43201,190,2.4955634701276277,30.69543068256982
1616821,2,IDFM:monomodalStopPlace:43201,IDFM:monomodalStopPlace:43077,120,1.8777267869633107,23.096039479648724
1616822,2,IDFM:monomodalStopPlace:43077,IDFM:monomodalStopPlace:43130,150,2.726397043375821,33.534683633522604
1616823,2,IDFM:monomodalStopPlace:43130,IDFM:monomodalStopPlace:43230,110,1.6293689711867638,20.041238345597197
1616824,2,IDFM:monomodalStopPlace:43230,IDFM:monomodalStopPlace:43203,180,2.190906399845865,26.94814871810414
1616825,2,IDFM:monomodalStopPlace:43203,IDFM:monomodalStopPlace:44514,150,1.4340438731986298,17.638739640343147
1616826,2,IDFM:monomodalStopPlace:44514,IDFM:monomodalStopPlace:44314,150,1.7559887553124347,21.598661690342947
1616827,2,IDFM:monomodalStopPlace:44314,IDFM:monomodalStopPlace:415093,120,1.599278341683685,19.67112360270933
1616828,2,IDFM:monomodalStopPlace:415093,IDFM:monomodalStopPlace:45437,150,1.3458145135189539,16.553518516283134
1616829,2,IDFM:monomodalStopPlace:45437,IDFM:monomodalStopPlace:45447,70,0.6014242679045347,7.3975184952257775
1616830,2,IDFM:monomodalStopPlace:45447,IDFM:monomodalStopPlace:45453,100,1.1050267326269927,13.591828811312011
1616831,2,IDFM:monomodalStopPlace:45453,IDFM:monomodalStopPlace:45419,70,0.6027710556824593,7.4140839848942495
1616832,2,IDFM:monomodalStopPlace:45419,IDFM:monomodalStopPlace:58757,110,0.9203408502022644,11.320192457487853
1616833,2,IDFM:monomodalStopPlace:58757,IDFM:monomodalStopPlace:415091,90,1.1828531565507954,14.549093825574785
1616834,2,IDFM:monomodalStopPlace:415091,IDFM:monomodalStopPlace:470540,110,1.0350388533786123,12.730977896556933
1616835,2,IDFM:monomodalStopPlace:470540,IDFM:monomodalStopPlace:45705,100,1.2125929121527608,14.914892819478958
1616836,2,IDFM:monomodalStopPlace:45705,IDFM:monomodalStopPlace:44877,150,1.8059501372078617,22.2131866876567
1616837,2,IDFM:monomodalStopPlace:44877,IDFM:monomodalStopPlace:43072,190,2.5177508296588202,30.96833520480349
1616838,2,IDFM:monomodalStopPlace:43072,IDFM:monomodalStopPlace:45301,140,1.685253711396819,20.728620650180872
1616839,2,IDFM:monomodalStopPlace:45301,IDFM:monomodalStopPlace:46366,140,2.239143859792954,27.541469475453336
1616840,2,IDFM:monomodalStopPlace:46366,IDFM:monomodalStopPlace:46375,110,1.9799318211008878,24.353161399540923
1616841,2,IDFM:monomodalStopPlace:46375,IDFM:monomodalStopPlace:43227,130,2.348051094719699,28.8810284650523
1616842,2,IDFM:monomodalStopPlace:43227,IDFM:monomodalStopPlace:43110,130,2.38397763047549,29.322924854848527
1616843,2,IDFM:monomodalStopPlace:43110,IDFM:monomodalStopPlace:46298,150,2.4444647095412355,30.066915927357197
1616844,2,IDFM:monomodalStopPlace:46298,IDFM:monomodalStopPlace:46299,110,1.2972002552112036,15.955563139097805
1616845,2,IDFM:monomodalStopPlace:46299,IDFM:monomodalStopPlace:47907,240,2.659001622475448,32.705719956448014
1616846,2,IDFM:monomodalStopPlace:43239,IDFM:monomodalStopPlace:43213,116,2.0903852176663333,25.711738177295903
1616847,2,IDFM:monomodalStopPlace:43213,IDFM:monomodalStopPlace:58874,213,5.712879308291365,70.26841549198379
1616848,2,IDFM:monomodalStopPlace:58874,IDFM:monomodalStopPlace:43207,192,4.662847194678066,57.35302049454021
1616849,2,IDFM:monomodalStopPlace:43207,IDFM:monomodalStopPlace:44199,157,3.277155572841801,40.30901354595416
1616850,2,IDFM:monomodalStopPlace:44199,IDFM:monomodalStopPlace:58937,146,3.0775562680345456,37.853942096824916
1616851,2,IDFM:monomodalStopPlace:58937,IDFM:monomodalStopPlace:474082,133,2.6463662382834086,32.55030473088593
1616852,2,IDFM:monomodalStopPlace:474082,IDFM:monomodalStopPlace:43172,169,3.2413566509837124,39.868686807099664
1616853,2,IDFM:monomodalStopPlace:43172,IDFM:monomodalStopPlace:47900,126,2.1598612973509863,26.566293957417134
1616854,2,IDFM:monomodalStopPlace:47900,IDFM:monomodalStopPlace:43224,232,4.832835145116056,59.443872284927494
1616855,2,IDFM:monomodalStopPlace:43224,IDFM:monomodalStopPlace:473875,160,3.0852323262185664,37.948357612488365
1616856,2,IDFM:monomodalStopPlace:473875,IDFM:monomodalStopPlace:470195,136,1.7596124792022871,21.643233494188134
1616857,2,IDFM:monomodalStopPlace:470195,IDFM:monomodalStopPlace:45102,164,3.408324497252334,41.92239131620371
1616858,2,IDFM:monomodalStopPlace:45102,IDFM:monomodalStopPlace:45873,129,1.9901066323045091,24.478311577345465
1616859,2,IDFM:monomodalStopPlace:45873,IDFM:monomodalStopPlace:58759,148,2.9049635965460325,35.7310522375162
1616860,2,IDFM:monomodalStopPlace:58759,IDFM:monomodalStopPlace:470549,217,5.306114927146211,65.2652136038984
1616861,2,IDFM:monomodalStopPlace:470549,IDFM:monomodalStopPlace:43169,95,1.3791205368578578,16.96318260335165
1616862,2,IDFM:monomodalStopPlace:43169,IDFM:monomodalStopPlace:43170,97,1.0394871160528387,12.785691527449917
1616863,2,IDFM:monomodalStopPlace:43170,IDFM:monomodalStopPlace:43171,107,1.7343283840030348,21.33223912323733
1616864,2,IDFM:monomodalStopPlace:43171,IDFM:monomodalStopPlace:58875,112,2.1311099368477024,26.21265222322674
1616865,2,IDFM:monomodalStopPlace:58875,IDFM:monomodalStopPlace:53783,93,1.4172023445502244,17.431588837967762
1616866,2,IDFM:monomodalStopPlace:53783,IDFM:monomodalStopPlace:53784,108,1.9232102853733488,23.655486510092192
1616867,2,IDFM:monomodalStopPlace:53784,IDFM:monomodalStopPlace:43237,94,1.4318480599670558,17.611731137594788
1616868,2,IDFM:monomodalStopPlace:43237,IDFM:monomodalStopPlace:43198,197,2.2795955282293185,28.03902499722062
1616869,2,IDFM:monomodalStopPlace:47874,IDFM:monomodalStopPlace:47915,250,5.26606926293452,64.7726519340946
1616870,2,IDFM:monomodalStopPlace:47915,IDFM:monomodalStopPlace:473109,200,4.4592964073525625,54.849345810436525
1616871,2,IDFM:monomodalStopPlace:473109,IDFM:monomodalStopPlace:43191,90,1.4727908413441702,18.115327348533295
1616872,2,IDFM:monomodalStopPlace:43191,IDFM:monomodalStopPlace:43082,160,3.2306351147348673,39.73681191123887
1616873,2,IDFM:monomodalStopPlace:43082,IDFM:monomodalStopPlace:43169,250,4.459008539324385,54.84580503368994
1616874,2,IDFM:monomodalStopPlace:43169,IDFM:monomodalStopPlace:470549,100,1.3791205368578578,16.96318260335165
1616875,2,IDFM:monomodalStopPlace:470549,IDFM:monomodalStopPlace:58759,225,5.306114927146211,65.2652136038984
1616876,2,IDFM:monomodalStopPlace:58759,IDFM:monomodalStopPlace:45873,155,2.9049635965460325,35.7310522375162
1616877,2,IDFM:monomodalStopPlace:45873,IDFM:monomodalStopPlace:45102,120,1.9901066323045091,24.478311577345465
1616878,2,IDFM:monomodalStopPlace:45102,IDFM:monomodalStopPlace:470195,158,3.408324497252334,41.92239131620371
1616879,2,IDFM:monomodalStopPlace:470195,IDFM:monomodalStopPlace:43224,325,4.757732238743461,58.520106536544574
1616880,2,IDFM:monomodalStopPlace:43224,IDFM:monomodalStopPlace:47900,226,4.832835145116056,59.443872284927494
1616881,2,IDFM:monomodalStopPlace:47900,IDFM:monomodalStopPlace:43172,138,2.1598612973509863,26.566293957417134
1616882,2,IDFM:monomodalStopPlace:43172,IDFM:monomodalStopPlace:43101,96,1.3273084593850182,16.325894050435725
1616883,2,IDFM:monomodalStopPlace:43101,IDFM:monomodalStopPlace:474082,133,2.0215931936808094,24.865596282273955
1616884,2,IDFM:monomodalStopPlace:474082,IDFM:monomodalStopPlace:58937,142,2.6463662382834086,32.55030473088593
1616885,2,IDFM:monomodalStopPlace:58937,IDFM:monomodalStopPlace:44199,146,3.0775562680345456,37.853942096824916
1616886,2,IDFM:monomodalStopPlace:44199,IDFM:monomodalStopPlace:43152,95,1.4811510834303827,18.21815832619371
1616887,2,IDFM:monomodalStopPlace:43152,IDFM:monomodalStopPlace:43207,105,1.8644610094566818,22.932870416317186
1616888,2,IDFM:monomodalStopPlace:43207,IDFM:monomodalStopPlace:58874,188,4.662847194678066,57.35302049454021
1616889,2,IDFM:monomodalStopPlace:58874,IDFM:monomodalStopPlace:43213,215,5.712879308291365,70.26841549198379
1616890,2,IDFM:monomodalStopPlace:43213,IDFM:monomodalStopPlace:43239,184,2.0903852176663333,25.711738177295903
1616891,2,IDFM:monomodalStopPlace:43117,IDFM:monomodalStopPlace:47943,310,3.296678933838047,40.54915088620798
1616892,2,IDFM:monomodalStopPlace:47943,IDFM:monomodalStopPlace:47199,200,4.244475763658085,52.20705189299444
1616893,2,IDFM:monomodalStopPlace:47199,IDFM:monomodalStopPlace:47205,180,3.335477868857216,41.02637778694376
1616894,2,IDFM:monomodalStopPlace:47205,IDFM:monomodalStopPlace:47942,320,4.750256535482177,58.42815538643078
1616895,2,IDFM:monomodalStopPlace:47942,IDFM:monomodalStopPlace:43247,310,7.725251743953182,95.02059645062414
1616896,2,IDFM:monomodalStopPlace:43247,IDFM:monomodalStopPlace:43208,360,9.288140901779148,114.24413309188353
1616897,2,IDFM:monomodalStopPlace:43208,IDFM:monomodalStopPlace:470519,1710,37.99050866670502,467.28325660047176
1616898,2,IDFM:monomodalStopPlace:43198,IDFM:monomodalStopPlace:43237,190,2.2795955282293185,28.03902499722062
1616899,2,IDFM:monomodalStopPlace:43237,IDFM:monomodalStopPlace:53784,92,1.4318480599670558,17.611731137594788
1616900,2,IDFM:monomodalStopPlace:53784,IDFM:monomodalStopPlace:53783,106,1.9232102853733488,23.655486510092192
1616901,2,IDFM:monomodalStopPlace:53783,IDFM:monomodalStopPlace:58875,90,1.4172023445502244,17.431588837967762
1616902,2,IDFM:monomodalStopPlace:58875,IDFM:monomodalStopPlace:43171,112,2.1311099368477024,26.21265222322674
1616903,2,IDFM:monomodalStopPlace:43171,IDFM:monomodalStopPlace:43170,103,1.7343283840030348,21.33223912323733
1616904,2,IDFM:monomodalStopPlace:43170,IDFM:monomodalStopPlace:43169,99,1.0394871160528387,12.785691527449917
1616925,2,IDFM:monomodalStopPlace:43207,IDFM:monomodalStopPlace:43152,104,1.8644610094566818,22.932870416317186
1616926,2,IDFM:monomodalStopPlace:43152,IDFM:monomodalStopPlace:44199,96,1.4811510834303827,18.21815832619371
1616929,2,IDFM:monomodalStopPlace:474082,IDFM:monomodalStopPlace:43101,127,2.0215931936808094,24.865596282273955
1616930,2,IDFM:monomodalStopPlace:43101,IDFM:monomodalStopPlace:43172,94,1.3273084593850182,16.325894050435725
1616943,2,IDFM:monomodalStopPlace:43094,IDFM:monomodalStopPlace:58792,139,2.54408744387677,31.292275559684274
1616944,2,IDFM:monomodalStopPlace:58792,IDFM:monomodalStopPlace:43146,143,3.0137682989759935,37.06935007740472
1616945,2,IDFM:monomodalStopPlace:43146,IDFM:monomodalStopPlace:58270,96,1.4874032323097313,18.295059757409696
1616946,2,IDFM:monomodalStopPlace:58270,IDFM:monomodalStopPlace:43234,114,2.02213327000063,24.87223922100775
1616947,2,IDFM:monomodalStopPlace:43234,IDFM:monomodalStopPlace:44801,79,1.1593872270904546,14.260462893212592
1616948,2,IDFM:monomodalStopPlace:44801,IDFM:monomodalStopPlace:43135,114,2.063608114705365,25.382379810875992
1616949,2,IDFM:monomodalStopPlace:43135,IDFM:monomodalStopPlace:47886,103,1.800640514120671,22.147878323684253
1616950,2,IDFM:monomodalStopPlace:47886,IDFM:monomodalStopPlace:47238,90,1.3929192735544433,17.132907064719653
1616951,2,IDFM:monomodalStopPlace:47238,IDFM:monomodalStopPlace:43224,133,2.6443240377278947,32.525185664053105
1616959,2,IDFM:monomodalStopPlace:43169,IDFM:monomodalStopPlace:43082,230,4.459008539324385,54.84580503368994
1616960,2,IDFM:monomodalStopPlace:43082,IDFM:monomodalStopPlace:43191,160,3.2306351147348673,39.73681191123887
1616961,2,IDFM:monomodalStopPlace:43191,IDFM:monomodalStopPlace:473109,90,1.4727908413441702,18.115327348533295
1616962,2,IDFM:monomodalStopPlace:473109,IDFM:monomodalStopPlace:46647,350,6.460359166714324,79.46241775058618
1616963,2,IDFM:monomodalStopPlace:46647,IDFM:monomodalStopPlace:43114,130,2.6357242529262677,32.41940831099309
1616964,2,IDFM:monomodalStopPlace:43114,IDFM:monomodalStopPlace:47879,150,2.9048467781046594,35.72961537068731
1616965,2,IDFM:monomodalStopPlace:47879,IDFM:monomodalStopPlace:44559,170,2.8878407505470873,35.52044123172918
1616966,2,IDFM:monomodalStopPlace:44559,IDFM:monomodalStopPlace:47897,210,4.159280306101263,51.15914776504554
1616967,2,IDFM:monomodalStopPlace:47897,IDFM:monomodalStopPlace:43104,170,1.9312828974942555,23.754779639179343
1616968,2,IDFM:monomodalStopPlace:47909,IDFM:monomodalStopPlace:45784,170,2.8569049948612424,35.13993143679328
1616969,2,IDFM:monomodalStopPlace:45784,IDFM:monomodalStopPlace:42516,200,4.243962275355094,52.20073598686766
1616970,2,IDFM:monomodalStopPlace:42516,IDFM:monomodalStopPlace:47665,190,4.019232657253177,49.43656168421408
1616971,2,IDFM:monomodalStopPlace:47665,IDFM:monomodalStopPlace:47669,190,4.373781339558538,53.79751047657002
1616972,2,IDFM:monomodalStopPlace:47669,IDFM:monomodalStopPlace:45771,230,5.374527880878037,66.10669293479985
1616973,2,IDFM:monomodalStopPlace:45771,IDFM:monomodalStopPlace:47924,130,2.0703812572016966,25.46568946358087
1616974,2,IDFM:monomodalStopPlace:47924,IDFM:monomodalStopPlace:58873,160,3.20433837908149,39.41336206270233
1616975,2,IDFM:monomodalStopPlace:58873,IDFM:monomodalStopPlace:43226,140,2.2173743960884207,27.273705071887576
1616976,2,IDFM:monomodalStopPlace:43226,IDFM:monomodalStopPlace:47684,110,1.8629469790761775,22.914247842636986
1616977,2,IDFM:monomodalStopPlace:47684,IDFM:monomodalStopPlace:45067,230,3.0139484475197613,37.07156590449306
1616978,2,IDFM:monomodalStopPlace:45067,IDFM:monomodalStopPlace:46286,250,5.345963405966609,65.7553498933893
1616979,2,IDFM:monomodalStopPlace:46286,IDFM:monomodalStopPlace:464040,140,2.263706198860979,27.84358624599004
1616980,2,IDFM:monomodalStopPlace:464040,IDFM:monomodalStopPlace:43154,120,1.7726632321042521,21.8037577548823
1616981,2,IDFM:monomodalStopPlace:43154,IDFM:monomodalStopPlace:470195,350,6.749810324115947,83.02266698662615
1616983,2,IDFM:monomodalStopPlace:45102,IDFM:monomodalStopPlace:462394,180,2.753415197485941,33.86700692907708
1616984,2,IDFM:monomodalStopPlace:462394,IDFM:monomodalStopPlace:43204,260,4.555930860166161,56.03794958004378
1616985,2,IDFM:monomodalStopPlace:43204,IDFM:monomodalStopPlace:412743,240,2.2300270048580613,27.429332159754154
1616986,2,IDFM:monomodalStopPlace:412743,IDFM:monomodalStopPlace:43179,290,4.138551703860764,50.9041859574874
1616987,2,IDFM:monomodalStopPlace:43179,IDFM:monomodalStopPlace:43251,140,2.3907633136339523,29.406388757697616
1616988,2,IDFM:monomodalStopPlace:43251,IDFM:monomodalStopPlace:43222,170,3.1376446439956043,38.59302912114593
1616989,2,IDFM:monomodalStopPlace:43222,IDFM:monomodalStopPlace:47876,280,5.427600590231553,66.75948725984811
1616990,2,IDFM:monomodalStopPlace:43223,IDFM:monomodalStopPlace:58267,160,2.588958035546032,31.8441838372162
1616991,2,IDFM:monomodalStopPlace:58267,IDFM:monomodalStopPlace:46552,130,2.4589934704077527,30.24561968601536
1616992,2,IDFM:monomodalStopPlace:46552,IDFM:monomodalStopPlace:47900,120,1.868970702997827,22.988339646873275
1616993,2,IDFM:monomodalStopPlace:47900,IDFM:monomodalStopPlace:47877,120,2.042427690891035,25.12186059795973
1616994,2,IDFM:monomodalStopPlace:47877,IDFM:monomodalStopPlace:42356,130,1.6459194521347458,20.244809261257373
1616995,2,IDFM:monomodalStopPlace:42356,IDFM:monomodalStopPlace:44201,140,2.580352803262038,31.73833948012307
1616996,2,IDFM:monomodalStopPlace:44201,IDFM:monomodalStopPlace:43176,220,4.891915793940383,60.17056426546671
1616997,2,IDFM:monomodalStopPlace:43176,IDFM:monomodalStopPlace:58498,140,2.305258770345004,28.35468287524355
1616998,2,IDFM:monomodalStopPlace:58498,IDFM:monomodalStopPlace:58572,140,2.366265173790376,29.105061637621628
1616999,2,IDFM:monomodalStopPlace:58572,IDFM:monomodalStopPlace:58718,160,2.6341375996165493,32.39989247528356
1617000,2,IDFM:monomodalStopPlace:58718,IDFM:monomodalStopPlace:415093,180,3.760935629521567,46.25950824311528
1617001,2,IDFM:monomodalStopPlace:415093,IDFM:monomodalStopPlace:470549,200,4.240487771539696,52.157999589938264
1617002,2,IDFM:monomodalStopPlace:470549,IDFM:monomodalStopPlace:487011,140,1.2086079388670248,14.865877648064405
1617003,2,IDFM:monomodalStopPlace:470549,IDFM:monomodalStopPlace:43184,110,1.2024788389879764,14.79048971955211
1617004,2,IDFM:monomodalStopPlace:43184,IDFM:monomodalStopPlace:43205,110,1.8296027821756229,22.50411422076016
1617005,2,IDFM:monomodalStopPlace:43205,IDFM:monomodalStopPlace:43196,220,3.290187018363882,40.46930032587575
1617006,2,IDFM:monomodalStopPlace:43196,IDFM:monomodalStopPlace:47767,190,2.793994441024808,34.36613162460514
1617007,2,IDFM:monomodalStopPlace:47767,IDFM:monomodalStopPlace:43241,160,2.0900911531484305,25.708121183725698
1617008,2,IDFM:monomodalStopPlace:43241,IDFM:monomodalStopPlace:43219,330,5.05814077718323,62.21513155935373
1617009,2,IDFM:monomodalStopPlace:43219,IDFM:monomodalStopPlace:46990,320,5.258229414021839,64.67622179246862
1617010,2,IDFM:monomodalStopPlace:46990,IDFM:monomodalStopPlace:461504,180,2.7724047884188,34.10057889755124
1617011,2,IDFM:monomodalStopPlace:461504,IDFM:monomodalStopPlace:43209,180,3.592127741712559,44.18317122306448
1617012,2,IDFM:monomodalStopPlace:43209,IDFM:monomodalStopPlace:43147,300,5.913340929950989,72.73409343839717
1617013,2,IDFM:monomodalStopPlace:44411,IDFM:monomodalStopPlace:47955,130,1.1700988376328805,14.39221570288443
1617014,2,IDFM:monomodalStopPlace:47955,IDFM:monomodalStopPlace:43079,170,2.9178331707483625,35.88934800020486
1617015,2,IDFM:monomodalStopPlace:43079,IDFM:monomodalStopPlace:47447,220,2.7685937357391968,34.05370294959212
1617016,2,IDFM:monomodalStopPlace:47447,IDFM:monomodalStopPlace:47603,230,5.399290734153337,66.41127603008604
1617017,2,IDFM:monomodalStopPlace:47603,IDFM:monomodalStopPlace:43143,120,2.007109924187026,24.68745206750042
1617018,2,IDFM:monomodalStopPlace:43143,IDFM:monomodalStopPlace:43116,120,1.7899456707099772,22.01633174973272
1617019,2,IDFM:monomodalStopPlace:43116,IDFM:monomodalStopPlace:43212,180,4.045787758331156,49.76318942747322
1617020,2,IDFM:monomodalStopPlace:43212,IDFM:monomodalStopPlace:47875,150,2.171864215339659,26.713929848677804
1617021,2,IDFM:monomodalStopPlace:47875,IDFM:monomodalStopPlace:58566,610,10.490853039250336,129.03749238277913
1617022,2,IDFM:monomodalStopPlace:58566,IDFM:monomodalStopPlace:43069,390,5.020190671807064,61.74834526322689
1617023,2,IDFM:monomodalStopPlace:43069,IDFM:monomodalStopPlace:51238,110,1.4409876818666456,17.72414848695974
1617024,2,IDFM:monomodalStopPlace:51238,IDFM:monomodalStopPlace:43113,140,1.6223629426428878,19.95506419450752
1617025,2,IDFM:monomodalStopPlace:43113,IDFM:monomodalStopPlace:43236,90,1.0019647242346807,12.324166108086574
1617026,2,IDFM:monomodalStopPlace:43236,IDFM:monomodalStopPlace:47875,130,1.9571378041365872,24.072794990880023
1617027,2,IDFM:monomodalStopPlace:47875,IDFM:monomodalStopPlace:43189,200,3.1070124206109004,38.21625277351408
1617028,2,IDFM:monomodalStopPlace:43189,IDFM:monomodalStopPlace:47898,180,1.3606091858714595,16.735492986218954
1617029,2,IDFM:monomodalStopPlace:45301,IDFM:monomodalStopPlace:43072,130,1.685253711396819,20.728620650180872
1617030,2,IDFM:monomodalStopPlace:43072,IDFM:monomodalStopPlace:44877,190,2.5177508296588202,30.96833520480349
1617031,2,IDFM:monomodalStopPlace:44877,IDFM:monomodalStopPlace:45705,150,1.8059501372078617,22.2131866876567
1617032,2,IDFM:monomodalStopPlace:45705,IDFM:monomodalStopPlace:470540,100,1.2125929121527608,14.914892819478958
1617033,2,IDFM:monomodalStopPlace:470540,IDFM:monomodalStopPlace:415091,100,1.0350388533786123,12.730977896556933
1617034,2,IDFM:monomodalStopPlace:415091,IDFM:monomodalStopPlace:58757,90,1.1828531565507954,14.549093825574785
1617035,2,IDFM:monomodalStopPlace:58757,IDFM:monomodalStopPlace:45346,120,1.5410070065413033,18.95438618045803
1617036,2,IDFM:monomodalStopPlace:45346,IDFM:monomodalStopPlace:58798,100,1.2353396952631146,15.19467825173631
1617037,2,IDFM:monomodalStopPlace:58798,IDFM:monomodalStopPlace:462357,90,1.2008859579907043,14.770897283285663
1617038,2,IDFM:monomodalStopPlace:462357,IDFM:monomodalStopPlace:43084,110,1.5189341492900508,18.682890036267626
1617039,2,IDFM:monomodalStopPlace:43084,IDFM:monomodalStopPlace:43163,130,2.0751472691505364,25.5243114105516
1617040,2,IDFM:monomodalStopPlace:43163,IDFM:monomodalStopPlace:47883,270,4.94823650104961,60.86330896291021
1617041,2,IDFM:monomodalStopPlace:44411,IDFM:monomodalStopPlace:47599,80,0.8123692897790861,9.992142264282759
1617042,2,IDFM:monomodalStopPlace:47599,IDFM:monomodalStopPlace:43150,150,2.393298764184692,29.437574799471715
1617043,2,IDFM:monomodalStopPlace:43150,IDFM:monomodalStopPlace:43180,150,2.9247820098103063,35.97481872066677
1617044,2,IDFM:monomodalStopPlace:43180,IDFM:monomodalStopPlace:43166,170,3.8127576626776416,46.89691925093499
1617067,2,IDFM:monomodalStopPlace:473364,IDFM:monomodalStopPlace:462398,140,1.0797256195010734,13.280625119863203
1617068,2,IDFM:monomodalStopPlace:462398,IDFM:monomodalStopPlace:47878,290,6.076097218378261,74.73599578605261
1617069,2,IDFM:monomodalStopPlace:47878,IDFM:monomodalStopPlace:58793,90,1.414765092472396,17.40161063741047
1617070,2,IDFM:monomodalStopPlace:58793,IDFM:monomodalStopPlace:43193,120,2.2284816415765825,27.410324191391965
1617071,2,IDFM:monomodalStopPlace:43193,IDFM:monomodalStopPlace:43071,170,3.097236311948217,38.096006636963075
1617072,2,IDFM:monomodalStopPlace:43071,IDFM:monomodalStopPlace:46163,100,1.6978015953125416,20.882959622344263
1617073,2,IDFM:monomodalStopPlace:46163,IDFM:monomodalStopPlace:43122,100,1.7234362792530662,21.198266234812717
1617074,2,IDFM:monomodalStopPlace:43122,IDFM:monomodalStopPlace:43231,140,2.4542678431986813,30.187494471343783
1617075,2,IDFM:monomodalStopPlace:43231,IDFM:monomodalStopPlace:43140,180,3.436710969836478,42.27154492898868
1617076,2,IDFM:monomodalStopPlace:43140,IDFM:monomodalStopPlace:43145,120,2.1408302161138484,26.332211658200336
1617077,2,IDFM:monomodalStopPlace:43145,IDFM:monomodalStopPlace:462394,280,4.599648889245737,56.575681337722564
1617078,2,IDFM:monomodalStopPlace:462394,IDFM:monomodalStopPlace:45102,180,2.753415197485941,33.86700692907708
1617079,2,IDFM:monomodalStopPlace:45102,IDFM:monomodalStopPlace:44877,82,1.1280545627436362,13.875071121746727
1617080,2,IDFM:monomodalStopPlace:44877,IDFM:monomodalStopPlace:43833,82,1.0631831880415226,13.077153212910728
1617081,2,IDFM:monomodalStopPlace:43833,IDFM:monomodalStopPlace:44500,65,0.7222136805002997,8.883228270153687
1617082,2,IDFM:monomodalStopPlace:44500,IDFM:monomodalStopPlace:473890,78,0.9392913771715096,11.55328393920957
1617083,2,IDFM:monomodalStopPlace:473890,IDFM:monomodalStopPlace:473843,108,1.567198188315787,19.27653771628418
1617084,2,IDFM:monomodalStopPlace:473843,IDFM:monomodalStopPlace:45877,67,0.8214700218719294,10.104081269024732
1617085,2,IDFM:monomodalStopPlace:45877,IDFM:monomodalStopPlace:43607,76,1.0385487007652376,12.774149019412423
1617086,2,IDFM:monomodalStopPlace:43607,IDFM:monomodalStopPlace:43067,88,1.3430621377793777,16.519664294686347
1617087,2,IDFM:monomodalStopPlace:43067,IDFM:monomodalStopPlace:44493,68,0.8559278932409725,10.527913086863963
1617088,2,IDFM:monomodalStopPlace:44493,IDFM:monomodalStopPlace:43097,118,1.861841151418647,22.90064616244936
1617089,2,IDFM:monomodalStopPlace:43097,IDFM:monomodalStopPlace:46007,130,2.4671215371791435,30.345594907303468
1617090,2,IDFM:monomodalStopPlace:46007,IDFM:monomodalStopPlace:43066,70,0.9483759490099651,11.665024172822571
1617091,2,IDFM:monomodalStopPlace:43066,IDFM:monomodalStopPlace:43124,95,1.5384297657646275,18.92268611890492
1617092,2,IDFM:monomodalStopPlace:43124,IDFM:monomodalStopPlace:43228,64,0.7783100405375615,9.573213498612006
1617093,2,IDFM:monomodalStopPlace:43228,IDFM:monomodalStopPlace:58774,159,3.079006053528322,37.87177445839836
1617094,2,IDFM:monomodalStopPlace:58774,IDFM:monomodalStopPlace:47009,102,1.56891736711644,19.297683615532215
1617095,2,IDFM:monomodalStopPlace:47009,IDFM:monomodalStopPlace:43175,80,1.3143309619366534,16.16627083182084
1617096,2,IDFM:monomodalStopPlace:43175,IDFM:monomodalStopPlace:474069,128,2.0964585222012833,25.786439823075785
1617097,2,IDFM:monomodalStopPlace:474069,IDFM:monomodalStopPlace:43232,96,1.6669639495214907,20.503656579114338
1617098,2,IDFM:monomodalStopPlace:43232,IDFM:monomodalStopPlace:43086,93,1.4484127380767824,17.815476678344424
1617110,2,IDFM:monomodalStopPlace:43224,IDFM:monomodalStopPlace:470195,323,4.757732238743461,58.520106536544574
1617119,2,IDFM:monomodalStopPlace:43238,IDFM:monomodalStopPlace:43214,260,3.293123789756668,40.50542261400702
1617120,2,IDFM:monomodalStopPlace:43214,IDFM:monomodalStopPlace:43111,120,1.5807897388873478,19.44371378831438
1617121,2,IDFM:monomodalStopPlace:43111,IDFM:monomodalStopPlace:43162,160,2.641172021762705,32.48641586768127
1617122,2,IDFM:monomodalStopPlace:43162,IDFM:monomodalStopPlace:43088,100,1.2314063632441414,15.14629826790294
1617123,2,IDFM:monomodalStopPlace:43088,IDFM:monomodalStopPlace:43195,110,1.2878223725124103,15.840215181902646
1617124,2,IDFM:monomodalStopPlace:43195,IDFM:monomodalStopPlace:43108,170,2.977379756400087,36.62177100372107
1617125,2,IDFM:monomodalStopPlace:43108,IDFM:monomodalStopPlace:462388,120,1.6103739977296947,19.807600172075247
1617126,2,IDFM:monomodalStopPlace:462388,IDFM:monomodalStopPlace:43219,200,3.1655930881874568,38.93679498470572
1617128,2,IDFM:monomodalStopPlace:46990,IDFM:monomodalStopPlace:47884,170,2.9066604829946736,35.75192394083449
1617129,2,IDFM:monomodalStopPlace:47884,IDFM:monomodalStopPlace:43221,200,4.546090460384596,55.91691266273053
1617130,2,IDFM:monomodalStopPlace:43221,IDFM:monomodalStopPlace:43181,170,2.902081833450962,35.695606551446836
1617131,2,IDFM:monomodalStopPlace:43181,IDFM:monomodalStopPlace:47885,150,1.4003714958376074,17.224569398802572
1617132,2,IDFM:monomodalStopPlace:43164,IDFM:monomodalStopPlace:46725,200,4.366801314515902,53.711656168545595
1617133,2,IDFM:monomodalStopPlace:46725,IDFM:monomodalStopPlace:46222,140,3.3027984412560025,40.62442082744883
1617134,2,IDFM:monomodalStopPlace:46222,IDFM:monomodalStopPlace:43194,130,2.791780240200374,34.3388969544646
1617135,2,IDFM:monomodalStopPlace:43194,IDFM:monomodalStopPlace:43071,160,3.3782659214163235,41.552670833420784
1617153,2,IDFM:monomodalStopPlace:43097,IDFM:monomodalStopPlace:59206,87,1.2165035326774258,14.962993451932338
1617154,2,IDFM:monomodalStopPlace:59206,IDFM:monomodalStopPlace:43125,75,0.9052520198495739,11.13459984414976
1617155,2,IDFM:monomodalStopPlace:43125,IDFM:monomodalStopPlace:43186,116,1.3505102914376699,16.611276584683342
1617191,2,IDFM:monomodalStopPlace:58566,IDFM:monomodalStopPlace:47874,1060,24.884053327258496,306.07385592527953
1617192,2,IDFM:monomodalStopPlace:47874,IDFM:monomodalStopPlace:47966,190,3.565504954083981,43.85571093523297
1617193,2,IDFM:monomodalStopPlace:47966,IDFM:monomodalStopPlace:47964,220,5.526060622918149,67.97054566189324
1617194,2,IDFM:monomodalStopPlace:47964,IDFM:monomodalStopPlace:54249,170,2.7180519295312435,33.4320387332343
1617195,2,IDFM:monomodalStopPlace:54249,IDFM:monomodalStopPlace:47881,240,3.5052984877376696,43.11517139917334
1617208,2,IDFM:monomodalStopPlace:470195,IDFM:monomodalStopPlace:473875,125,1.7596124792022871,21.643233494188134
1617209,2,IDFM:monomodalStopPlace:473875,IDFM:monomodalStopPlace:43224,160,3.0852323262185664,37.948357612488365
1617210,2,IDFM:monomodalStopPlace:43224,IDFM:monomodalStopPlace:47238,138,2.6443240377278947,32.525185664053105
1617211,2,IDFM:monomodalStopPlace:47238,IDFM:monomodalStopPlace:47886,94,1.3929192735544433,17.132907064719653
1617212,2,IDFM:monomodalStopPlace:47886,IDFM:monomodalStopPlace:43135,108,1.800640514120671,22.147878323684253
1617213,2,IDFM:monomodalStopPlace:43135,IDFM:monomodalStopPlace:44801,117,2.063608114705365,25.382379810875992
1617214,2,IDFM:monomodalStopPlace:44801,IDFM:monomodalStopPlace:43234,82,1.1593872270904546,14.260462893212592
1617215,2,IDFM:monomodalStopPlace:43234,IDFM:monomodalStopPlace:58270,116,2.02213327000063,24.87223922100775
1617216,2,IDFM:monomodalStopPlace:58270,IDFM:monomodalStopPlace:43146,100,1.4874032323097313,18.295059757409696
1617217,2,IDFM:monomodalStopPlace:43146,IDFM:monomodalStopPlace:58792,148,3.0137682989759935,37.06935007740472
1617218,2,IDFM:monomodalStopPlace:58792,IDFM:monomodalStopPlace:43094,175,2.54408744387677,31.292275559684274
1617219,2,IDFM:monomodalStopPlace:411440,IDFM:monomodalStopPlace:411428,540,9.897469620656196,121.73887633407122
1617220,2,IDFM:monomodalStopPlace:411428,IDFM:monomodalStopPlace:411421,290,6.715671664979186,82.602761479244
1617221,2,IDFM:monomodalStopPlace:411421,IDFM:monomodalStopPlace:411418,150,2.1194242546787754,26.06891833254894
1617222,2,IDFM:monomodalStopPlace:411418,IDFM:monomodalStopPlace:47958,190,3.747977162518323,46.10011909897538
1617223,2,IDFM:monomodalStopPlace:47958,IDFM:monomodalStopPlace:44628,260,6.716297085638921,82.61045415335873
1617224,2,IDFM:monomodalStopPlace:44628,IDFM:monomodalStopPlace:47968,170,2.8993264846746616,35.66171576149834
1617225,2,IDFM:monomodalStopPlace:47968,IDFM:monomodalStopPlace:47876,120,1.7718484580019374,21.79373603342383
1617226,2,IDFM:monomodalStopPlace:47876,IDFM:monomodalStopPlace:43222,210,5.427600590231553,66.75948725984811
1617227,2,IDFM:monomodalStopPlace:43222,IDFM:monomodalStopPlace:43251,150,3.1376446439956043,38.59302912114593
1617228,2,IDFM:monomodalStopPlace:43251,IDFM:monomodalStopPlace:43179,140,2.3907633136339523,29.406388757697616
1617229,2,IDFM:monomodalStopPlace:43179,IDFM:monomodalStopPlace:412743,190,4.138551703860764,50.9041859574874
1617230,2,IDFM:monomodalStopPlace:412743,IDFM:monomodalStopPlace:43204,130,2.2300270048580613,27.429332159754154
1617231,2,IDFM:monomodalStopPlace:43204,IDFM:monomodalStopPlace:462394,270,4.555930860166161,56.03794958004378
1617245,2,IDFM:monomodalStopPlace:43121,IDFM:monomodalStopPlace:47950,260,5.114449645762769,62.907730642882065
1617246,2,IDFM:monomodalStopPlace:47950,IDFM:monomodalStopPlace:47952,260,5.117591098847689,62.94637051582658
1617247,2,IDFM:monomodalStopPlace:47952,IDFM:monomodalStopPlace:43099,220,4.205282771861077,51.724978093891245
1617248,2,IDFM:monomodalStopPlace:43099,IDFM:monomodalStopPlace:47925,170,2.5127449171507243,30.906762480953912
1617249,2,IDFM:monomodalStopPlace:47925,IDFM:monomodalStopPlace:415484,180,2.7201448405394015,33.45778153863464
1617250,2,IDFM:monomodalStopPlace:415484,IDFM:monomodalStopPlace:43068,140,1.5593671440868921,19.180215872268775
1617251,2,IDFM:monomodalStopPlace:43068,IDFM:monomodalStopPlace:47939,160,2.2136361673907787,27.22772485890658
1617252,2,IDFM:monomodalStopPlace:47939,IDFM:monomodalStopPlace:43098,260,3.616545894472592,44.48351450201288
1617253,2,IDFM:monomodalStopPlace:43098,IDFM:monomodalStopPlace:43202,200,3.7266393510918414,45.83766401842965
1617254,2,IDFM:monomodalStopPlace:43202,IDFM:monomodalStopPlace:43188,130,2.277306019075261,28.010864034625715
1617255,2,IDFM:monomodalStopPlace:43188,IDFM:monomodalStopPlace:43076,150,2.644343865395484,32.52542954436445
1617256,2,IDFM:monomodalStopPlace:43076,IDFM:monomodalStopPlace:43192,110,1.9374209181041384,23.830277292680904
1617257,2,IDFM:monomodalStopPlace:43192,IDFM:monomodalStopPlace:45739,190,3.1208873009558027,38.38691380175638
1617258,2,IDFM:monomodalStopPlace:45739,IDFM:monomodalStopPlace:45301,710,17.802545432892494,218.97130882457768
1617284,2,IDFM:monomodalStopPlace:58566,IDFM:470860,2040,54.04248545385564,664.7225710824245
1617285,2,IDFM:470860,IDFM:471174,690,14.792068655503854,181.9424444626974
1617286,2,IDFM:471174,IDFM:471477,390,8.602502810730092,105.81078457198014
1617287,2,IDFM:471477,IDFM:monomodalStopPlace:411365,840,27.35301162328633,336.4420429664219
1617300,2,IDFM:monomodalStopPlace:43172,IDFM:monomodalStopPlace:474082,176,3.2413566509837124,39.868686807099664
1617302,2,IDFM:monomodalStopPlace:58937,IDFM:monomodalStopPlace:43152,199,4.478339007237271,55.08356978901844
1617307,2,IDFM:monomodalStopPlace:411365,IDFM:monomodalStopPlace:58566,3840,100.27402528733752,1233.3705110342516
1617309,2,IDFM:monomodalStopPlace:43213,IDFM:monomodalStopPlace:43207,349,10.055274335183151,123.67987432275277
1617311,2,IDFM:monomodalStopPlace:43152,IDFM:monomodalStopPlace:58937,201,4.478339007237271,55.08356978901844
1617322,2,IDFM:monomodalStopPlace:470549,IDFM:monomodalStopPlace:43170,165,2.3813177059048813,29.29020778263004
1617326,2,IDFM:monomodalStopPlace:47599,IDFM:monomodalStopPlace:47596,140,1.9196097607660323,23.6112000574222
1617327,2,IDFM:monomodalStopPlace:47596,IDFM:monomodalStopPlace:47595,80,1.0356932734128992,12.739027262978661
1617328,2,IDFM:monomodalStopPlace:47595,IDFM:monomodalStopPlace:47591,90,1.339233509724379,16.47257216960986
1617329,2,IDFM:monomodalStopPlace:47591,IDFM:monomodalStopPlace:47918,150,2.838530085970568,34.91392005743799
1617330,2,IDFM:monomodalStopPlace:47918,IDFM:monomodalStopPlace:47588,170,3.4709448215617593,42.69262130520964
1617331,2,IDFM:monomodalStopPlace:47588,IDFM:monomodalStopPlace:47589,150,3.0931593645380295,38.045860183817766
1617332,2,IDFM:monomodalStopPlace:47589,IDFM:monomodalStopPlace:47590,180,3.903146221535465,48.00869852488622
1617333,2,IDFM:monomodalStopPlace:47590,IDFM:monomodalStopPlace:43178,230,3.2620121391892325,40.122749312027565
1617334,2,IDFM:monomodalStopPlace:43178,IDFM:monomodalStopPlace:47533,240,4.049979468626316,49.81474746410369
1617335,2,IDFM:monomodalStopPlace:47533,IDFM:monomodalStopPlace:411332,170,3.458076386599106,42.53433955516901
1617336,2,IDFM:monomodalStopPlace:411332,IDFM:monomodalStopPlace:411326,200,4.875656916750283,59.97058007602848
1617337,2,IDFM:monomodalStopPlace:411326,IDFM:monomodalStopPlace:411329,170,3.571710077520897,43.93203395350704
1617338,2,IDFM:monomodalStopPlace:411329,IDFM:monomodalStopPlace:411440,360,7.763149089628359,95.48673380242883
1617339,2,IDFM:monomodalStopPlace:45739,IDFM:monomodalStopPlace:46395,230,3.400620915719291,41.827637263347285
1617340,2,IDFM:monomodalStopPlace:46395,IDFM:monomodalStopPlace:46387,140,2.163149932332335,26.606744167687722
1617341,2,IDFM:monomodalStopPlace:46387,IDFM:monomodalStopPlace:46307,130,1.8621688956567954,22.904677416578586
1617342,2,IDFM:monomodalStopPlace:46307,IDFM:monomodalStopPlace:43110,180,3.3465166495350642,41.162154789281296
1617343,2,IDFM:monomodalStopPlace:43110,IDFM:monomodalStopPlace:43227,190,2.38397763047549,29.322924854848527
1617344,2,IDFM:monomodalStopPlace:43227,IDFM:monomodalStopPlace:45301,270,6.509734281216307,80.06973165896058
1617357,2,IDFM:monomodalStopPlace:47883,IDFM:monomodalStopPlace:462388,90,1.004865983280476,12.359851594349855
1617358,2,IDFM:monomodalStopPlace:462388,IDFM:monomodalStopPlace:43183,120,1.712830751111482,21.06781823867123
1617359,2,IDFM:monomodalStopPlace:43183,IDFM:monomodalStopPlace:43220,190,1.9093548476623023,23.48506462624632
1617381,2,IDFM:monomodalStopPlace:47898,IDFM:monomodalStopPlace:43189,120,1.3606091858714595,16.735492986218954
1617382,2,IDFM:monomodalStopPlace:43189,IDFM:monomodalStopPlace:47875,220,3.1070124206109004,38.21625277351408
1617383,2,IDFM:monomodalStopPlace:47875,IDFM:monomodalStopPlace:43236,150,1.9571378041365872,24.072794990880023
1617384,2,IDFM:monomodalStopPlace:43236,IDFM:monomodalStopPlace:43113,110,1.0019647242346807,12.324166108086574
1617385,2,IDFM:monomodalStopPlace:43113,IDFM:monomodalStopPlace:51238,140,1.6223629426428878,19.95506419450752
1617386,2,IDFM:monomodalStopPlace:51238,IDFM:monomodalStopPlace:43069,130,1.4409876818666456,17.72414848695974
1617387,2,IDFM:monomodalStopPlace:43069,IDFM:monomodalStopPlace:58566,380,5.020190671807064,61.74834526322689
1617396,2,IDFM:monomodalStopPlace:43098,IDFM:monomodalStopPlace:43076,360,8.410934523145384,103.45449463468823
1617412,2,IDFM:monomodalStopPlace:58566,IDFM:monomodalStopPlace:45493,150,1.6979422619767772,20.88468982231436
1617413,2,IDFM:monomodalStopPlace:45493,IDFM:monomodalStopPlace:43112,130,1.746241648656588,21.478772278476033
1617414,2,IDFM:monomodalStopPlace:43112,IDFM:monomodalStopPlace:43069,120,1.6072905143274068,19.769673326227103
1617415,2,IDFM:monomodalStopPlace:43069,IDFM:monomodalStopPlace:470549,260,4.150037058940422,51.04545582496719
1617416,2,IDFM:monomodalStopPlace:470549,IDFM:monomodalStopPlace:43205,170,3.0050666911703936,36.96232030139584
1617420,2,IDFM:monomodalStopPlace:43241,IDFM:monomodalStopPlace:46689,130,2.0084279002740795,24.70366317337118
1617421,2,IDFM:monomodalStopPlace:46689,IDFM:monomodalStopPlace:43167,100,1.250291112339312,15.378580681773537
1617422,2,IDFM:monomodalStopPlace:43167,IDFM:monomodalStopPlace:44602,170,1.4161376773584167,17.418493431508526
1617424,2,IDFM:monomodalStopPlace:43082,IDFM:monomodalStopPlace:43170,190,3.4235011945480593,42.10906469294113
1617425,2,IDFM:monomodalStopPlace:43170,IDFM:monomodalStopPlace:47412,130,2.45721522210997,30.223747231952633
1617426,2,IDFM:monomodalStopPlace:47412,IDFM:monomodalStopPlace:47969,100,1.5532120422556002,19.104508119743883
1617427,2,IDFM:monomodalStopPlace:47969,IDFM:monomodalStopPlace:47923,110,1.4273822893465657,17.55680215896276
1617428,2,IDFM:monomodalStopPlace:47923,IDFM:monomodalStopPlace:43069,90,1.213135205506776,14.921563027733344
1617429,2,IDFM:monomodalStopPlace:43069,IDFM:monomodalStopPlace:43112,110,1.6072905143274068,19.769673326227103
1617430,2,IDFM:monomodalStopPlace:43112,IDFM:monomodalStopPlace:45493,110,1.746241648656588,21.478772278476033
1617431,2,IDFM:monomodalStopPlace:45493,IDFM:monomodalStopPlace:58566,190,1.6979422619767772,20.88468982231436
1617451,2,IDFM:monomodalStopPlace:473109,IDFM:monomodalStopPlace:47915,200,4.4592964073525625,54.849345810436525
1617452,2,IDFM:monomodalStopPlace:47915,IDFM:monomodalStopPlace:47874,360,5.26606926293452,64.7726519340946
1617453,2,IDFM:monomodalStopPlace:43104,IDFM:monomodalStopPlace:47897,130,1.9312828974942555,23.754779639179343
1617454,2,IDFM:monomodalStopPlace:47897,IDFM:monomodalStopPlace:44559,200,4.159280306101263,51.15914776504554
1617455,2,IDFM:monomodalStopPlace:44559,IDFM:monomodalStopPlace:47879,170,2.8878407505470873,35.52044123172918
1617456,2,IDFM:monomodalStopPlace:47879,IDFM:monomodalStopPlace:43114,150,2.9048467781046594,35.72961537068731
1617457,2,IDFM:monomodalStopPlace:43114,IDFM:monomodalStopPlace:46647,130,2.6357242529262677,32.41940831099309
1617458,2,IDFM:monomodalStopPlace:46647,IDFM:monomodalStopPlace:473109,330,6.460359166714324,79.46241775058618
1617477,2,IDFM:monomodalStopPlace:470519,IDFM:monomodalStopPlace:58879,810,18.76952315486394,230.86513480482648
1617478,2,IDFM:monomodalStopPlace:58879,IDFM:monomodalStopPlace:43211,290,4.570923710030795,56.222361633378775
1617479,2,IDFM:monomodalStopPlace:43211,IDFM:monomodalStopPlace:427872,250,5.809347190908783,71.45497044817803
1617480,2,IDFM:monomodalStopPlace:427872,IDFM:monomodalStopPlace:47322,380,9.110355481967574,112.05737242820116
1617481,2,IDFM:monomodalStopPlace:47322,IDFM:monomodalStopPlace:43161,440,8.706779440864144,107.09338712262898
1617482,2,IDFM:monomodalStopPlace:462394,IDFM:monomodalStopPlace:412743,300,6.7820265406288565,83.41892644973494
1617483,2,IDFM:monomodalStopPlace:412743,IDFM:monomodalStopPlace:43078,170,3.270618446673368,40.228606894082425
1617484,2,IDFM:monomodalStopPlace:43078,IDFM:monomodalStopPlace:46470,100,1.471783235936427,18.10293380201805
1617485,2,IDFM:monomodalStopPlace:46470,IDFM:monomodalStopPlace:43075,90,1.184726053496481,14.572130458006717
1617486,2,IDFM:monomodalStopPlace:43075,IDFM:monomodalStopPlace:46477,110,1.5759338823064502,19.38398675236934
1617487,2,IDFM:monomodalStopPlace:46477,IDFM:monomodalStopPlace:47898,110,1.7147268095746373,21.09113975776804
1617488,2,IDFM:monomodalStopPlace:47898,IDFM:monomodalStopPlace:47920,130,1.4311888471133674,17.60362281949442
1617489,2,IDFM:monomodalStopPlace:47920,IDFM:monomodalStopPlace:46482,70,0.7680816534206316,9.447404337073769
1617490,2,IDFM:monomodalStopPlace:46482,IDFM:monomodalStopPlace:48964,150,2.82623632637469,34.76270681440869
1617491,2,IDFM:monomodalStopPlace:48964,IDFM:monomodalStopPlace:47963,110,1.3991789893390314,17.209901568870087
1617492,2,IDFM:monomodalStopPlace:47963,IDFM:monomodalStopPlace:43206,70,0.7305501787936279,8.985767199161623
1617493,2,IDFM:monomodalStopPlace:43206,IDFM:monomodalStopPlace:43090,110,1.6566202884921633,20.376429548453608
1617494,2,IDFM:monomodalStopPlace:43090,IDFM:monomodalStopPlace:47580,120,1.6912759990351085,20.802694788131834
1617495,2,IDFM:monomodalStopPlace:47580,IDFM:monomodalStopPlace:47582,110,1.7292189784430256,21.269393434849217
1617496,2,IDFM:monomodalStopPlace:47582,IDFM:monomodalStopPlace:47585,150,2.7535323259089166,33.86844760867967
1617497,2,IDFM:monomodalStopPlace:47585,IDFM:monomodalStopPlace:47588,190,1.7115297551545292,21.051815988400712
1617506,2,IDFM:monomodalStopPlace:47907,IDFM:monomodalStopPlace:44787,120,2.0542675913275303,25.267491373328625
1617507,2,IDFM:monomodalStopPlace:44787,IDFM:monomodalStopPlace:46035,180,3.4779105895375957,42.77830025131243
1617508,2,IDFM:monomodalStopPlace:46035,IDFM:monomodalStopPlace:47940,180,3.659050776399145,45.00632454970949
1617509,2,IDFM:monomodalStopPlace:47940,IDFM:monomodalStopPlace:58774,220,1.761506933485795,21.66653528187528
1617527,2,IDFM:472592,IDFM:471890,390,5.750797519945746,70.73480949533268
1617528,2,IDFM:471890,IDFM:471949,540,9.477883815015751,116.57797092469374
1617529,2,IDFM:471949,IDFM:471660,330,5.689536969359255,69.98130472311884
1617530,2,IDFM:471660,IDFM:472652,450,7.860306974093924,96.68177578135527
1617531,2,IDFM:472652,IDFM:472093,360,8.156888890701964,100.32973335563416
1617532,2,IDFM:472093,IDFM:472543,240,5.360843170536115,65.93837099759422
1617533,2,IDFM:472543,IDFM:472737,1140,32.220770941691114,396.3154825828007
1617534,2,IDFM:472737,IDFM:monomodalStopPlace:43238,750,16.22654973831499,199.58656178127438
1617535,2,IDFM:monomodalStopPlace:43157,IDFM:monomodalStopPlace:46965,140,1.1947053097087275,14.694875309417348
1617536,2,IDFM:monomodalStopPlace:46965,IDFM:monomodalStopPlace:47882,350,8.302345764712655,102.11885290596567
1617537,2,IDFM:monomodalStopPlace:47882,IDFM:monomodalStopPlace:43070,220,3.532880743177442,43.45443314108254
1617538,2,IDFM:monomodalStopPlace:43070,IDFM:monomodalStopPlace:47881,280,6.0015027335944335,73.81848362321153
1617539,2,IDFM:monomodalStopPlace:47881,IDFM:monomodalStopPlace:54249,190,3.5052984877376696,43.11517139917334
1617540,2,IDFM:monomodalStopPlace:54249,IDFM:monomodalStopPlace:47964,170,2.7180519295312435,33.4320387332343
1617541,2,IDFM:monomodalStopPlace:47964,IDFM:monomodalStopPlace:47966,250,5.526060622918149,67.97054566189324
1617542,2,IDFM:monomodalStopPlace:47966,IDFM:monomodalStopPlace:47874,210,3.565504954083981,43.85571093523297
1617543,2,IDFM:monomodalStopPlace:47874,IDFM:monomodalStopPlace:473109,360,8.869366981383626,109.0932138710186
1617546,2,IDFM:monomodalStopPlace:43082,IDFM:monomodalStopPlace:58566,730,12.926932961059412,159.00127542103078
1617560,2,IDFM:monomodalStopPlace:470195,IDFM:monomodalStopPlace:43154,350,6.749810324115947,83.02266698662615
1617561,2,IDFM:monomodalStopPlace:43154,IDFM:monomodalStopPlace:464040,120,1.7726632321042521,21.8037577548823
1617562,2,IDFM:monomodalStopPlace:464040,IDFM:monomodalStopPlace:46286,150,2.263706198860979,27.84358624599004
1617563,2,IDFM:monomodalStopPlace:46286,IDFM:monomodalStopPlace:45067,330,5.345963405966609,65.7553498933893
1617564,2,IDFM:monomodalStopPlace:45067,IDFM:monomodalStopPlace:47684,230,3.0139484475197613,37.07156590449306
1617565,2,IDFM:monomodalStopPlace:47684,IDFM:monomodalStopPlace:43226,120,1.8629469790761775,22.914247842636986
1617566,2,IDFM:monomodalStopPlace:43226,IDFM:monomodalStopPlace:58873,130,2.2173743960884207,27.273705071887576
1617567,2,IDFM:monomodalStopPlace:58873,IDFM:monomodalStopPlace:47924,170,3.20433837908149,39.41336206270233
1617568,2,IDFM:monomodalStopPlace:47924,IDFM:monomodalStopPlace:45771,130,2.0703812572016966,25.46568946358087
1617569,2,IDFM:monomodalStopPlace:58566,IDFM:monomodalStopPlace:47875,550,10.490853039250336,129.03749238277913
1617570,2,IDFM:monomodalStopPlace:47875,IDFM:monomodalStopPlace:43212,160,2.171864215339659,26.713929848677804
1617571,2,IDFM:monomodalStopPlace:43212,IDFM:monomodalStopPlace:43116,190,4.045787758331156,49.76318942747322
1617572,2,IDFM:monomodalStopPlace:43116,IDFM:monomodalStopPlace:43143,120,1.7899456707099772,22.01633174973272
1617573,2,IDFM:monomodalStopPlace:43143,IDFM:monomodalStopPlace:47603,120,2.007109924187026,24.68745206750042
1617574,2,IDFM:monomodalStopPlace:47603,IDFM:monomodalStopPlace:47447,220,5.399290734153337,66.41127603008604
1617575,2,IDFM:monomodalStopPlace:47447,IDFM:monomodalStopPlace:43114,120,2.1495463728152244,26.439420385627262
1617576,2,IDFM:monomodalStopPlace:43114,IDFM:monomodalStopPlace:43160,110,1.3744066775099344,16.905202133372192
1617577,2,IDFM:monomodalStopPlace:43160,IDFM:monomodalStopPlace:47916,110,1.8159215118147292,22.33583459532117
1617578,2,IDFM:monomodalStopPlace:47916,IDFM:monomodalStopPlace:47929,120,1.8488569042294114,22.740939922021763
1617579,2,IDFM:monomodalStopPlace:47929,IDFM:monomodalStopPlace:46926,140,2.319960873830826,28.53551874811916
1617580,2,IDFM:monomodalStopPlace:46926,IDFM:monomodalStopPlace:43217,200,4.881297895861672,60.03996411909857
1617581,2,IDFM:monomodalStopPlace:43217,IDFM:monomodalStopPlace:46902,170,3.6797135841092894,45.26047708454426
1617582,2,IDFM:monomodalStopPlace:46902,IDFM:monomodalStopPlace:46897,100,1.4336889404186577,17.63437396714949
1617583,2,IDFM:monomodalStopPlace:46897,IDFM:monomodalStopPlace:43137,210,5.101260290177777,62.74550156918666
1617584,2,IDFM:monomodalStopPlace:43137,IDFM:monomodalStopPlace:43129,160,3.239020583738313,39.83995317998125
1617585,2,IDFM:monomodalStopPlace:43129,IDFM:monomodalStopPlace:46975,120,2.1646897695892147,26.62568416594734
1617586,2,IDFM:monomodalStopPlace:46975,IDFM:monomodalStopPlace:43151,140,3.120594721883347,38.38331507916517
1617587,2,IDFM:monomodalStopPlace:43151,IDFM:monomodalStopPlace:46965,150,2.7099234295403094,33.33205818334581
1617588,2,IDFM:monomodalStopPlace:46965,IDFM:monomodalStopPlace:43157,120,1.1947053097087275,14.694875309417348
1617610,2,IDFM:monomodalStopPlace:43115,IDFM:monomodalStopPlace:45850,180,2.1563087017697713,26.52259703176819
1617611,2,IDFM:monomodalStopPlace:45850,IDFM:monomodalStopPlace:47906,120,1.8862489459950338,23.20086203573892
1617612,2,IDFM:monomodalStopPlace:47906,IDFM:monomodalStopPlace:48489,150,2.313330784880979,28.453968654036043
1617613,2,IDFM:monomodalStopPlace:48489,IDFM:monomodalStopPlace:43132,160,2.5390254406952932,31.23001292055211
1617614,2,IDFM:monomodalStopPlace:43132,IDFM:monomodalStopPlace:45739,220,4.601062286314016,56.593066121662396
1617615,2,IDFM:monomodalStopPlace:45739,IDFM:monomodalStopPlace:45735,180,3.464887890585633,42.618121054203286
1617616,2,IDFM:monomodalStopPlace:45735,IDFM:monomodalStopPlace:45067,220,3.945576144896542,48.530586582227464
1617617,2,IDFM:monomodalStopPlace:45067,IDFM:monomodalStopPlace:46304,150,1.9657518802497775,24.178748127072264
1617618,2,IDFM:monomodalStopPlace:46304,IDFM:monomodalStopPlace:46286,190,3.418851081066094,42.05186829711296
1617622,2,IDFM:monomodalStopPlace:462394,IDFM:470808,1500,34.56509206090066,425.15063234907814
1617623,2,IDFM:470808,IDFM:472290,900,29.932213976145846,368.1662319065939
1617644,2,IDFM:monomodalStopPlace:45739,IDFM:monomodalStopPlace:43225,130,1.792109775145632,22.042950234291276
1617645,2,IDFM:monomodalStopPlace:43225,IDFM:monomodalStopPlace:47948,170,3.197596794767623,39.33044057564177
1617646,2,IDFM:monomodalStopPlace:47948,IDFM:monomodalStopPlace:45860,130,2.1276479981093086,26.170070376744498
1617647,2,IDFM:monomodalStopPlace:45860,IDFM:monomodalStopPlace:45745,140,2.3615744263191742,29.047365443725845
1617648,2,IDFM:monomodalStopPlace:45745,IDFM:monomodalStopPlace:43115,200,3.196997161819333,39.3230650903778
1617649,2,IDFM:monomodalStopPlace:43115,IDFM:monomodalStopPlace:45759,110,1.225529518181322,15.07401307363026
1617650,2,IDFM:monomodalStopPlace:45759,IDFM:monomodalStopPlace:47904,120,1.6693450378458412,20.532943965503847
1617651,2,IDFM:monomodalStopPlace:47904,IDFM:monomodalStopPlace:45820,170,2.8915360238191616,35.56589309297569
1617652,2,IDFM:monomodalStopPlace:45820,IDFM:monomodalStopPlace:45824,110,1.4438287034307224,17.759093052197887
1617653,2,IDFM:monomodalStopPlace:45824,IDFM:monomodalStopPlace:45814,220,4.249460598845029,52.268365365793855
1617654,2,IDFM:monomodalStopPlace:45814,IDFM:monomodalStopPlace:45812,230,3.832168749317967,47.135675616610996
1617655,2,IDFM:monomodalStopPlace:45812,IDFM:monomodalStopPlace:45763,150,2.402862274894634,29.555205981204
1617656,2,IDFM:monomodalStopPlace:45763,IDFM:monomodalStopPlace:47967,160,3.0072425288499938,36.98908310485493
1617657,2,IDFM:monomodalStopPlace:47967,IDFM:monomodalStopPlace:47909,280,4.944546277130959,60.8179192087108
1617658,2,IDFM:monomodalStopPlace:487011,IDFM:monomodalStopPlace:470549,110,1.2086079388670248,14.865877648064405
1617659,2,IDFM:monomodalStopPlace:470549,IDFM:monomodalStopPlace:415093,200,4.240487771539696,52.157999589938264
1617660,2,IDFM:monomodalStopPlace:415093,IDFM:monomodalStopPlace:58718,170,3.760935629521567,46.25950824311528
1617661,2,IDFM:monomodalStopPlace:58718,IDFM:monomodalStopPlace:58572,160,2.6341375996165493,32.39989247528356
1617662,2,IDFM:monomodalStopPlace:58572,IDFM:monomodalStopPlace:58498,150,2.366265173790376,29.105061637621628
1617663,2,IDFM:monomodalStopPlace:58498,IDFM:monomodalStopPlace:43176,130,2.305258770345004,28.35468287524355
1617664,2,IDFM:monomodalStopPlace:43176,IDFM:monomodalStopPlace:44201,210,4.891915793940383,60.17056426546671
1617665,2,IDFM:monomodalStopPlace:44201,IDFM:monomodalStopPlace:42356,140,2.580352803262038,31.73833948012307
1617666,2,IDFM:monomodalStopPlace:42356,IDFM:monomodalStopPlace:47877,110,1.6459194521347458,20.244809261257373
1617667,2,IDFM:monomodalStopPlace:47877,IDFM:monomodalStopPlace:47900,120,2.042427690891035,25.12186059795973
1617668,2,IDFM:monomodalStopPlace:47900,IDFM:monomodalStopPlace:46552,170,1.868970702997827,22.988339646873275
1617669,2,IDFM:monomodalStopPlace:46552,IDFM:monomodalStopPlace:58267,150,2.4589934704077527,30.24561968601536
1617670,2,IDFM:monomodalStopPlace:58267,IDFM:monomodalStopPlace:43223,210,2.588958035546032,31.8441838372162
1617690,2,IDFM:monomodalStopPlace:462398,IDFM:monomodalStopPlace:43071,700,11.362102968180531,139.75386650862055
1617691,2,IDFM:monomodalStopPlace:43071,IDFM:monomodalStopPlace:43145,600,11.329928610337413,139.35812190715018
1617704,2,IDFM:monomodalStopPlace:43097,IDFM:monomodalStopPlace:43177,87,1.362872912049206,16.763336818205236
1617705,2,IDFM:monomodalStopPlace:43177,IDFM:monomodalStopPlace:46007,79,1.1311436789086458,13.913067250576344
1617709,2,IDFM:monomodalStopPlace:43228,IDFM:monomodalStopPlace:47940,84,1.3455860972549367,16.550708996235723
1617713,2,IDFM:monomodalStopPlace:47878,IDFM:monomodalStopPlace:43071,350,5.530176616645424,68.02117238473872
1617714,2,IDFM:monomodalStopPlace:43071,IDFM:monomodalStopPlace:462394,910,13.301301055975475,163.60600298849835
1617764,2,IDFM:monomodalStopPlace:470195,IDFM:monomodalStopPlace:47909,2060,46.733489614262055,574.8219222554233
1617765,2,IDFM:monomodalStopPlace:47909,IDFM:monomodalStopPlace:47654,330,7.3102843605313135,89.91649763453516
1617766,2,IDFM:monomodalStopPlace:47654,IDFM:monomodalStopPlace:47911,320,8.130506405320055,100.00522878543669
1617767,2,IDFM:monomodalStopPlace:47911,IDFM:monomodalStopPlace:47130,300,7.982581206860583,98.18574884438517
1617768,2,IDFM:monomodalStopPlace:47130,IDFM:monomodalStopPlace:47953,110,1.4918355014866407,18.349576668285682
1617769,2,IDFM:monomodalStopPlace:47953,IDFM:monomodalStopPlace:47910,380,10.711284385389064,131.7487979402855
1617796,2,IDFM:monomodalStopPlace:461504,IDFM:monomodalStopPlace:46990,210,2.7724047884188,34.10057889755124
1617797,2,IDFM:monomodalStopPlace:46990,IDFM:monomodalStopPlace:43219,300,5.258229414021839,64.67622179246862
1617798,2,IDFM:monomodalStopPlace:43219,IDFM:monomodalStopPlace:462388,200,3.1655930881874568,38.93679498470572
1617799,2,IDFM:monomodalStopPlace:462388,IDFM:monomodalStopPlace:47883,100,1.004865983280476,12.359851594349855
1617800,2,IDFM:monomodalStopPlace:47883,IDFM:monomodalStopPlace:43163,240,4.94823650104961,60.86330896291021
1617801,2,IDFM:monomodalStopPlace:43163,IDFM:monomodalStopPlace:43084,130,2.0751472691505364,25.5243114105516
1617802,2,IDFM:monomodalStopPlace:43084,IDFM:monomodalStopPlace:462357,120,1.5189341492900508,18.682890036267626
1617803,2,IDFM:monomodalStopPlace:462357,IDFM:monomodalStopPlace:58798,110,1.2008859579907043,14.770897283285663
1617804,2,IDFM:monomodalStopPlace:58798,IDFM:monomodalStopPlace:45346,100,1.2353396952631146,15.19467825173631
1617805,2,IDFM:monomodalStopPlace:45346,IDFM:monomodalStopPlace:58757,130,1.5410070065413033,18.95438618045803
1617812,2,IDFM:monomodalStopPlace:45301,IDFM:monomodalStopPlace:45739,610,17.802545432892494,218.97130882457768
1617813,2,IDFM:monomodalStopPlace:45739,IDFM:monomodalStopPlace:43192,160,3.1208873009558027,38.38691380175638
1617814,2,IDFM:monomodalStopPlace:43192,IDFM:monomodalStopPlace:43076,120,1.9374209181041384,23.830277292680904
1617815,2,IDFM:monomodalStopPlace:43076,IDFM:monomodalStopPlace:43188,140,2.644343865395484,32.52542954436445
1617816,2,IDFM:monomodalStopPlace:43188,IDFM:monomodalStopPlace:43202,130,2.277306019075261,28.010864034625715
1617817,2,IDFM:monomodalStopPlace:43202,IDFM:monomodalStopPlace:43098,180,3.7266393510918414,45.83766401842965
1617818,2,IDFM:monomodalStopPlace:43098,IDFM:monomodalStopPlace:43159,250,5.326064110573807,65.51058856005783
1617819,2,IDFM:monomodalStopPlace:43159,IDFM:monomodalStopPlace:47905,210,4.187335262458336,51.504223728237534
1617820,2,IDFM:monomodalStopPlace:47905,IDFM:monomodalStopPlace:43149,190,3.3592466376465047,41.318733643052006
1617821,2,IDFM:monomodalStopPlace:43149,IDFM:monomodalStopPlace:47927,180,3.4789692421557645,42.79132167851591
1617822,2,IDFM:monomodalStopPlace:47927,IDFM:monomodalStopPlace:43081,170,3.1047949512337394,38.188977900175
1617823,2,IDFM:monomodalStopPlace:43081,IDFM:monomodalStopPlace:43080,370,7.84627421847848,96.5091728872853
1617824,2,IDFM:monomodalStopPlace:43080,IDFM:monomodalStopPlace:47115,130,1.7393367238345248,21.393841703164657
1617845,2,IDFM:monomodalStopPlace:44199,IDFM:monomodalStopPlace:43207,179,3.277155572841801,40.30901354595416
1617846,2,IDFM:monomodalStopPlace:47889,IDFM:monomodalStopPlace:47052,161,2.230043345921073,27.429533154829198
1617847,2,IDFM:monomodalStopPlace:47052,IDFM:monomodalStopPlace:47888,157,3.2967773494823565,40.55036139863299
1617848,2,IDFM:monomodalStopPlace:47888,IDFM:monomodalStopPlace:47046,86,1.3277963464001676,16.33189506072206
1617849,2,IDFM:monomodalStopPlace:47046,IDFM:monomodalStopPlace:43103,82,1.0812225956884283,13.299037926967669
1617850,2,IDFM:monomodalStopPlace:43103,IDFM:monomodalStopPlace:43086,120,1.3993510894711485,17.21201840049513
1617851,2,IDFM:monomodalStopPlace:43086,IDFM:monomodalStopPlace:43232,104,1.4484127380767824,17.815476678344424
1617852,2,IDFM:monomodalStopPlace:43232,IDFM:monomodalStopPlace:47009,231,4.671121666893155,57.45479650278581
1617853,2,IDFM:monomodalStopPlace:47009,IDFM:monomodalStopPlace:58774,102,1.56891736711644,19.297683615532215
1617854,2,IDFM:monomodalStopPlace:58774,IDFM:monomodalStopPlace:43066,255,5.145614942934918,63.29106379809949
1617855,2,IDFM:monomodalStopPlace:43066,IDFM:monomodalStopPlace:46007,71,0.9483759490099651,11.665024172822571
1617856,2,IDFM:monomodalStopPlace:46007,IDFM:monomodalStopPlace:43097,131,2.4671215371791435,30.345594907303468
1617857,2,IDFM:monomodalStopPlace:43097,IDFM:monomodalStopPlace:44493,119,1.861841151418647,22.90064616244936
1617858,2,IDFM:monomodalStopPlace:44493,IDFM:monomodalStopPlace:43067,70,0.8559278932409725,10.527913086863963
1617859,2,IDFM:monomodalStopPlace:43067,IDFM:monomodalStopPlace:43607,93,1.3430621377793777,16.519664294686347
1617860,2,IDFM:monomodalStopPlace:43607,IDFM:monomodalStopPlace:45877,77,1.0385487007652376,12.774149019412423
1617861,2,IDFM:monomodalStopPlace:45877,IDFM:monomodalStopPlace:473843,66,0.8214700218719294,10.104081269024732
1617862,2,IDFM:monomodalStopPlace:473843,IDFM:monomodalStopPlace:473890,110,1.567198188315787,19.27653771628418
1617863,2,IDFM:monomodalStopPlace:473890,IDFM:monomodalStopPlace:44500,77,0.9392913771715096,11.55328393920957
1617864,2,IDFM:monomodalStopPlace:44500,IDFM:monomodalStopPlace:43833,64,0.7222136805002997,8.883228270153687
1617865,2,IDFM:monomodalStopPlace:43833,IDFM:monomodalStopPlace:44877,96,1.0631831880415226,13.077153212910728
1617866,2,IDFM:monomodalStopPlace:44877,IDFM:monomodalStopPlace:45102,80,1.1280545627436362,13.875071121746727
1617868,2,IDFM:monomodalStopPlace:462394,IDFM:monomodalStopPlace:43145,260,4.599648889245737,56.575681337722564
1617869,2,IDFM:monomodalStopPlace:43145,IDFM:monomodalStopPlace:43140,120,2.1408302161138484,26.332211658200336
1617870,2,IDFM:monomodalStopPlace:43140,IDFM:monomodalStopPlace:43231,160,3.436710969836478,42.27154492898868
1617871,2,IDFM:monomodalStopPlace:43231,IDFM:monomodalStopPlace:43122,130,2.4542678431986813,30.187494471343783
1617872,2,IDFM:monomodalStopPlace:43122,IDFM:monomodalStopPlace:46163,100,1.7234362792530662,21.198266234812717
1617873,2,IDFM:monomodalStopPlace:46163,IDFM:monomodalStopPlace:43071,110,1.6978015953125416,20.882959622344263
1617874,2,IDFM:monomodalStopPlace:43071,IDFM:monomodalStopPlace:43194,170,3.3782659214163235,41.552670833420784
1617875,2,IDFM:monomodalStopPlace:43194,IDFM:monomodalStopPlace:46222,140,2.791780240200374,34.3388969544646
1617876,2,IDFM:monomodalStopPlace:46222,IDFM:monomodalStopPlace:46725,160,3.3027984412560025,40.62442082744883
1617877,2,IDFM:monomodalStopPlace:46725,IDFM:monomodalStopPlace:43164,230,4.366801314515902,53.711656168545595
1617903,2,IDFM:monomodalStopPlace:47954,IDFM:monomodalStopPlace:47937,170,2.1573786566799598,26.535757477163507
1617904,2,IDFM:monomodalStopPlace:47937,IDFM:monomodalStopPlace:43248,110,1.7066189302255328,20.991412841774054
1617905,2,IDFM:monomodalStopPlace:43248,IDFM:monomodalStopPlace:473506,150,2.568365556335459,31.590896342926147
1617906,2,IDFM:monomodalStopPlace:473506,IDFM:monomodalStopPlace:47790,100,1.2318290372456628,15.151497158121654
1617907,2,IDFM:monomodalStopPlace:47790,IDFM:monomodalStopPlace:47880,100,1.5206648624695447,18.704177808375402
1617908,2,IDFM:monomodalStopPlace:47880,IDFM:monomodalStopPlace:43216,100,1.4330571622321897,17.626603095455934
1617909,2,IDFM:monomodalStopPlace:43216,IDFM:monomodalStopPlace:47770,170,2.9037878323496975,35.71659033790128
1617910,2,IDFM:monomodalStopPlace:47770,IDFM:monomodalStopPlace:43196,170,2.757027392716616,33.91143693041438
1617911,2,IDFM:monomodalStopPlace:43196,IDFM:monomodalStopPlace:422065,100,1.306865992427724,16.074451706861005
1617912,2,IDFM:monomodalStopPlace:422065,IDFM:monomodalStopPlace:43184,210,3.7530779738217674,46.16285907800774
1617913,2,IDFM:monomodalStopPlace:43184,IDFM:monomodalStopPlace:470549,90,1.2024788389879764,14.79048971955211
1617914,2,IDFM:monomodalStopPlace:470549,IDFM:monomodalStopPlace:43118,90,1.219336210700917,14.99783539162128
1617915,2,IDFM:monomodalStopPlace:43118,IDFM:monomodalStopPlace:47923,110,1.8674464383393194,22.96959119157363
1617916,2,IDFM:monomodalStopPlace:47923,IDFM:monomodalStopPlace:58566,420,5.892690026909462,72.4800873309864
1617917,2,IDFM:monomodalStopPlace:43186,IDFM:monomodalStopPlace:43125,121,1.3505102914376699,16.611276584683342
1617918,2,IDFM:monomodalStopPlace:43125,IDFM:monomodalStopPlace:59206,74,0.9052520198495739,11.13459984414976
1617919,2,IDFM:monomodalStopPlace:59206,IDFM:monomodalStopPlace:43097,88,1.2165035326774258,14.962993451932338
1617948,2,IDFM:monomodalStopPlace:44201,IDFM:monomodalStopPlace:43096,110,1.747869437169884,21.498794077189572
1617949,2,IDFM:monomodalStopPlace:43096,IDFM:monomodalStopPlace:47901,160,2.8898265642320213,35.54486674005386
1617950,2,IDFM:monomodalStopPlace:47901,IDFM:monomodalStopPlace:43044,90,1.2275373990169107,15.098710007908004
1617951,2,IDFM:monomodalStopPlace:43044,IDFM:monomodalStopPlace:43127,130,2.4500106805037274,30.13513137019585
1617952,2,IDFM:monomodalStopPlace:43127,IDFM:monomodalStopPlace:58879,140,2.6033961568893633,32.02177272973917
1618081,2,IDFM:monomodalStopPlace:411479,IDFM:472742,420,10.342332694136504,127.21069213787901
1618082,2,IDFM:472742,IDFM:monomodalStopPlace:411452,990,30.66896826283761,377.2283096329026
1618083,2,IDFM:monomodalStopPlace:411452,IDFM:monomodalStopPlace:479035,3960,110.90891727186245,1364.1796824439082
1618115,2,IDFM:monomodalStopPlace:46975,IDFM:monomodalStopPlace:43129,160,2.1646897695892147,26.62568416594734
1618116,2,IDFM:monomodalStopPlace:43129,IDFM:monomodalStopPlace:43137,150,3.239020583738313,39.83995317998125
1618117,2,IDFM:monomodalStopPlace:43137,IDFM:monomodalStopPlace:46897,200,5.101260290177777,62.74550156918666
1618118,2,IDFM:monomodalStopPlace:46897,IDFM:monomodalStopPlace:46902,100,1.4336889404186577,17.63437396714949
1618119,2,IDFM:monomodalStopPlace:46902,IDFM:monomodalStopPlace:43217,170,3.6797135841092894,45.26047708454426
1618120,2,IDFM:monomodalStopPlace:43217,IDFM:monomodalStopPlace:46926,200,4.881297895861672,60.03996411909857
1618121,2,IDFM:monomodalStopPlace:46926,IDFM:monomodalStopPlace:47929,130,2.319960873830826,28.53551874811916
1618122,2,IDFM:monomodalStopPlace:47929,IDFM:monomodalStopPlace:47916,110,1.8488569042294114,22.740939922021763
1618123,2,IDFM:monomodalStopPlace:47916,IDFM:monomodalStopPlace:43160,110,1.8159215118147292,22.33583459532117
1618124,2,IDFM:monomodalStopPlace:43160,IDFM:monomodalStopPlace:43114,100,1.3744066775099344,16.905202133372192
1618125,2,IDFM:monomodalStopPlace:43114,IDFM:monomodalStopPlace:47447,120,2.1495463728152244,26.439420385627262
1618135,2,IDFM:monomodalStopPlace:43069,IDFM:monomodalStopPlace:47923,90,1.213135205506776,14.921563027733344
1618136,2,IDFM:monomodalStopPlace:47923,IDFM:monomodalStopPlace:47969,110,1.4273822893465657,17.55680215896276
1618137,2,IDFM:monomodalStopPlace:47969,IDFM:monomodalStopPlace:47412,110,1.5532120422556002,19.104508119743883
1618138,2,IDFM:monomodalStopPlace:47412,IDFM:monomodalStopPlace:43170,210,2.45721522210997,30.223747231952633
1618139,2,IDFM:monomodalStopPlace:411443,IDFM:monomodalStopPlace:411446,510,15.006837343765442,184.58409932831495
1618140,2,IDFM:monomodalStopPlace:411446,IDFM:monomodalStopPlace:411449,750,23.059063575191363,283.6264819748538
1618141,2,IDFM:monomodalStopPlace:411449,IDFM:monomodalStopPlace:59049,780,25.565841302143127,314.45984801636047
1618142,2,IDFM:monomodalStopPlace:59049,IDFM:471744,720,22.470961302811588,276.3928240245825
1618143,2,IDFM:471744,IDFM:monomodalStopPlace:43072,2160,49.55089551851406,609.476014877723
1618144,2,IDFM:monomodalStopPlace:411507,IDFM:monomodalStopPlace:411504,390,5.760083145551318,70.84902269028122
1618145,2,IDFM:monomodalStopPlace:411504,IDFM:monomodalStopPlace:411498,300,4.478304616078729,55.08314677776837
1618146,2,IDFM:monomodalStopPlace:411498,IDFM:monomodalStopPlace:411501,300,5.008083904818871,61.59943202927211
1618147,2,IDFM:monomodalStopPlace:411501,IDFM:monomodalStopPlace:59302,330,5.592450327790788,68.7871390318267
1618148,2,IDFM:monomodalStopPlace:59302,IDFM:monomodalStopPlace:411511,480,7.905752840519151,97.24075993838557
1618149,2,IDFM:monomodalStopPlace:411511,IDFM:monomodalStopPlace:46832,390,8.18758903577037,100.70734513997556
1618150,2,IDFM:monomodalStopPlace:46832,IDFM:monomodalStopPlace:427870,240,5.482745488861164,67.43776951299233
1618151,2,IDFM:monomodalStopPlace:427870,IDFM:monomodalStopPlace:43219,1110,32.04728061235554,394.1815515319732
1618152,2,IDFM:monomodalStopPlace:43219,IDFM:monomodalStopPlace:43238,750,16.24660778425344,199.83327574631736
1618154,2,IDFM:monomodalStopPlace:462394,IDFM:monomodalStopPlace:43071,860,13.301301055975475,163.60600298849835
1618155,2,IDFM:monomodalStopPlace:43071,IDFM:monomodalStopPlace:462398,680,11.362102968180531,139.75386650862055
1618156,2,IDFM:monomodalStopPlace:462398,IDFM:monomodalStopPlace:473364,130,1.0797256195010734,13.280625119863203
1618157,2,IDFM:monomodalStopPlace:58879,IDFM:monomodalStopPlace:43127,140,2.6033961568893633,32.02177272973917
1618158,2,IDFM:monomodalStopPlace:43127,IDFM:monomodalStopPlace:43044,140,2.4500106805037274,30.13513137019585
1618159,2,IDFM:monomodalStopPlace:43044,IDFM:monomodalStopPlace:47901,90,1.2275373990169107,15.098710007908004
1618160,2,IDFM:monomodalStopPlace:47901,IDFM:monomodalStopPlace:43096,160,2.8898265642320213,35.54486674005386
1618161,2,IDFM:monomodalStopPlace:43096,IDFM:monomodalStopPlace:44201,150,1.747869437169884,21.498794077189572
1618164,2,IDFM:monomodalStopPlace:58498,IDFM:monomodalStopPlace:470519,370,2.550166090501145,31.367042913164088
1618165,2,IDFM:monomodalStopPlace:43208,IDFM:monomodalStopPlace:43131,260,2.8220978814087534,34.711803941327666
1618166,2,IDFM:monomodalStopPlace:43131,IDFM:monomodalStopPlace:462901,190,4.406878031058233,54.204599782016274
1618167,2,IDFM:monomodalStopPlace:462901,IDFM:monomodalStopPlace:46568,200,4.6082280163257705,56.68120460080698
1618168,2,IDFM:monomodalStopPlace:46568,IDFM:monomodalStopPlace:43074,150,2.998964974157195,36.8872691821335
1618169,2,IDFM:monomodalStopPlace:43074,IDFM:monomodalStopPlace:58288,170,3.921585265534739,48.23549876607729
1618170,2,IDFM:monomodalStopPlace:58288,IDFM:monomodalStopPlace:43223,160,3.1433800397211566,38.66357448857023
1618171,2,IDFM:monomodalStopPlace:43223,IDFM:monomodalStopPlace:47900,270,6.0047271748597675,73.85814425077514
1618172,2,IDFM:monomodalStopPlace:47900,IDFM:monomodalStopPlace:44201,340,5.977020857027242,73.51735654143508
1618205,2,IDFM:monomodalStopPlace:47876,IDFM:monomodalStopPlace:47968,110,1.7718484580019374,21.79373603342383
1618206,2,IDFM:monomodalStopPlace:47968,IDFM:monomodalStopPlace:44628,150,2.8993264846746616,35.66171576149834
1618207,2,IDFM:monomodalStopPlace:44628,IDFM:monomodalStopPlace:47958,260,6.716297085638921,82.61045415335873
1618208,2,IDFM:monomodalStopPlace:47958,IDFM:monomodalStopPlace:411418,180,3.747977162518323,46.10011909897538
1618209,2,IDFM:monomodalStopPlace:411418,IDFM:monomodalStopPlace:411421,190,2.1194242546787754,26.06891833254894
1618210,2,IDFM:monomodalStopPlace:58566,IDFM:monomodalStopPlace:470549,540,7.475157315664626,91.9444349826749
1618211,2,IDFM:monomodalStopPlace:470549,IDFM:monomodalStopPlace:43196,300,6.15757781855292,75.73820716820093
1618212,2,IDFM:monomodalStopPlace:43196,IDFM:monomodalStopPlace:47770,170,2.757027392716616,33.91143693041438
1618213,2,IDFM:monomodalStopPlace:47770,IDFM:monomodalStopPlace:43216,170,2.9037878323496975,35.71659033790128
1618214,2,IDFM:monomodalStopPlace:43216,IDFM:monomodalStopPlace:47880,100,1.4330571622321897,17.626603095455934
1618215,2,IDFM:monomodalStopPlace:47880,IDFM:monomodalStopPlace:47790,110,1.5206648624695447,18.704177808375402
1618216,2,IDFM:monomodalStopPlace:47790,IDFM:monomodalStopPlace:473506,100,1.2318290372456628,15.151497158121654
1618217,2,IDFM:monomodalStopPlace:473506,IDFM:monomodalStopPlace:43248,160,2.568365556335459,31.590896342926147
1618218,2,IDFM:monomodalStopPlace:43248,IDFM:monomodalStopPlace:47937,120,1.7066189302255328,20.991412841774054
1618219,2,IDFM:monomodalStopPlace:47937,IDFM:monomodalStopPlace:47954,230,2.1573786566799598,26.535757477163507
1618254,2,IDFM:monomodalStopPlace:473843,IDFM:monomodalStopPlace:43097,280,5.729242322936637,70.46968057212064
1618267,2,IDFM:monomodalStopPlace:43086,IDFM:monomodalStopPlace:43103,87,1.3993510894711485,17.21201840049513
1618268,2,IDFM:monomodalStopPlace:43103,IDFM:monomodalStopPlace:47046,82,1.0812225956884283,13.299037926967669
1618269,2,IDFM:monomodalStopPlace:47046,IDFM:monomodalStopPlace:47888,83,1.3277963464001676,16.33189506072206
1618270,2,IDFM:monomodalStopPlace:47888,IDFM:monomodalStopPlace:47052,158,3.2967773494823565,40.55036139863299
1618271,2,IDFM:monomodalStopPlace:47052,IDFM:monomodalStopPlace:47889,142,2.230043345921073,27.429533154829198
1618275,2,IDFM:monomodalStopPlace:47911,IDFM:monomodalStopPlace:47961,240,4.275687157693424,52.59095203962912
1618276,2,IDFM:monomodalStopPlace:47961,IDFM:monomodalStopPlace:47130,210,3.7254962756207104,45.82360419013474
1618277,2,IDFM:monomodalStopPlace:47130,IDFM:monomodalStopPlace:43245,620,17.07351777097551,210.00426858299878
1618278,2,IDFM:monomodalStopPlace:43245,IDFM:monomodalStopPlace:47118,410,11.992272542032511,147.5049522669999
1618279,2,IDFM:monomodalStopPlace:47118,IDFM:monomodalStopPlace:411482,870,22.32043758590904,274.5413823066812
1618359,2,IDFM:monomodalStopPlace:45771,IDFM:monomodalStopPlace:47669,230,5.374527880878037,66.10669293479985
1618360,2,IDFM:monomodalStopPlace:47669,IDFM:monomodalStopPlace:47665,200,4.373781339558538,53.79751047657002
1618361,2,IDFM:monomodalStopPlace:47665,IDFM:monomodalStopPlace:42516,200,4.019232657253177,49.43656168421408
1618362,2,IDFM:monomodalStopPlace:42516,IDFM:monomodalStopPlace:45784,220,4.243962275355094,52.20073598686766
1618363,2,IDFM:monomodalStopPlace:45784,IDFM:monomodalStopPlace:47909,180,2.8569049948612424,35.13993143679328
1618367,2,IDFM:monomodalStopPlace:43116,IDFM:monomodalStopPlace:47603,170,3.774115088399122,46.421615587309205
1618392,2,IDFM:monomodalStopPlace:43066,IDFM:monomodalStopPlace:58774,255,5.145614942934918,63.29106379809949
1618393,2,IDFM:monomodalStopPlace:58774,IDFM:monomodalStopPlace:43232,306,6.113064084308486,75.19068823699438
1618452,2,IDFM:monomodalStopPlace:47447,IDFM:monomodalStopPlace:43079,210,2.7685937357391968,34.05370294959212
1618453,2,IDFM:monomodalStopPlace:43079,IDFM:monomodalStopPlace:47955,150,2.9178331707483625,35.88934800020486
1618454,2,IDFM:monomodalStopPlace:47955,IDFM:monomodalStopPlace:44411,120,1.1700988376328805,14.39221570288443
1618455,2,IDFM:monomodalStopPlace:44411,IDFM:monomodalStopPlace:51494,290,3.76501026484935,46.30962625764701
1618456,2,IDFM:monomodalStopPlace:51494,IDFM:monomodalStopPlace:46801,180,3.2029335674598847,39.396082879756584
1618457,2,IDFM:monomodalStopPlace:46801,IDFM:monomodalStopPlace:44161,120,1.9891288989701048,24.46628545733229
1618458,2,IDFM:monomodalStopPlace:44161,IDFM:monomodalStopPlace:47922,170,3.6202957943630767,44.52963827066585
1618459,2,IDFM:monomodalStopPlace:47922,IDFM:monomodalStopPlace:47949,170,3.5192250037903667,43.286467546621516
1618460,2,IDFM:monomodalStopPlace:47949,IDFM:monomodalStopPlace:47930,210,5.178442209047968,63.694839171290006
1618461,2,IDFM:monomodalStopPlace:47930,IDFM:monomodalStopPlace:411348,220,5.216526595205053,64.16327712102216
1618462,2,IDFM:monomodalStopPlace:411348,IDFM:monomodalStopPlace:411342,150,2.6427363054152244,32.50565655660726
1618463,2,IDFM:monomodalStopPlace:411342,IDFM:monomodalStopPlace:411345,240,5.853388211853682,71.9966750058003
1618464,2,IDFM:monomodalStopPlace:411345,IDFM:monomodalStopPlace:411338,240,5.311827742764409,65.33548123600224
1618465,2,IDFM:monomodalStopPlace:411338,IDFM:monomodalStopPlace:59301,190,2.84132295784502,34.94827238149375
1618527,2,IDFM:monomodalStopPlace:46286,IDFM:monomodalStopPlace:46304,180,3.418851081066094,42.05186829711296
1618528,2,IDFM:monomodalStopPlace:46304,IDFM:monomodalStopPlace:45067,130,1.9657518802497775,24.178748127072264
1618529,2,IDFM:monomodalStopPlace:45067,IDFM:monomodalStopPlace:45735,180,3.945576144896542,48.530586582227464
1618530,2,IDFM:monomodalStopPlace:45735,IDFM:monomodalStopPlace:45739,180,3.464887890585633,42.618121054203286
1618532,2,IDFM:monomodalStopPlace:43225,IDFM:monomodalStopPlace:43132,160,2.817175679406424,34.65126085669902
1618533,2,IDFM:monomodalStopPlace:43132,IDFM:monomodalStopPlace:48489,170,2.5390254406952932,31.23001292055211
1618534,2,IDFM:monomodalStopPlace:48489,IDFM:monomodalStopPlace:47906,140,2.313330784880979,28.453968654036043
1618535,2,IDFM:monomodalStopPlace:47906,IDFM:monomodalStopPlace:45850,120,1.8862489459950338,23.20086203573892
1618536,2,IDFM:monomodalStopPlace:45850,IDFM:monomodalStopPlace:43115,190,2.1563087017697713,26.52259703176819
1618537,2,IDFM:monomodalStopPlace:47910,IDFM:monomodalStopPlace:43144,250,3.8783241354803244,47.703386866407996
1618538,2,IDFM:monomodalStopPlace:43144,IDFM:monomodalStopPlace:43218,210,4.762389156441768,58.577386624233746
1618539,2,IDFM:monomodalStopPlace:43218,IDFM:monomodalStopPlace:43106,250,4.517352359475572,55.56343402154953
1618540,2,IDFM:monomodalStopPlace:43106,IDFM:monomodalStopPlace:47136,240,4.904103345300929,60.32047114720143
1618541,2,IDFM:monomodalStopPlace:47136,IDFM:monomodalStopPlace:47145,120,1.7034317654413549,20.952210714928665
1618542,2,IDFM:monomodalStopPlace:47145,IDFM:monomodalStopPlace:43123,270,5.77291621823044,71.00686948423441
1618543,2,IDFM:monomodalStopPlace:43123,IDFM:monomodalStopPlace:43107,210,4.6782528585926615,57.54251016068974
1618544,2,IDFM:monomodalStopPlace:43107,IDFM:monomodalStopPlace:45804,170,3.2817037366248423,40.36495596048556
1618545,2,IDFM:monomodalStopPlace:45804,IDFM:monomodalStopPlace:47909,230,3.0094253221853933,37.01593146288034
1618646,2,IDFM:monomodalStopPlace:43232,IDFM:monomodalStopPlace:474069,97,1.6669639495214907,20.503656579114338
1618647,2,IDFM:monomodalStopPlace:474069,IDFM:monomodalStopPlace:43175,124,2.0964585222012833,25.786439823075785
1618648,2,IDFM:monomodalStopPlace:43175,IDFM:monomodalStopPlace:47009,81,1.3143309619366534,16.16627083182084
1618650,2,IDFM:monomodalStopPlace:58774,IDFM:monomodalStopPlace:43228,160,3.079006053528322,37.87177445839836
1618651,2,IDFM:monomodalStopPlace:43228,IDFM:monomodalStopPlace:43124,65,0.7783100405375615,9.573213498612006
1618652,2,IDFM:monomodalStopPlace:43124,IDFM:monomodalStopPlace:43066,96,1.5384297657646275,18.92268611890492
1618672,2,IDFM:monomodalStopPlace:43071,IDFM:monomodalStopPlace:43193,170,3.097236311948217,38.096006636963075
1618673,2,IDFM:monomodalStopPlace:43193,IDFM:monomodalStopPlace:58793,120,2.2284816415765825,27.410324191391965
1618674,2,IDFM:monomodalStopPlace:58793,IDFM:monomodalStopPlace:47878,90,1.414765092472396,17.40161063741047
1618675,2,IDFM:monomodalStopPlace:47878,IDFM:monomodalStopPlace:462398,280,6.076097218378261,74.73599578605261
1618685,2,IDFM:monomodalStopPlace:47874,IDFM:monomodalStopPlace:43082,520,12.241218689442015,150.5669898801368
1618700,2,IDFM:monomodalStopPlace:47898,IDFM:monomodalStopPlace:43105,110,1.2971102186811476,15.954455689778117
1618701,2,IDFM:monomodalStopPlace:43105,IDFM:monomodalStopPlace:43126,130,2.208504585636821,27.164606403332897
1618702,2,IDFM:monomodalStopPlace:43126,IDFM:monomodalStopPlace:43166,170,3.6323214126257453,44.67755337529667
1618703,2,IDFM:monomodalStopPlace:43166,IDFM:monomodalStopPlace:43180,170,3.8127576626776416,46.89691925093499
1618704,2,IDFM:monomodalStopPlace:43180,IDFM:monomodalStopPlace:43150,150,2.9247820098103063,35.97481872066677
1618705,2,IDFM:monomodalStopPlace:43150,IDFM:monomodalStopPlace:47599,150,2.393298764184692,29.437574799471715
1618706,2,IDFM:monomodalStopPlace:47599,IDFM:monomodalStopPlace:44411,130,0.8123692897790861,9.992142264282759
1618707,2,IDFM:monomodalStopPlace:58774,IDFM:monomodalStopPlace:47940,105,1.761506933485795,21.66653528187528
1618708,2,IDFM:monomodalStopPlace:47940,IDFM:monomodalStopPlace:43228,88,1.3455860972549367,16.550708996235723
1618712,2,IDFM:monomodalStopPlace:46007,IDFM:monomodalStopPlace:43177,78,1.1311436789086458,13.913067250576344
1618713,2,IDFM:monomodalStopPlace:43177,IDFM:monomodalStopPlace:43097,89,1.362872912049206,16.763336818205236
1618726,2,IDFM:monomodalStopPlace:43071,IDFM:monomodalStopPlace:47878,330,5.530176616645424,68.02117238473872
1618800,2,IDFM:monomodalStopPlace:43147,IDFM:monomodalStopPlace:47932,140,2.337196213486835,28.747513425888073
1618801,2,IDFM:monomodalStopPlace:47932,IDFM:monomodalStopPlace:43229,180,3.889444056498038,47.84016189492587
1618802,2,IDFM:monomodalStopPlace:43229,IDFM:monomodalStopPlace:43235,200,4.56992265989316,56.21004871668587
1618803,2,IDFM:monomodalStopPlace:43235,IDFM:monomodalStopPlace:427870,320,6.659753302143009,81.91496561635901
1618842,2,IDFM:monomodalStopPlace:43097,IDFM:monomodalStopPlace:473843,306,5.729242322936637,70.46968057212064
1618900,2,IDFM:472965,IDFM:472184,210,5.192703023507458,63.870247189141736
1618901,2,IDFM:472184,IDFM:471363,180,4.041062186085407,49.70506488885051
1618902,2,IDFM:471363,IDFM:471897,390,11.688683815658292,143.77081093259702
1618903,2,IDFM:471897,IDFM:monomodalStopPlace:43072,1920,54.48225710691491,670.1317624150535
1618926,2,IDFM:monomodalStopPlace:43132,IDFM:monomodalStopPlace:43225,160,2.817175679406424,34.65126085669902
1618927,2,IDFM:monomodalStopPlace:43225,IDFM:monomodalStopPlace:45739,120,1.792109775145632,22.042950234291276
1619003,2,IDFM:monomodalStopPlace:43238,IDFM:monomodalStopPlace:43219,750,16.24660778425344,199.83327574631736
1619004,2,IDFM:monomodalStopPlace:43219,IDFM:monomodalStopPlace:47885,840,16.782853313652,206.42909575791964
1619005,2,IDFM:monomodalStopPlace:47885,IDFM:monomodalStopPlace:46847,300,5.948436584691009,73.16576999169942
1619006,2,IDFM:monomodalStopPlace:46847,IDFM:monomodalStopPlace:46850,240,5.442451929773332,66.942158736212
1619007,2,IDFM:monomodalStopPlace:46850,IDFM:monomodalStopPlace:47903,210,4.430462662263825,54.49469074584505
1619008,2,IDFM:monomodalStopPlace:47903,IDFM:monomodalStopPlace:47921,230,5.579320339355674,68.6256401740748
1619009,2,IDFM:monomodalStopPlace:47921,IDFM:monomodalStopPlace:47959,160,2.9136020616289175,35.837305358035685
1619010,2,IDFM:monomodalStopPlace:47959,IDFM:monomodalStopPlace:47935,270,7.036334178539845,86.5469103960401
1619011,2,IDFM:monomodalStopPlace:47935,IDFM:monomodalStopPlace:411495,300,8.256673162783347,101.55707990223517
1619012,2,IDFM:monomodalStopPlace:411495,IDFM:monomodalStopPlace:411492,440,12.976282257911105,159.6082717723066
1619045,2,IDFM:monomodalStopPlace:411365,IDFM:470928,1080,27.349784278885032,336.40234663028593
1619046,2,IDFM:470928,IDFM:471056,360,8.58991643970479,105.65597220836892
1619047,2,IDFM:471056,IDFM:472625,720,14.777894155275359,181.76809810988692
1619048,2,IDFM:472625,IDFM:monomodalStopPlace:58566,2460,54.0842740749311,665.2365711216526
1619049,2,IDFM:monomodalStopPlace:47909,IDFM:monomodalStopPlace:47967,280,4.944546277130959,60.8179192087108
1619050,2,IDFM:monomodalStopPlace:47967,IDFM:monomodalStopPlace:45763,160,3.0072425288499938,36.98908310485493
1619051,2,IDFM:monomodalStopPlace:45763,IDFM:monomodalStopPlace:45812,140,2.402862274894634,29.555205981204
1619052,2,IDFM:monomodalStopPlace:45812,IDFM:monomodalStopPlace:45814,220,3.832168749317967,47.135675616610996
1619053,2,IDFM:monomodalStopPlace:45814,IDFM:monomodalStopPlace:45824,210,4.249460598845029,52.268365365793855
1619054,2,IDFM:monomodalStopPlace:45824,IDFM:monomodalStopPlace:45820,100,1.4438287034307224,17.759093052197887
1619055,2,IDFM:monomodalStopPlace:45820,IDFM:monomodalStopPlace:47904,170,2.8915360238191616,35.56589309297569
1619056,2,IDFM:monomodalStopPlace:47904,IDFM:monomodalStopPlace:45759,110,1.6693450378458412,20.532943965503847
1619057,2,IDFM:monomodalStopPlace:45759,IDFM:monomodalStopPlace:43115,170,1.225529518181322,15.07401307363026
1619058,2,IDFM:monomodalStopPlace:58566,IDFM:monomodalStopPlace:43157,2280,54.058895720589284,664.9244173632483
1619061,2,IDFM:monomodalStopPlace:43078,IDFM:monomodalStopPlace:43075,180,2.656378834423622,32.673459663410554
1619062,2,IDFM:monomodalStopPlace:43075,IDFM:monomodalStopPlace:47898,180,3.177863626517371,39.087722606163666
1619103,2,IDFM:monomodalStopPlace:43168,IDFM:monomodalStopPlace:47517,140,2.692609711494235,33.11909945137909
1619104,2,IDFM:monomodalStopPlace:47517,IDFM:monomodalStopPlace:43120,130,1.970158909035394,24.232954581135346
1619105,2,IDFM:monomodalStopPlace:43120,IDFM:monomodalStopPlace:43073,130,2.4397451901478666,30.00886583881876
1619106,2,IDFM:monomodalStopPlace:43073,IDFM:monomodalStopPlace:43190,170,3.4939880523327536,42.97605304369287
1619107,2,IDFM:monomodalStopPlace:43190,IDFM:monomodalStopPlace:43133,120,1.9777183498571418,24.325935703242845
1619108,2,IDFM:monomodalStopPlace:43133,IDFM:monomodalStopPlace:473159,110,1.6831296011758439,20.70249409446288
1619109,2,IDFM:monomodalStopPlace:473159,IDFM:monomodalStopPlace:43078,150,2.4320781920890564,29.914561762695396
1619110,2,IDFM:monomodalStopPlace:43078,IDFM:monomodalStopPlace:412743,170,3.270618446673368,40.228606894082425
1619111,2,IDFM:monomodalStopPlace:412743,IDFM:monomodalStopPlace:462394,400,6.7820265406288565,83.41892644973494
1619147,2,IDFM:monomodalStopPlace:47528,IDFM:monomodalStopPlace:47951,140,1.725717809372713,21.22632905528437
1619148,2,IDFM:monomodalStopPlace:47951,IDFM:monomodalStopPlace:47525,150,2.6489748568821794,32.582390739650805
1619149,2,IDFM:monomodalStopPlace:47525,IDFM:monomodalStopPlace:47524,150,2.403777369086737,29.566461639766867
1619150,2,IDFM:monomodalStopPlace:47524,IDFM:monomodalStopPlace:47522,160,2.6072094709933546,32.06867649321826
1619151,2,IDFM:monomodalStopPlace:47522,IDFM:monomodalStopPlace:43168,200,2.863169358755039,35.21698311268698
1619161,2,IDFM:monomodalStopPlace:411378,IDFM:monomodalStopPlace:411381,320,6.999191732975263,86.09005831559574
1619162,2,IDFM:monomodalStopPlace:411381,IDFM:monomodalStopPlace:411384,200,4.5767036912945205,56.2934554029226
1619163,2,IDFM:monomodalStopPlace:411384,IDFM:monomodalStopPlace:47482,370,8.707606001345901,107.1035538165546
1619164,2,IDFM:monomodalStopPlace:47482,IDFM:monomodalStopPlace:43246,330,8.488709888109184,104.41113162374297
1619165,2,IDFM:monomodalStopPlace:43246,IDFM:monomodalStopPlace:47928,290,8.349733334798179,102.70172001801761
1619166,2,IDFM:monomodalStopPlace:47928,IDFM:monomodalStopPlace:47962,300,6.416178335884318,78.91899353137711
1619167,2,IDFM:monomodalStopPlace:47962,IDFM:monomodalStopPlace:43161,270,6.4289397639828545,79.07595909698911
1619168,2,IDFM:monomodalStopPlace:43161,IDFM:monomodalStopPlace:470519,1510,44.248674525634904,544.2586966653093
1619191,2,IDFM:monomodalStopPlace:43161,IDFM:monomodalStopPlace:47962,260,6.4289397639828545,79.07595909698911
1619192,2,IDFM:monomodalStopPlace:47962,IDFM:monomodalStopPlace:47484,300,6.907677409481469,84.96443213662207
1619193,2,IDFM:monomodalStopPlace:47484,IDFM:monomodalStopPlace:47486,190,3.597151397976966,44.244962195116685
1619194,2,IDFM:monomodalStopPlace:47486,IDFM:monomodalStopPlace:47491,400,9.337925913352795,114.85648873423938
1619195,2,IDFM:monomodalStopPlace:47491,IDFM:monomodalStopPlace:411375,250,5.664048378241862,69.66779505237491
1619196,2,IDFM:monomodalStopPlace:411375,IDFM:monomodalStopPlace:411372,400,6.803870885627256,83.68761189321525
1619197,2,IDFM:monomodalStopPlace:44602,IDFM:monomodalStopPlace:43167,130,1.4161376773584167,17.418493431508526
1619198,2,IDFM:monomodalStopPlace:43167,IDFM:monomodalStopPlace:46689,90,1.250291112339312,15.378580681773537
1619199,2,IDFM:monomodalStopPlace:46689,IDFM:monomodalStopPlace:43241,130,2.0084279002740795,24.70366317337118
1619200,2,IDFM:monomodalStopPlace:43241,IDFM:monomodalStopPlace:47767,150,2.0900911531484305,25.708121183725698
1619201,2,IDFM:monomodalStopPlace:47767,IDFM:monomodalStopPlace:43196,210,2.793994441024808,34.36613162460514
1619202,2,IDFM:monomodalStopPlace:43196,IDFM:monomodalStopPlace:43205,240,3.290187018363882,40.46930032587575
1619203,2,IDFM:monomodalStopPlace:43205,IDFM:monomodalStopPlace:470549,210,3.0050666911703936,36.96232030139584
1619204,2,IDFM:monomodalStopPlace:470549,IDFM:monomodalStopPlace:43069,290,4.150037058940422,51.04545582496719
1619240,2,IDFM:monomodalStopPlace:43147,IDFM:monomodalStopPlace:43209,300,5.913340929950989,72.73409343839717
1619241,2,IDFM:monomodalStopPlace:43209,IDFM:monomodalStopPlace:461504,200,3.592127741712559,44.18317122306448
1619244,2,IDFM:monomodalStopPlace:43219,IDFM:monomodalStopPlace:43241,320,5.05814077718323,62.21513155935373
1619248,2,IDFM:monomodalStopPlace:43205,IDFM:monomodalStopPlace:43184,130,1.8296027821756229,22.50411422076016
1619261,2,IDFM:monomodalStopPlace:43219,IDFM:monomodalStopPlace:57674,280,3.23253367093392,39.76016415248722
1619262,2,IDFM:monomodalStopPlace:57674,IDFM:monomodalStopPlace:43136,120,1.6986772666482113,20.893730379773
1619263,2,IDFM:monomodalStopPlace:43136,IDFM:monomodalStopPlace:43215,150,2.481973216489152,30.52827056281657
1619264,2,IDFM:monomodalStopPlace:43215,IDFM:monomodalStopPlace:43091,130,2.2436030800121927,27.596317884149972
1619265,2,IDFM:monomodalStopPlace:43091,IDFM:monomodalStopPlace:43083,110,1.7799671804374495,21.89359631938063
1619266,2,IDFM:monomodalStopPlace:43083,IDFM:monomodalStopPlace:58774,270,3.066561462582018,37.718705989758824
1619323,2,IDFM:monomodalStopPlace:43161,IDFM:monomodalStopPlace:47322,360,8.706779440864144,107.09338712262898
1619324,2,IDFM:monomodalStopPlace:47322,IDFM:monomodalStopPlace:427872,330,9.110355481967574,112.05737242820116
1619325,2,IDFM:monomodalStopPlace:427872,IDFM:monomodalStopPlace:43211,230,5.809347190908783,71.45497044817803
1619326,2,IDFM:monomodalStopPlace:43211,IDFM:monomodalStopPlace:58879,250,4.570923710030795,56.222361633378775
1619327,2,IDFM:monomodalStopPlace:58879,IDFM:monomodalStopPlace:470519,840,18.76952315486394,230.86513480482648
1619394,2,IDFM:monomodalStopPlace:45301,IDFM:monomodalStopPlace:43227,280,6.509734281216307,80.06973165896058
1619396,2,IDFM:monomodalStopPlace:43110,IDFM:monomodalStopPlace:46307,200,3.3465166495350642,41.162154789281296
1619397,2,IDFM:monomodalStopPlace:46307,IDFM:monomodalStopPlace:46387,140,1.8621688956567954,22.904677416578586
1619398,2,IDFM:monomodalStopPlace:46387,IDFM:monomodalStopPlace:46395,150,2.163149932332335,26.606744167687722
1619399,2,IDFM:monomodalStopPlace:46395,IDFM:monomodalStopPlace:45739,260,3.400620915719291,41.827637263347285
1619404,2,IDFM:monomodalStopPlace:58566,IDFM:monomodalStopPlace:43082,600,12.926932961059412,159.00127542103078
1619405,2,IDFM:monomodalStopPlace:43082,IDFM:monomodalStopPlace:47874,520,12.241218689442015,150.5669898801368
1619410,2,IDFM:monomodalStopPlace:47881,IDFM:monomodalStopPlace:43070,230,6.0015027335944335,73.81848362321153
1619411,2,IDFM:monomodalStopPlace:43070,IDFM:monomodalStopPlace:47882,170,3.532880743177442,43.45443314108254
1619412,2,IDFM:monomodalStopPlace:47882,IDFM:monomodalStopPlace:46965,340,8.302345764712655,102.11885290596567
1619414,2,IDFM:monomodalStopPlace:411482,IDFM:monomodalStopPlace:43245,990,33.860817781001685,416.48805870632077
1619415,2,IDFM:monomodalStopPlace:43245,IDFM:monomodalStopPlace:479035,3630,77.20201822707904,949.5848241930722
1619520,2,IDFM:monomodalStopPlace:58566,IDFM:monomodalStopPlace:47923,370,5.892690026909462,72.4800873309864
1619521,2,IDFM:monomodalStopPlace:47923,IDFM:monomodalStopPlace:43118,120,1.8674464383393194,22.96959119157363
1619522,2,IDFM:monomodalStopPlace:43118,IDFM:monomodalStopPlace:470549,90,1.219336210700917,14.99783539162128
1619524,2,IDFM:monomodalStopPlace:43184,IDFM:monomodalStopPlace:422065,220,3.7530779738217674,46.16285907800774
1619525,2,IDFM:monomodalStopPlace:422065,IDFM:monomodalStopPlace:43196,130,1.306865992427724,16.074451706861005
1619574,2,IDFM:monomodalStopPlace:47130,IDFM:monomodalStopPlace:47125,380,7.476174092845792,91.95694134200325
1619575,2,IDFM:monomodalStopPlace:47125,IDFM:monomodalStopPlace:47124,200,3.983231309975932,48.99374511270397
1619576,2,IDFM:monomodalStopPlace:47124,IDFM:monomodalStopPlace:43245,380,8.180840872811885,100.6243427355862
1619577,2,IDFM:monomodalStopPlace:43245,IDFM:monomodalStopPlace:47119,250,5.272470201551987,64.85138347908945
1619578,2,IDFM:monomodalStopPlace:47119,IDFM:monomodalStopPlace:47118,370,6.735601049924535,82.84789291407178
1619579,2,IDFM:monomodalStopPlace:47118,IDFM:monomodalStopPlace:58955,270,4.829456542352412,59.402315470934674
1619580,2,IDFM:monomodalStopPlace:58955,IDFM:monomodalStopPlace:411488,300,6.700016085829514,82.41019785570303
1619581,2,IDFM:monomodalStopPlace:411488,IDFM:monomodalStopPlace:411482,700,11.669727442616615,143.53764754418438
1619582,2,IDFM:monomodalStopPlace:48964,IDFM:monomodalStopPlace:46482,150,2.82623632637469,34.76270681440869
1619583,2,IDFM:monomodalStopPlace:46482,IDFM:monomodalStopPlace:47920,70,0.7680816534206316,9.447404337073769
1619584,2,IDFM:monomodalStopPlace:47920,IDFM:monomodalStopPlace:47898,110,1.4311888471133674,17.60362281949442
1619585,2,IDFM:monomodalStopPlace:47898,IDFM:monomodalStopPlace:46477,120,1.7147268095746373,21.09113975776804
1619586,2,IDFM:monomodalStopPlace:46477,IDFM:monomodalStopPlace:43075,100,1.5759338823064502,19.38398675236934
1619587,2,IDFM:monomodalStopPlace:43075,IDFM:monomodalStopPlace:46470,80,1.184726053496481,14.572130458006717
1619588,2,IDFM:monomodalStopPlace:46470,IDFM:monomodalStopPlace:43078,100,1.471783235936427,18.10293380201805
1619602,2,IDFM:monomodalStopPlace:411482,IDFM:monomodalStopPlace:411488,550,11.669727442616615,143.53764754418438
1619603,2,IDFM:monomodalStopPlace:411488,IDFM:monomodalStopPlace:58955,300,6.700016085829514,82.41019785570303
1619604,2,IDFM:monomodalStopPlace:58955,IDFM:monomodalStopPlace:47118,250,4.829456542352412,59.402315470934674
1619605,2,IDFM:monomodalStopPlace:47118,IDFM:monomodalStopPlace:47119,350,6.735601049924535,82.84789291407178
1619606,2,IDFM:monomodalStopPlace:47119,IDFM:monomodalStopPlace:43245,280,5.272470201551987,64.85138347908945
1619607,2,IDFM:monomodalStopPlace:43245,IDFM:monomodalStopPlace:47124,330,8.180840872811885,100.6243427355862
1619608,2,IDFM:monomodalStopPlace:47124,IDFM:monomodalStopPlace:47125,220,3.983231309975932,48.99374511270397
1619609,2,IDFM:monomodalStopPlace:47125,IDFM:monomodalStopPlace:47130,550,7.476174092845792,91.95694134200325
1619610,2,IDFM:monomodalStopPlace:47130,IDFM:monomodalStopPlace:47961,200,3.7254962756207104,45.82360419013474
1619611,2,IDFM:monomodalStopPlace:47961,IDFM:monomodalStopPlace:47911,230,4.275687157693424,52.59095203962912
1619612,2,IDFM:monomodalStopPlace:47911,IDFM:monomodalStopPlace:47654,340,8.130506405320055,100.00522878543669
1619613,2,IDFM:monomodalStopPlace:47654,IDFM:monomodalStopPlace:47909,290,7.3102843605313135,89.91649763453516
1619614,2,IDFM:monomodalStopPlace:47909,IDFM:monomodalStopPlace:470195,1730,46.733489614262055,574.8219222554233
1619707,2,IDFM:472592,IDFM:471660,960,20.131549014121738,247.6180528736974
1619709,2,IDFM:472652,IDFM:472543,600,13.506532095952094,166.13034478021078
1619710,2,IDFM:472543,IDFM:472104,1410,32.16523069613958,395.63233756251685
1619711,2,IDFM:472104,IDFM:monomodalStopPlace:43238,1020,16.288719957030825,200.35125547147916
1619764,2,IDFM:monomodalStopPlace:47907,IDFM:monomodalStopPlace:46298,300,3.7523092753270144,46.15340408652228
1619765,2,IDFM:monomodalStopPlace:46298,IDFM:monomodalStopPlace:43110,190,2.4444647095412355,30.066915927357197
1619767,2,IDFM:monomodalStopPlace:43227,IDFM:monomodalStopPlace:46375,170,2.348051094719699,28.8810284650523
1619768,2,IDFM:monomodalStopPlace:46375,IDFM:monomodalStopPlace:46366,140,1.9799318211008878,24.353161399540923
1619769,2,IDFM:monomodalStopPlace:46366,IDFM:monomodalStopPlace:45301,170,2.239143859792954,27.541469475453336
1619771,2,IDFM:monomodalStopPlace:43220,IDFM:monomodalStopPlace:43183,200,1.9093548476623023,23.48506462624632
1619772,2,IDFM:monomodalStopPlace:43183,IDFM:monomodalStopPlace:462388,120,1.712830751111482,21.06781823867123
1619847,2,IDFM:monomodalStopPlace:46647,IDFM:monomodalStopPlace:43191,410,7.89354617770119,97.09061798572465
1619857,2,IDFM:monomodalStopPlace:470519,IDFM:monomodalStopPlace:43208,1630,37.99050866670502,467.28325660047176
1619858,2,IDFM:monomodalStopPlace:43208,IDFM:monomodalStopPlace:43247,350,9.288140901779148,114.24413309188353
1619859,2,IDFM:monomodalStopPlace:43247,IDFM:monomodalStopPlace:47942,290,7.725251743953182,95.02059645062414
1619860,2,IDFM:monomodalStopPlace:47942,IDFM:monomodalStopPlace:47205,230,4.750256535482177,58.42815538643078
1619861,2,IDFM:monomodalStopPlace:47205,IDFM:monomodalStopPlace:47199,190,3.335477868857216,41.02637778694376
1619862,2,IDFM:monomodalStopPlace:47199,IDFM:monomodalStopPlace:47943,190,4.244475763658085,52.20705189299444
1619863,2,IDFM:monomodalStopPlace:47943,IDFM:monomodalStopPlace:43117,360,3.296678933838047,40.54915088620798
1619897,2,IDFM:monomodalStopPlace:422065,IDFM:monomodalStopPlace:43205,130,2.009896016604562,24.721721004236116
1619937,2,IDFM:monomodalStopPlace:47940,IDFM:monomodalStopPlace:46035,200,3.659050776399145,45.00632454970949
1619938,2,IDFM:monomodalStopPlace:46035,IDFM:monomodalStopPlace:44787,200,3.4779105895375957,42.77830025131243
1619939,2,IDFM:monomodalStopPlace:44787,IDFM:monomodalStopPlace:47907,130,2.0542675913275303,25.267491373328625
1619974,2,IDFM:472271,IDFM:472648,870,29.90774358157878,367.865246053419
1619975,2,IDFM:472648,IDFM:monomodalStopPlace:462394,1560,34.58037718800286,425.33863941243527
1620013,2,IDFM:monomodalStopPlace:47115,IDFM:monomodalStopPlace:43080,240,1.7393367238345248,21.393841703164657
1620014,2,IDFM:monomodalStopPlace:43080,IDFM:monomodalStopPlace:43081,320,7.84627421847848,96.5091728872853
1620015,2,IDFM:monomodalStopPlace:43081,IDFM:monomodalStopPlace:47927,150,3.1047949512337394,38.188977900175
1620016,2,IDFM:monomodalStopPlace:47927,IDFM:monomodalStopPlace:43149,170,3.4789692421557645,42.79132167851591
1620017,2,IDFM:monomodalStopPlace:43149,IDFM:monomodalStopPlace:47905,160,3.3592466376465047,41.318733643052006
1620018,2,IDFM:monomodalStopPlace:47905,IDFM:monomodalStopPlace:43159,190,4.187335262458336,51.504223728237534
1620019,2,IDFM:monomodalStopPlace:43159,IDFM:monomodalStopPlace:43098,230,5.326064110573807,65.51058856005783
1620040,2,IDFM:monomodalStopPlace:479035,IDFM:monomodalStopPlace:411452,4170,110.90891727186245,1364.1796824439082
1620041,2,IDFM:monomodalStopPlace:411452,IDFM:monomodalStopPlace:411467,900,30.67605848583433,377.3155193757623
1620042,2,IDFM:monomodalStopPlace:411467,IDFM:monomodalStopPlace:411479,360,10.315539523381181,126.88113613758854
1620117,2,IDFM:monomodalStopPlace:43078,IDFM:monomodalStopPlace:473159,160,2.4320781920890564,29.914561762695396
1620118,2,IDFM:monomodalStopPlace:473159,IDFM:monomodalStopPlace:43133,110,1.6831296011758439,20.70249409446288
1620119,2,IDFM:monomodalStopPlace:43133,IDFM:monomodalStopPlace:43190,130,1.9777183498571418,24.325935703242845
1620120,2,IDFM:monomodalStopPlace:43190,IDFM:monomodalStopPlace:43073,170,3.4939880523327536,42.97605304369287
1620121,2,IDFM:monomodalStopPlace:43073,IDFM:monomodalStopPlace:43120,140,2.4397451901478666,30.00886583881876
1620122,2,IDFM:monomodalStopPlace:43120,IDFM:monomodalStopPlace:47517,130,1.970158909035394,24.232954581135346
1620123,2,IDFM:monomodalStopPlace:47517,IDFM:monomodalStopPlace:43168,150,2.692609711494235,33.11909945137909
1620124,2,IDFM:monomodalStopPlace:43168,IDFM:monomodalStopPlace:47946,330,6.744878018310415,82.96199962521811
1620125,2,IDFM:monomodalStopPlace:47946,IDFM:monomodalStopPlace:47530,140,2.536769532586738,31.20226525081688
1620126,2,IDFM:monomodalStopPlace:47530,IDFM:monomodalStopPlace:43178,260,1.895271840328537,23.311843636041004
1620188,2,IDFM:monomodalStopPlace:462394,IDFM:monomodalStopPlace:43078,430,9.950877756315858,122.39579640268506
1620207,2,IDFM:monomodalStopPlace:43170,IDFM:monomodalStopPlace:470549,180,2.3813177059048813,29.29020778263004
1620221,2,IDFM:monomodalStopPlace:470519,IDFM:monomodalStopPlace:47187,1880,49.31188174518283,606.5361454657489
1620222,2,IDFM:monomodalStopPlace:47187,IDFM:monomodalStopPlace:47184,330,6.584407787419453,80.98821578525927
1620223,2,IDFM:monomodalStopPlace:47184,IDFM:monomodalStopPlace:47158,510,12.451427444272372,153.1525575645502
1620224,2,IDFM:monomodalStopPlace:47158,IDFM:monomodalStopPlace:47914,720,21.05758905451297,259.0083453705096
1620225,2,IDFM:monomodalStopPlace:47914,IDFM:monomodalStopPlace:47171,200,2.014278153123211,24.775621283415497
1620226,2,IDFM:monomodalStopPlace:47171,IDFM:monomodalStopPlace:47174,240,3.351624801454084,41.224985057885235
1620227,2,IDFM:monomodalStopPlace:47174,IDFM:monomodalStopPlace:47181,220,1.873423768423168,23.043112351604968
1620280,2,IDFM:monomodalStopPlace:43072,IDFM:monomodalStopPlace:43121,2220,49.5530612214397,609.5026530237084
1620281,2,IDFM:monomodalStopPlace:43121,IDFM:monomodalStopPlace:59049,720,22.469677454418505,276.37703268934763
1620282,2,IDFM:monomodalStopPlace:59049,IDFM:monomodalStopPlace:411449,780,25.565841302143127,314.45984801636047
1620283,2,IDFM:monomodalStopPlace:411449,IDFM:monomodalStopPlace:411446,720,23.059063575191363,283.6264819748538
1620284,2,IDFM:monomodalStopPlace:411446,IDFM:monomodalStopPlace:411443,570,15.006837343765442,184.58409932831495
1620319,2,IDFM:monomodalStopPlace:45739,IDFM:monomodalStopPlace:43098,440,12.652195568134976,155.6220054880602
1620462,2,IDFM:monomodalStopPlace:470519,IDFM:monomodalStopPlace:43161,1500,44.248674525634904,544.2586966653093
1620464,2,IDFM:monomodalStopPlace:47962,IDFM:monomodalStopPlace:47928,340,6.416178335884318,78.91899353137711
1620465,2,IDFM:monomodalStopPlace:47928,IDFM:monomodalStopPlace:43246,280,8.349733334798179,102.70172001801761
1620466,2,IDFM:monomodalStopPlace:43246,IDFM:monomodalStopPlace:47482,340,8.488709888109184,104.41113162374297
1620467,2,IDFM:monomodalStopPlace:47482,IDFM:monomodalStopPlace:411384,380,8.707606001345901,107.1035538165546
1620468,2,IDFM:monomodalStopPlace:411384,IDFM:monomodalStopPlace:411381,220,4.5767036912945205,56.2934554029226
1620469,2,IDFM:monomodalStopPlace:411381,IDFM:monomodalStopPlace:411378,320,6.999191732975263,86.09005831559574
1620723,2,IDFM:monomodalStopPlace:47009,IDFM:monomodalStopPlace:43232,238,4.671121666893155,57.45479650278581
1620734,2,IDFM:monomodalStopPlace:47907,IDFM:monomodalStopPlace:46299,160,2.659001622475448,32.705719956448014
1620735,2,IDFM:monomodalStopPlace:46299,IDFM:monomodalStopPlace:46298,110,1.2972002552112036,15.955563139097805
1620747,2,IDFM:monomodalStopPlace:58757,IDFM:monomodalStopPlace:45419,100,0.9203408502022644,11.320192457487853
1620748,2,IDFM:monomodalStopPlace:45419,IDFM:monomodalStopPlace:45453,70,0.6027710556824593,7.4140839848942495
1620749,2,IDFM:monomodalStopPlace:45453,IDFM:monomodalStopPlace:45447,110,1.1050267326269927,13.591828811312011
1620750,2,IDFM:monomodalStopPlace:45447,IDFM:monomodalStopPlace:45437,60,0.6014242679045347,7.3975184952257775
1620751,2,IDFM:monomodalStopPlace:45437,IDFM:monomodalStopPlace:415093,150,1.3458145135189539,16.553518516283134
1620752,2,IDFM:monomodalStopPlace:415093,IDFM:monomodalStopPlace:44314,120,1.599278341683685,19.67112360270933
1620753,2,IDFM:monomodalStopPlace:44314,IDFM:monomodalStopPlace:44514,150,1.7559887553124347,21.598661690342947
1620754,2,IDFM:monomodalStopPlace:44514,IDFM:monomodalStopPlace:43203,140,1.4340438731986298,17.638739640343147
1620755,2,IDFM:monomodalStopPlace:43203,IDFM:monomodalStopPlace:43230,180,2.190906399845865,26.94814871810414
1620756,2,IDFM:monomodalStopPlace:43230,IDFM:monomodalStopPlace:43130,110,1.6293689711867638,20.041238345597197
1620757,2,IDFM:monomodalStopPlace:43130,IDFM:monomodalStopPlace:43077,140,2.726397043375821,33.534683633522604
1620758,2,IDFM:monomodalStopPlace:43077,IDFM:monomodalStopPlace:43201,130,1.8777267869633107,23.096039479648724
1620759,2,IDFM:monomodalStopPlace:43201,IDFM:monomodalStopPlace:47898,190,2.4955634701276277,30.69543068256982
1620799,2,IDFM:monomodalStopPlace:45739,IDFM:monomodalStopPlace:43132,220,4.601062286314016,56.593066121662396
1620849,2,IDFM:monomodalStopPlace:47914,IDFM:monomodalStopPlace:470519,2820,88.40939477379023,1087.4355557176198
1620961,2,IDFM:monomodalStopPlace:470195,IDFM:monomodalStopPlace:411452,3810,111.80926988825188,1375.2540196254981
1620964,2,IDFM:472273,IDFM:monomodalStopPlace:59038,2940,76.20289873759808,937.2956544724564
1621039,2,IDFM:monomodalStopPlace:43072,IDFM:monomodalStopPlace:43080,2040,54.479213239965105,670.0943228515708
1621040,2,IDFM:monomodalStopPlace:43080,IDFM:monomodalStopPlace:43134,420,11.690750560897923,143.79623189904447
1621041,2,IDFM:monomodalStopPlace:43134,IDFM:monomodalStopPlace:43165,180,4.020540587595827,49.45264922742867
1621042,2,IDFM:monomodalStopPlace:43165,IDFM:monomodalStopPlace:47917,240,5.319959577975915,65.43550280910375
1621043,2,IDFM:monomodalStopPlace:58774,IDFM:monomodalStopPlace:43083,220,3.066561462582018,37.718705989758824
1621044,2,IDFM:monomodalStopPlace:43083,IDFM:monomodalStopPlace:43091,110,1.7799671804374495,21.89359631938063
1621045,2,IDFM:monomodalStopPlace:43091,IDFM:monomodalStopPlace:43215,130,2.2436030800121927,27.596317884149972
1621046,2,IDFM:monomodalStopPlace:43215,IDFM:monomodalStopPlace:43136,160,2.481973216489152,30.52827056281657
1621047,2,IDFM:monomodalStopPlace:43136,IDFM:monomodalStopPlace:57674,120,1.6986772666482113,20.893730379773
1621048,2,IDFM:monomodalStopPlace:57674,IDFM:monomodalStopPlace:43219,290,3.23253367093392,39.76016415248722
1621049,2,IDFM:monomodalStopPlace:43178,IDFM:monomodalStopPlace:47590,230,3.2620121391892325,40.122749312027565
1621050,2,IDFM:monomodalStopPlace:47590,IDFM:monomodalStopPlace:47589,180,3.903146221535465,48.00869852488622
1621051,2,IDFM:monomodalStopPlace:47589,IDFM:monomodalStopPlace:47588,160,3.0931593645380295,38.045860183817766
1621052,2,IDFM:monomodalStopPlace:47588,IDFM:monomodalStopPlace:47585,130,1.7115297551545292,21.051815988400712
1621053,2,IDFM:monomodalStopPlace:47585,IDFM:monomodalStopPlace:47582,150,2.7535323259089166,33.86844760867967
1621054,2,IDFM:monomodalStopPlace:47582,IDFM:monomodalStopPlace:47580,120,1.7292189784430256,21.269393434849217
1621055,2,IDFM:monomodalStopPlace:47580,IDFM:monomodalStopPlace:43090,110,1.6912759990351085,20.802694788131834
1621056,2,IDFM:monomodalStopPlace:43090,IDFM:monomodalStopPlace:43206,120,1.6566202884921633,20.376429548453608
1621057,2,IDFM:monomodalStopPlace:43206,IDFM:monomodalStopPlace:47963,60,0.7305501787936279,8.985767199161623
1621058,2,IDFM:monomodalStopPlace:47963,IDFM:monomodalStopPlace:48964,100,1.3991789893390314,17.209901568870087
1621153,2,IDFM:monomodalStopPlace:43145,IDFM:monomodalStopPlace:43071,600,11.329928610337413,139.35812190715018
1621241,2,IDFM:monomodalStopPlace:427870,IDFM:monomodalStopPlace:43235,320,6.659753302143009,81.91496561635901
1621242,2,IDFM:monomodalStopPlace:43235,IDFM:monomodalStopPlace:43229,200,4.56992265989316,56.21004871668587
1621243,2,IDFM:monomodalStopPlace:43229,IDFM:monomodalStopPlace:47932,180,3.889444056498038,47.84016189492587
1621244,2,IDFM:monomodalStopPlace:47932,IDFM:monomodalStopPlace:43147,140,2.337196213486835,28.747513425888073
1621250,2,IDFM:monomodalStopPlace:462388,IDFM:monomodalStopPlace:43108,120,1.6103739977296947,19.807600172075247
1621251,2,IDFM:monomodalStopPlace:43108,IDFM:monomodalStopPlace:43195,170,2.977379756400087,36.62177100372107
1621252,2,IDFM:monomodalStopPlace:43195,IDFM:monomodalStopPlace:43088,100,1.2878223725124103,15.840215181902646
1621253,2,IDFM:monomodalStopPlace:43088,IDFM:monomodalStopPlace:43162,100,1.2314063632441414,15.14629826790294
1621254,2,IDFM:monomodalStopPlace:43162,IDFM:monomodalStopPlace:43111,150,2.641172021762705,32.48641586768127
1621255,2,IDFM:monomodalStopPlace:43111,IDFM:monomodalStopPlace:43214,120,1.5807897388873478,19.44371378831438
1621256,2,IDFM:monomodalStopPlace:43214,IDFM:monomodalStopPlace:43238,310,3.293123789756668,40.50542261400702
1621314,2,IDFM:monomodalStopPlace:43069,IDFM:monomodalStopPlace:47875,330,5.659725407570047,69.61462251311158
1621323,2,IDFM:monomodalStopPlace:43066,IDFM:monomodalStopPlace:47009,407,6.714115847545996,82.58362492481575
1621333,2,IDFM:monomodalStopPlace:46801,IDFM:monomodalStopPlace:51494,170,3.2029335674598847,39.396082879756584
1621334,2,IDFM:monomodalStopPlace:51494,IDFM:monomodalStopPlace:44411,260,3.76501026484935,46.30962625764701
1621356,2,IDFM:monomodalStopPlace:43238,IDFM:472737,660,16.22654973831499,199.58656178127438
1621357,2,IDFM:472737,IDFM:472483,1140,31.89590764457445,392.3196640282658
1621358,2,IDFM:472483,IDFM:471264,270,5.605278727171201,68.94492834420578
1621359,2,IDFM:471264,IDFM:473004,330,8.227346122753188,101.19635730986421
1621360,2,IDFM:473004,IDFM:471383,360,7.86649444879879,96.75788172022511
1621361,2,IDFM:471383,IDFM:472678,270,5.673394150068343,69.78274804584062
1621362,2,IDFM:472678,IDFM:471320,270,5.037001425811785,61.95511753748496
1621363,2,IDFM:471320,IDFM:471097,240,4.466601057869775,54.93919301179823
1621364,2,IDFM:471097,IDFM:471084,420,5.731661471052867,70.49943609395027
1621407,2,IDFM:monomodalStopPlace:47910,IDFM:monomodalStopPlace:47953,410,10.711284385389064,131.7487979402855
1621408,2,IDFM:monomodalStopPlace:47953,IDFM:monomodalStopPlace:47130,110,1.4918355014866407,18.349576668285682
1621409,2,IDFM:monomodalStopPlace:47130,IDFM:monomodalStopPlace:47911,350,7.982581206860583,98.18574884438517
1621428,2,IDFM:monomodalStopPlace:46965,IDFM:monomodalStopPlace:43151,140,2.7099234295403094,33.33205818334581
1621429,2,IDFM:monomodalStopPlace:43151,IDFM:monomodalStopPlace:46975,140,3.120594721883347,38.38331507916517
1621461,2,IDFM:monomodalStopPlace:411482,IDFM:monomodalStopPlace:47118,780,22.32043758590904,274.5413823066812
1621462,2,IDFM:monomodalStopPlace:47118,IDFM:monomodalStopPlace:43245,530,11.992272542032511,147.5049522669999
1621463,2,IDFM:monomodalStopPlace:43245,IDFM:monomodalStopPlace:47130,850,17.07351777097551,210.00426858299878
1621493,2,IDFM:monomodalStopPlace:47875,IDFM:monomodalStopPlace:43116,280,6.115088011603703,75.21558254272556
1621494,2,IDFM:monomodalStopPlace:43116,IDFM:monomodalStopPlace:47447,340,8.703360413295668,107.05133308353672
1621621,2,IDFM:monomodalStopPlace:411492,IDFM:monomodalStopPlace:411495,430,12.976282257911105,159.6082717723066
1621622,2,IDFM:monomodalStopPlace:411495,IDFM:monomodalStopPlace:47935,290,8.256673162783347,101.55707990223517
1621623,2,IDFM:monomodalStopPlace:47935,IDFM:monomodalStopPlace:47959,270,7.036334178539845,86.5469103960401
1621624,2,IDFM:monomodalStopPlace:47959,IDFM:monomodalStopPlace:47921,150,2.9136020616289175,35.837305358035685
1621625,2,IDFM:monomodalStopPlace:47921,IDFM:monomodalStopPlace:47903,230,5.579320339355674,68.6256401740748
1621626,2,IDFM:monomodalStopPlace:47903,IDFM:monomodalStopPlace:46850,190,4.430462662263825,54.49469074584505
1621627,2,IDFM:monomodalStopPlace:46850,IDFM:monomodalStopPlace:46847,220,5.442451929773332,66.942158736212
1621628,2,IDFM:monomodalStopPlace:46847,IDFM:monomodalStopPlace:47885,300,5.948436584691009,73.16576999169942
1621629,2,IDFM:monomodalStopPlace:47885,IDFM:monomodalStopPlace:43219,760,16.782853313652,206.42909575791964
1621631,2,IDFM:monomodalStopPlace:43115,IDFM:monomodalStopPlace:45745,200,3.196997161819333,39.3230650903778
1621632,2,IDFM:monomodalStopPlace:45745,IDFM:monomodalStopPlace:45860,150,2.3615744263191742,29.047365443725845
1621633,2,IDFM:monomodalStopPlace:45860,IDFM:monomodalStopPlace:47948,150,2.1276479981093086,26.170070376744498
1621634,2,IDFM:monomodalStopPlace:47948,IDFM:monomodalStopPlace:43225,190,3.197596794767623,39.33044057564177
1621701,2,IDFM:monomodalStopPlace:43205,IDFM:monomodalStopPlace:422065,120,2.009896016604562,24.721721004236116
1621718,2,IDFM:monomodalStopPlace:43157,IDFM:monomodalStopPlace:479059,250,6.2989342383966616,77.47689113227894
1621719,2,IDFM:monomodalStopPlace:479059,IDFM:monomodalStopPlace:46984,320,6.6287961005675395,81.53419203698074
1621720,2,IDFM:monomodalStopPlace:46984,IDFM:monomodalStopPlace:59038,420,11.041950971421171,135.8159969484804
1621921,2,IDFM:monomodalStopPlace:47588,IDFM:monomodalStopPlace:47918,170,3.4709448215617593,42.69262130520964
1621922,2,IDFM:monomodalStopPlace:47918,IDFM:monomodalStopPlace:47591,150,2.838530085970568,34.91392005743799
1621923,2,IDFM:monomodalStopPlace:47591,IDFM:monomodalStopPlace:47595,100,1.339233509724379,16.47257216960986
1621924,2,IDFM:monomodalStopPlace:47595,IDFM:monomodalStopPlace:47596,80,1.0356932734128992,12.739027262978661
1621925,2,IDFM:monomodalStopPlace:47596,IDFM:monomodalStopPlace:47599,150,1.9196097607660323,23.6112000574222
1621927,2,IDFM:monomodalStopPlace:43178,IDFM:monomodalStopPlace:47530,240,1.895271840328537,23.311843636041004
1621928,2,IDFM:monomodalStopPlace:47530,IDFM:monomodalStopPlace:47946,150,2.536769532586738,31.20226525081688
1621929,2,IDFM:monomodalStopPlace:47946,IDFM:monomodalStopPlace:43168,330,6.744878018310415,82.96199962521811
1621997,2,IDFM:monomodalStopPlace:47885,IDFM:monomodalStopPlace:43181,150,1.4003714958376074,17.224569398802572
1621998,2,IDFM:monomodalStopPlace:43181,IDFM:monomodalStopPlace:43221,180,2.902081833450962,35.695606551446836
1621999,2,IDFM:monomodalStopPlace:43221,IDFM:monomodalStopPlace:47884,220,4.546090460384596,55.91691266273053
1622000,2,IDFM:monomodalStopPlace:47884,IDFM:monomodalStopPlace:46990,180,2.9066604829946736,35.75192394083449
1622010,2,IDFM:monomodalStopPlace:58566,IDFM:monomodalStopPlace:411365,3990,100.27402528733752,1233.3705110342516
1622195,2,IDFM:monomodalStopPlace:43207,IDFM:monomodalStopPlace:43213,357,10.055274335183151,123.67987432275277
1622330,2,IDFM:monomodalStopPlace:43232,IDFM:monomodalStopPlace:58774,299,6.113064084308486,75.19068823699438
1622357,2,IDFM:monomodalStopPlace:411467,IDFM:472924,360,10.314887193237256,126.87311247681826
1622455,2,IDFM:monomodalStopPlace:43098,IDFM:monomodalStopPlace:47939,230,3.616545894472592,44.48351450201288
1622456,2,IDFM:monomodalStopPlace:47939,IDFM:monomodalStopPlace:43068,140,2.2136361673907787,27.22772485890658
1622457,2,IDFM:monomodalStopPlace:43068,IDFM:monomodalStopPlace:415484,100,1.5593671440868921,19.180215872268775
1622458,2,IDFM:monomodalStopPlace:415484,IDFM:monomodalStopPlace:47925,150,2.7201448405394015,33.45778153863464
1622459,2,IDFM:monomodalStopPlace:47925,IDFM:monomodalStopPlace:43099,150,2.5127449171507243,30.906762480953912
1622460,2,IDFM:monomodalStopPlace:43099,IDFM:monomodalStopPlace:47952,210,4.205282771861077,51.724978093891245
1622461,2,IDFM:monomodalStopPlace:47952,IDFM:monomodalStopPlace:47950,200,5.117591098847689,62.94637051582658
1622462,2,IDFM:monomodalStopPlace:47950,IDFM:monomodalStopPlace:43121,300,5.114449645762769,62.907730642882065
1622474,2,IDFM:monomodalStopPlace:462394,IDFM:472536,1830,34.58151589772735,425.35264554204645
1622475,2,IDFM:472536,IDFM:472914,2610,38.978159675592536,479.43136400978824
1622550,2,IDFM:monomodalStopPlace:47447,IDFM:monomodalStopPlace:43116,320,8.703360413295668,107.05133308353672
1622580,2,IDFM:monomodalStopPlace:58566,IDFM:monomodalStopPlace:59038,3060,76.1450735077664,936.5844041455267
1622710,2,IDFM:monomodalStopPlace:470195,IDFM:monomodalStopPlace:45739,920,19.662102351815125,241.84385892732607
1622716,2,IDFM:monomodalStopPlace:43115,IDFM:monomodalStopPlace:45761,230,3.3713108674059318,41.46712366909296
1622717,2,IDFM:monomodalStopPlace:45761,IDFM:monomodalStopPlace:47899,230,4.085952112911563,50.257210988812226
1622718,2,IDFM:monomodalStopPlace:47899,IDFM:monomodalStopPlace:43087,300,7.27723841620244,89.51003251929002
1622719,2,IDFM:monomodalStopPlace:43087,IDFM:monomodalStopPlace:43142,260,6.013022077272121,73.96017155044709
1622720,2,IDFM:monomodalStopPlace:43142,IDFM:monomodalStopPlace:47895,310,6.853309789981624,84.29571041677399
1622721,2,IDFM:monomodalStopPlace:47895,IDFM:monomodalStopPlace:43156,250,5.401790561962829,66.4420239121428
1622722,2,IDFM:monomodalStopPlace:43156,IDFM:monomodalStopPlace:43102,160,2.884880164895699,35.4840260282171
1622723,2,IDFM:monomodalStopPlace:43102,IDFM:monomodalStopPlace:43092,190,3.941732848860149,48.483314040979835
1622724,2,IDFM:monomodalStopPlace:43092,IDFM:monomodalStopPlace:411485,350,6.375348368904327,78.41678493752323
1622725,2,IDFM:monomodalStopPlace:47588,IDFM:monomodalStopPlace:48964,550,10.270845824044166,126.33140363574324
1622809,2,IDFM:monomodalStopPlace:43170,IDFM:monomodalStopPlace:43082,200,3.4235011945480593,42.10906469294113
1623023,2,IDFM:monomodalStopPlace:411440,IDFM:monomodalStopPlace:411329,360,7.763149089628359,95.48673380242883
1623024,2,IDFM:monomodalStopPlace:411329,IDFM:monomodalStopPlace:411326,180,3.571710077520897,43.93203395350704
1623025,2,IDFM:monomodalStopPlace:411326,IDFM:monomodalStopPlace:411332,260,4.875656916750283,59.97058007602848
1623026,2,IDFM:monomodalStopPlace:411332,IDFM:monomodalStopPlace:47533,210,3.458076386599106,42.53433955516901
1623027,2,IDFM:monomodalStopPlace:47533,IDFM:monomodalStopPlace:43178,340,4.049979468626316,49.81474746410369
1623127,2,IDFM:monomodalStopPlace:43191,IDFM:monomodalStopPlace:46647,370,7.89354617770119,97.09061798572465
1623133,2,IDFM:monomodalStopPlace:462394,IDFM:472914,4200,73.10499767643705,899.1914714201757
1623173,2,IDFM:monomodalStopPlace:411507,IDFM:monomodalStopPlace:59302,930,20.050045708136,246.61556221007282
1623175,2,IDFM:monomodalStopPlace:411511,IDFM:monomodalStopPlace:427870,510,13.655129496257308,167.9580928039649
1623359,2,IDFM:monomodalStopPlace:45067,IDFM:monomodalStopPlace:470195,750,15.64316383348758,192.41091515189726
1623910,2,IDFM:monomodalStopPlace:43212,IDFM:monomodalStopPlace:47603,270,7.776267600854946,95.64809149051584
1623912,2,IDFM:monomodalStopPlace:47447,IDFM:monomodalStopPlace:44411,390,6.374656259154879,78.40827198760502
1623915,2,IDFM:monomodalStopPlace:46801,IDFM:monomodalStopPlace:47922,220,5.5119402442911865,67.7968650047816
1623916,2,IDFM:monomodalStopPlace:47922,IDFM:monomodalStopPlace:47930,320,8.588621902417389,105.64004939973388
1623917,2,IDFM:monomodalStopPlace:47930,IDFM:monomodalStopPlace:411345,480,13.634478598793908,167.70408676516507
1623918,2,IDFM:monomodalStopPlace:411345,IDFM:monomodalStopPlace:59301,350,8.009212662885957,98.51331575349728
1624058,2,IDFM:monomodalStopPlace:470195,IDFM:monomodalStopPlace:46286,590,10.476833350966198,128.86505021688424
1624128,2,IDFM:monomodalStopPlace:44201,IDFM:monomodalStopPlace:47900,350,5.977020857027242,73.51735654143508
1624129,2,IDFM:monomodalStopPlace:47900,IDFM:monomodalStopPlace:43223,290,6.0047271748597675,73.85814425077514
1624130,2,IDFM:monomodalStopPlace:43223,IDFM:monomodalStopPlace:58288,170,3.1433800397211566,38.66357448857023
1624131,2,IDFM:monomodalStopPlace:58288,IDFM:monomodalStopPlace:43074,180,3.921585265534739,48.23549876607729
1624132,2,IDFM:monomodalStopPlace:43074,IDFM:monomodalStopPlace:46568,150,2.998964974157195,36.8872691821335
1624133,2,IDFM:monomodalStopPlace:46568,IDFM:monomodalStopPlace:462901,200,4.6082280163257705,56.68120460080698
1624134,2,IDFM:monomodalStopPlace:462901,IDFM:monomodalStopPlace:43131,190,4.406878031058233,54.204599782016274
1624135,2,IDFM:monomodalStopPlace:43131,IDFM:monomodalStopPlace:43208,280,2.8220978814087534,34.711803941327666
1624488,2,IDFM:monomodalStopPlace:43238,IDFM:monomodalStopPlace:43111,330,4.706692450050494,57.89231713562108
1624489,2,IDFM:monomodalStopPlace:43111,IDFM:monomodalStopPlace:462388,470,8.81797649622777,108.46111090360158
1624593,2,IDFM:monomodalStopPlace:43190,IDFM:monomodalStopPlace:43078,280,5.931742790937829,72.9604363285353
1624635,2,IDFM:monomodalStopPlace:43071,IDFM:monomodalStopPlace:43164,500,13.51643949104911,166.25220573990407
1624636,2,IDFM:monomodalStopPlace:43164,IDFM:monomodalStopPlace:46736,320,8.644912642715184,106.33242550539677
1624637,2,IDFM:monomodalStopPlace:46736,IDFM:monomodalStopPlace:411405,310,9.0656912085759,111.50800186548358
1624638,2,IDFM:monomodalStopPlace:411405,IDFM:monomodalStopPlace:411390,260,7.196316558290506,88.51469366697323
1624639,2,IDFM:monomodalStopPlace:411390,IDFM:monomodalStopPlace:411396,500,13.780950886107721,169.505695899125
1624724,2,IDFM:monomodalStopPlace:43228,IDFM:monomodalStopPlace:43066,128,2.1763465780505524,26.769062910021795
1624790,2,IDFM:monomodalStopPlace:462394,IDFM:monomodalStopPlace:46736,1380,34.546598856072755,424.9231659296949
1624791,2,IDFM:monomodalStopPlace:46736,IDFM:monomodalStopPlace:411396,900,29.955192923767733,368.44887296234316
1624909,2,IDFM:monomodalStopPlace:43219,IDFM:monomodalStopPlace:411492,2760,64.95843272277165,798.9887224900913
1625045,2,IDFM:monomodalStopPlace:411485,IDFM:monomodalStopPlace:43092,310,6.375348368904327,78.41678493752323
1625046,2,IDFM:monomodalStopPlace:43092,IDFM:monomodalStopPlace:43102,190,3.941732848860149,48.483314040979835
1625047,2,IDFM:monomodalStopPlace:43102,IDFM:monomodalStopPlace:43156,150,2.884880164895699,35.4840260282171
1625048,2,IDFM:monomodalStopPlace:43156,IDFM:monomodalStopPlace:47895,250,5.401790561962829,66.4420239121428
1625049,2,IDFM:monomodalStopPlace:47895,IDFM:monomodalStopPlace:43142,310,6.853309789981624,84.29571041677399
1625050,2,IDFM:monomodalStopPlace:43142,IDFM:monomodalStopPlace:43087,260,6.013022077272121,73.96017155044709
1625051,2,IDFM:monomodalStopPlace:43087,IDFM:monomodalStopPlace:47899,290,7.27723841620244,89.51003251929002
1625052,2,IDFM:monomodalStopPlace:47899,IDFM:monomodalStopPlace:45761,220,4.085952112911563,50.257210988812226
1625053,2,IDFM:monomodalStopPlace:45761,IDFM:monomodalStopPlace:43115,230,3.3713108674059318,41.46712366909296
1625277,2,IDFM:monomodalStopPlace:47181,IDFM:monomodalStopPlace:47174,210,1.873423768423168,23.043112351604968
1625278,2,IDFM:monomodalStopPlace:47174,IDFM:monomodalStopPlace:47171,230,3.351624801454084,41.224985057885235
1625279,2,IDFM:monomodalStopPlace:47171,IDFM:monomodalStopPlace:47914,170,2.014278153123211,24.775621283415497
1625280,2,IDFM:monomodalStopPlace:47914,IDFM:monomodalStopPlace:47158,870,21.05758905451297,259.0083453705096
1625281,2,IDFM:monomodalStopPlace:47158,IDFM:monomodalStopPlace:47184,480,12.451427444272372,153.1525575645502
1625282,2,IDFM:monomodalStopPlace:47184,IDFM:monomodalStopPlace:47187,300,6.584407787419453,80.98821578525927
1625283,2,IDFM:monomodalStopPlace:47187,IDFM:monomodalStopPlace:470519,2240,49.31188174518283,606.5361454657489
1625320,2,IDFM:monomodalStopPlace:470195,IDFM:472416,2550,66.24926233395328,814.8659267076255
1625321,2,IDFM:472416,IDFM:monomodalStopPlace:47910,540,12.678990761244373,155.9515863633058
1625322,2,IDFM:monomodalStopPlace:47910,IDFM:monomodalStopPlace:411464,390,11.974497913712984,147.28632433866971
1625323,2,IDFM:monomodalStopPlace:411464,IDFM:monomodalStopPlace:411461,240,5.474002696845392,67.33023317119832
1625324,2,IDFM:monomodalStopPlace:411461,IDFM:monomodalStopPlace:411458,510,7.796406063944079,95.89579458651217
1625325,2,IDFM:monomodalStopPlace:411458,IDFM:monomodalStopPlace:411452,600,12.55889865779527,154.47445349088184
1625326,2,IDFM:monomodalStopPlace:411452,IDFM:monomodalStopPlace:411455,300,7.984327074873985,98.20722302095002
1625327,2,IDFM:monomodalStopPlace:411455,IDFM:monomodalStopPlace:411476,270,6.713136450059268,82.571578335729
1625328,2,IDFM:monomodalStopPlace:411476,IDFM:monomodalStopPlace:411473,300,7.619000011743961,93.71370014445073
1625329,2,IDFM:monomodalStopPlace:411473,IDFM:monomodalStopPlace:411467,390,10.313947876197307,126.86155887722688
1625419,2,IDFM:monomodalStopPlace:479035,IDFM:monomodalStopPlace:411482,3660,110.65300240716813,1361.0319296081682
1625456,2,IDFM:monomodalStopPlace:43066,IDFM:monomodalStopPlace:43228,128,2.1763465780505524,26.769062910021795
1625459,2,IDFM:monomodalStopPlace:479035,IDFM:471867,3000,77.18263872337182,949.3464562974735
1625460,2,IDFM:471867,IDFM:monomodalStopPlace:411482,960,33.87963577040514,416.7195199759832
1625572,2,IDFM:monomodalStopPlace:411365,IDFM:monomodalStopPlace:411362,1020,27.37530226960089,336.71621791609095
1625573,2,IDFM:monomodalStopPlace:411362,IDFM:monomodalStopPlace:43100,360,8.580653054892517,105.54203257517797
1625574,2,IDFM:monomodalStopPlace:43100,IDFM:monomodalStopPlace:43157,720,14.810495800463542,182.16909834570157
1625575,2,IDFM:monomodalStopPlace:43157,IDFM:monomodalStopPlace:58566,2040,54.058895720589284,664.9244173632483
1625676,2,IDFM:471404,IDFM:monomodalStopPlace:462394,4260,73.05979649578714,898.6354968981818
1626002,2,IDFM:monomodalStopPlace:58498,IDFM:monomodalStopPlace:47900,520,11.100741983235476,136.53912639379638
1626401,2,IDFM:monomodalStopPlace:47909,IDFM:monomodalStopPlace:45804,220,3.0094253221853933,37.01593146288034
1626402,2,IDFM:monomodalStopPlace:45804,IDFM:monomodalStopPlace:43107,170,3.2817037366248423,40.36495596048556
1626403,2,IDFM:monomodalStopPlace:43107,IDFM:monomodalStopPlace:43123,200,4.6782528585926615,57.54251016068974
1626404,2,IDFM:monomodalStopPlace:43123,IDFM:monomodalStopPlace:47145,260,5.77291621823044,71.00686948423441
1626405,2,IDFM:monomodalStopPlace:47145,IDFM:monomodalStopPlace:47136,110,1.7034317654413549,20.952210714928665
1626406,2,IDFM:monomodalStopPlace:47136,IDFM:monomodalStopPlace:43106,260,4.904103345300929,60.32047114720143
1626407,2,IDFM:monomodalStopPlace:43106,IDFM:monomodalStopPlace:43218,250,4.517352359475572,55.56343402154953
1626408,2,IDFM:monomodalStopPlace:43218,IDFM:monomodalStopPlace:43144,230,4.762389156441768,58.577386624233746
1626409,2,IDFM:monomodalStopPlace:43144,IDFM:monomodalStopPlace:47910,280,3.8783241354803244,47.703386866407996
1626672,2,IDFM:monomodalStopPlace:47882,IDFM:monomodalStopPlace:47944,220,4.0959167950472155,50.379776579080755
1626673,2,IDFM:monomodalStopPlace:47944,IDFM:monomodalStopPlace:46886,180,4.018596788673733,49.42874050068692
1626674,2,IDFM:monomodalStopPlace:46886,IDFM:monomodalStopPlace:46884,150,2.434804709845749,29.948097931102716
1626675,2,IDFM:monomodalStopPlace:46884,IDFM:monomodalStopPlace:46857,190,4.226953311988216,51.991525737455056
1626676,2,IDFM:monomodalStopPlace:46857,IDFM:monomodalStopPlace:47885,300,6.754918810201319,83.08550136547623
1626717,2,IDFM:471084,IDFM:471066,570,10.242813192681528,125.9866022699828
1626718,2,IDFM:471066,IDFM:471949,330,4.9948087721016865,61.43614789685075
1626722,2,IDFM:472093,IDFM:471399,240,5.6145888005206785,69.05944224640434
1626723,2,IDFM:471399,IDFM:472737,1140,31.955484809991027,393.05246316288964
1626907,2,IDFM:monomodalStopPlace:43239,IDFM:monomodalStopPlace:58874,278,7.395772617629917,90.96800319684799
1627077,2,IDFM:monomodalStopPlace:411396,IDFM:monomodalStopPlace:411387,280,5.710099303517011,70.23422143325924
1627078,2,IDFM:monomodalStopPlace:411387,IDFM:monomodalStopPlace:411390,300,8.295145562438737,102.03029041799647
1627079,2,IDFM:monomodalStopPlace:411390,IDFM:monomodalStopPlace:411405,270,7.196316558290506,88.51469366697323
1627080,2,IDFM:monomodalStopPlace:411405,IDFM:monomodalStopPlace:46736,300,9.0656912085759,111.50800186548358
1627081,2,IDFM:monomodalStopPlace:46736,IDFM:monomodalStopPlace:47960,170,3.4518137153861055,42.4573086992491
1627082,2,IDFM:monomodalStopPlace:47960,IDFM:monomodalStopPlace:46731,130,2.502925138739261,30.78597920649291
1627083,2,IDFM:monomodalStopPlace:46731,IDFM:monomodalStopPlace:43164,140,2.758141148463992,33.925136126107105
1627084,2,IDFM:monomodalStopPlace:43164,IDFM:monomodalStopPlace:43071,430,13.51643949104911,166.25220573990407
1627086,2,IDFM:monomodalStopPlace:47095,IDFM:monomodalStopPlace:43121,130,1.1003698666464925,13.534549359751859
1627360,2,IDFM:monomodalStopPlace:47447,IDFM:monomodalStopPlace:43143,280,7.187458619286453,88.40574101722338
1627451,2,IDFM:monomodalStopPlace:411378,IDFM:monomodalStopPlace:470519,3240,90.42117941693743,1112.1805068283304
1627820,2,IDFM:monomodalStopPlace:46286,IDFM:monomodalStopPlace:43154,230,4.02451195640964,49.50149706383857
1627915,2,IDFM:monomodalStopPlace:411372,IDFM:monomodalStopPlace:411375,350,6.803870885627256,83.68761189321525
1627916,2,IDFM:monomodalStopPlace:411375,IDFM:monomodalStopPlace:47491,260,5.664048378241862,69.66779505237491
1627917,2,IDFM:monomodalStopPlace:47491,IDFM:monomodalStopPlace:47486,400,9.337925913352795,114.85648873423938
1627918,2,IDFM:monomodalStopPlace:47486,IDFM:monomodalStopPlace:47484,190,3.597151397976966,44.244962195116685
1627919,2,IDFM:monomodalStopPlace:47484,IDFM:monomodalStopPlace:47962,320,6.907677409481469,84.96443213662207
1627953,2,IDFM:monomodalStopPlace:47898,IDFM:monomodalStopPlace:43075,200,3.177863626517371,39.087722606163666
1627954,2,IDFM:monomodalStopPlace:43075,IDFM:monomodalStopPlace:43078,130,2.656378834423622,32.673459663410554
1629049,2,IDFM:monomodalStopPlace:43157,IDFM:monomodalStopPlace:47882,470,9.43757888342851,116.08222026617067
1629637,2,IDFM:monomodalStopPlace:43098,IDFM:monomodalStopPlace:45739,510,12.652195568134976,155.6220054880602
1629797,2,IDFM:monomodalStopPlace:47885,IDFM:monomodalStopPlace:46857,300,6.754918810201319,83.08550136547623
1629798,2,IDFM:monomodalStopPlace:46857,IDFM:monomodalStopPlace:46884,200,4.226953311988216,51.991525737455056
1629799,2,IDFM:monomodalStopPlace:46884,IDFM:monomodalStopPlace:46886,150,2.434804709845749,29.948097931102716
1629800,2,IDFM:monomodalStopPlace:46886,IDFM:monomodalStopPlace:47944,230,4.018596788673733,49.42874050068692
1629801,2,IDFM:monomodalStopPlace:47944,IDFM:monomodalStopPlace:47882,320,4.0959167950472155,50.379776579080755
1629802,2,IDFM:monomodalStopPlace:47882,IDFM:monomodalStopPlace:43157,360,9.43757888342851,116.08222026617067
1629877,2,IDFM:monomodalStopPlace:47885,IDFM:monomodalStopPlace:46850,430,11.385114508202985,140.03690845089673
1629878,2,IDFM:monomodalStopPlace:46850,IDFM:monomodalStopPlace:47935,600,18.020109988731196,221.64735286139373
1629879,2,IDFM:monomodalStopPlace:47935,IDFM:monomodalStopPlace:411492,660,21.221441611615468,261.0237318228703
1630408,2,IDFM:monomodalStopPlace:411492,IDFM:monomodalStopPlace:43219,2220,64.95843272277165,798.9887224900913
1630496,2,IDFM:monomodalStopPlace:411479,IDFM:monomodalStopPlace:411467,420,10.315539523381181,126.88113613758854
1630497,2,IDFM:monomodalStopPlace:411467,IDFM:monomodalStopPlace:411452,960,30.67605848583433,377.3155193757623
1630499,2,IDFM:monomodalStopPlace:411396,IDFM:monomodalStopPlace:46736,900,29.955192923767733,368.44887296234316
1630500,2,IDFM:monomodalStopPlace:46736,IDFM:monomodalStopPlace:462394,1530,34.546598856072755,424.9231659296949
1630878,2,IDFM:472483,IDFM:473004,480,13.813309761166266,169.90371006234508
1630880,2,IDFM:471383,IDFM:471084,750,20.114481167029076,247.40811835445766
1630919,2,IDFM:monomodalStopPlace:45301,IDFM:monomodalStopPlace:43110,400,8.77860623836267,107.97685673186085
1631028,2,IDFM:monomodalStopPlace:43078,IDFM:monomodalStopPlace:462394,480,9.950877756315858,122.39579640268506
1631227,2,IDFM:monomodalStopPlace:43157,IDFM:monomodalStopPlace:43100,690,14.810495800463542,182.16909834570157
1631228,2,IDFM:monomodalStopPlace:43100,IDFM:monomodalStopPlace:411362,330,8.580653054892517,105.54203257517797
1631229,2,IDFM:monomodalStopPlace:411362,IDFM:monomodalStopPlace:411365,840,27.37530226960089,336.71621791609095
1631302,2,IDFM:monomodalStopPlace:470519,IDFM:monomodalStopPlace:411378,3180,90.42117941693743,1112.1805068283304
1631494,2,IDFM:monomodalStopPlace:48964,IDFM:monomodalStopPlace:47588,890,10.270845824044166,126.33140363574324
1631753,2,IDFM:monomodalStopPlace:43072,IDFM:470824,2040,54.48654344951309,670.184484429011
1631754,2,IDFM:470824,IDFM:471199,420,11.684224118177598,143.71595665358447
1631755,2,IDFM:471199,IDFM:471205,180,3.9797233770493268,48.95059753770672
1631756,2,IDFM:471205,IDFM:472379,240,5.4646117135713395,67.21472407692748
1631903,2,IDFM:monomodalStopPlace:43190,IDFM:monomodalStopPlace:462394,740,14.599409534472167,179.57273727400766
1632047,2,IDFM:monomodalStopPlace:411482,IDFM:monomodalStopPlace:479035,3960,110.65300240716813,1361.0319296081682
1632182,2,IDFM:monomodalStopPlace:411421,IDFM:monomodalStopPlace:411428,250,6.715671664979186,82.602761479244
1632183,2,IDFM:monomodalStopPlace:411428,IDFM:monomodalStopPlace:411440,470,9.897469620656196,121.73887633407122
1632817,2,IDFM:monomodalStopPlace:43168,IDFM:monomodalStopPlace:43190,440,9.73690770130229,119.76396472601817
1632825,2,IDFM:monomodalStopPlace:43164,IDFM:monomodalStopPlace:46731,160,2.758141148463992,33.925136126107105
1632826,2,IDFM:monomodalStopPlace:46731,IDFM:monomodalStopPlace:47960,140,2.502925138739261,30.78597920649291
1632827,2,IDFM:monomodalStopPlace:47960,IDFM:monomodalStopPlace:46736,180,3.4518137153861055,42.4573086992491
1632830,2,IDFM:monomodalStopPlace:411390,IDFM:monomodalStopPlace:411387,300,8.295145562438737,102.03029041799647
1632831,2,IDFM:monomodalStopPlace:411387,IDFM:monomodalStopPlace:411396,320,5.710099303517011,70.23422143325924
1633021,2,IDFM:monomodalStopPlace:43168,IDFM:monomodalStopPlace:47522,140,2.863169358755039,35.21698311268698
1633022,2,IDFM:monomodalStopPlace:47522,IDFM:monomodalStopPlace:47524,160,2.6072094709933546,32.06867649321826
1633023,2,IDFM:monomodalStopPlace:47524,IDFM:monomodalStopPlace:47525,170,2.403777369086737,29.566461639766867
1633024,2,IDFM:monomodalStopPlace:47525,IDFM:monomodalStopPlace:47951,150,2.6489748568821794,32.582390739650805
1633025,2,IDFM:monomodalStopPlace:47951,IDFM:monomodalStopPlace:47528,180,1.725717809372713,21.22632905528437
1633299,2,IDFM:monomodalStopPlace:43110,IDFM:monomodalStopPlace:45739,370,9.7731718874416,120.2100142155317
1633352,2,IDFM:monomodalStopPlace:43212,IDFM:monomodalStopPlace:43143,240,5.769200210626026,70.96116259070011
1634526,2,IDFM:monomodalStopPlace:43121,IDFM:monomodalStopPlace:47095,150,1.1003698666464925,13.534549359751859
1634616,2,IDFM:472592,IDFM:472104,2970,70.85686348824234,871.5394209053808
1634828,2,IDFM:471890,IDFM:471066,270,4.4926860300119404,55.260038169146874
1634837,2,IDFM:monomodalStopPlace:411396,IDFM:monomodalStopPlace:411390,480,13.780950886107721,169.505695899125
1634840,2,IDFM:monomodalStopPlace:46736,IDFM:monomodalStopPlace:43164,280,8.644912642715184,106.33242550539677
1634982,2,IDFM:monomodalStopPlace:43143,IDFM:monomodalStopPlace:47447,270,7.187458619286453,88.40574101722338
1635648,2,IDFM:monomodalStopPlace:43219,IDFM:monomodalStopPlace:427870,1170,32.04728061235554,394.1815515319732
1635649,2,IDFM:monomodalStopPlace:427870,IDFM:monomodalStopPlace:46832,240,5.482745488861164,67.43776951299233
1635650,2,IDFM:monomodalStopPlace:46832,IDFM:monomodalStopPlace:411511,330,8.18758903577037,100.70734513997556
1635651,2,IDFM:monomodalStopPlace:411511,IDFM:monomodalStopPlace:59302,390,7.905752840519151,97.24075993838557
1635652,2,IDFM:monomodalStopPlace:59302,IDFM:monomodalStopPlace:411501,270,5.592450327790788,68.7871390318267
1635653,2,IDFM:monomodalStopPlace:411501,IDFM:monomodalStopPlace:411498,300,5.008083904818871,61.59943202927211
1635654,2,IDFM:monomodalStopPlace:411498,IDFM:monomodalStopPlace:411504,270,4.478304616078729,55.08314677776837
1635655,2,IDFM:monomodalStopPlace:411504,IDFM:monomodalStopPlace:411507,390,5.760083145551318,70.84902269028122
1636426,2,IDFM:monomodalStopPlace:411467,IDFM:monomodalStopPlace:411473,390,10.313947876197307,126.86155887722688
1636427,2,IDFM:monomodalStopPlace:411473,IDFM:monomodalStopPlace:411476,300,7.619000011743961,93.71370014445073
1636428,2,IDFM:monomodalStopPlace:411476,IDFM:monomodalStopPlace:411455,270,6.713136450059268,82.571578335729
1636429,2,IDFM:monomodalStopPlace:411455,IDFM:monomodalStopPlace:411452,300,7.984327074873985,98.20722302095002
1636430,2,IDFM:monomodalStopPlace:411452,IDFM:monomodalStopPlace:411458,390,12.55889865779527,154.47445349088184
1636431,2,IDFM:monomodalStopPlace:411458,IDFM:monomodalStopPlace:411461,420,7.796406063944079,95.89579458651217
1636432,2,IDFM:monomodalStopPlace:411461,IDFM:monomodalStopPlace:411464,420,5.474002696845392,67.33023317119832
1636433,2,IDFM:monomodalStopPlace:411464,IDFM:monomodalStopPlace:47910,660,11.974497913712984,147.28632433866971
1636434,2,IDFM:monomodalStopPlace:47910,IDFM:470966,540,12.716829848056816,156.41700713109884
1636435,2,IDFM:470966,IDFM:monomodalStopPlace:470195,2670,66.20282017662568,814.2946881724959
1636466,2,IDFM:monomodalStopPlace:44411,IDFM:monomodalStopPlace:47447,470,6.374656259154879,78.40827198760502
1636468,2,IDFM:monomodalStopPlace:47603,IDFM:monomodalStopPlace:43212,370,7.776267600854946,95.64809149051584
1637058,2,IDFM:monomodalStopPlace:462388,IDFM:monomodalStopPlace:43111,360,8.81797649622777,108.46111090360158
1637059,2,IDFM:monomodalStopPlace:43111,IDFM:monomodalStopPlace:43238,350,4.706692450050494,57.89231713562108
1637221,2,IDFM:monomodalStopPlace:43143,IDFM:monomodalStopPlace:43212,240,5.769200210626026,70.96116259070011
1637654,2,IDFM:monomodalStopPlace:45739,IDFM:monomodalStopPlace:43110,420,9.7731718874416,120.2100142155317
1637655,2,IDFM:monomodalStopPlace:43110,IDFM:monomodalStopPlace:46375,240,4.710759591200354,57.942342971764354
1638299,2,IDFM:monomodalStopPlace:43110,IDFM:monomodalStopPlace:45301,350,8.77860623836267,107.97685673186085
1638694,2,IDFM:monomodalStopPlace:59301,IDFM:monomodalStopPlace:411338,200,2.84132295784502,34.94827238149375
1638695,2,IDFM:monomodalStopPlace:411338,IDFM:monomodalStopPlace:411345,240,5.311827742764409,65.33548123600224
1638696,2,IDFM:monomodalStopPlace:411345,IDFM:monomodalStopPlace:411342,250,5.853388211853682,71.9966750058003
1638697,2,IDFM:monomodalStopPlace:411342,IDFM:monomodalStopPlace:411348,140,2.6427363054152244,32.50565655660726
1638698,2,IDFM:monomodalStopPlace:411348,IDFM:monomodalStopPlace:47930,220,5.216526595205053,64.16327712102216
1638699,2,IDFM:monomodalStopPlace:47930,IDFM:monomodalStopPlace:47949,210,5.178442209047968,63.694839171290006
1638700,2,IDFM:monomodalStopPlace:47949,IDFM:monomodalStopPlace:47922,170,3.5192250037903667,43.286467546621516
1638701,2,IDFM:monomodalStopPlace:47922,IDFM:monomodalStopPlace:44161,170,3.6202957943630767,44.52963827066585
1638702,2,IDFM:monomodalStopPlace:44161,IDFM:monomodalStopPlace:46801,120,1.9891288989701048,24.46628545733229
1638964,2,IDFM:monomodalStopPlace:43219,IDFM:monomodalStopPlace:461504,360,7.6712428820106915,94.3562874487315
1639334,2,IDFM:monomodalStopPlace:43238,IDFM:472407,870,16.227061878023463,199.5928610996886
1639335,2,IDFM:472407,IDFM:473004,1560,45.343333849661406,557.7230063508354
1639757,2,IDFM:monomodalStopPlace:58566,IDFM:472217,1830,54.08988552561777,665.3055919650985
1639758,2,IDFM:472217,IDFM:monomodalStopPlace:59038,810,22.992598486040396,282.8089613782969
1640610,2,IDFM:472914,IDFM:470800,2520,38.98223466312133,479.4814863563924
1640611,2,IDFM:470800,IDFM:monomodalStopPlace:462394,2040,34.57770513733752,425.3057731892515
1640758,2,IDFM:monomodalStopPlace:43078,IDFM:monomodalStopPlace:43190,310,5.931742790937829,72.9604363285353
1641543,2,IDFM:471471,IDFM:472742,330,10.34237456243995,127.21120711801139
1642324,2,IDFM:monomodalStopPlace:59038,IDFM:monomodalStopPlace:58566,4140,76.1450735077664,936.5844041455267
1643132,2,IDFM:monomodalStopPlace:462394,IDFM:monomodalStopPlace:43190,680,14.599409534472167,179.57273727400766
1643828,2,IDFM:monomodalStopPlace:59038,IDFM:monomodalStopPlace:46984,390,11.041950971421171,135.8159969484804
1643829,2,IDFM:monomodalStopPlace:46984,IDFM:monomodalStopPlace:479059,330,6.6287961005675395,81.53419203698074
1643830,2,IDFM:monomodalStopPlace:479059,IDFM:monomodalStopPlace:43157,270,6.2989342383966616,77.47689113227894
1643840,2,IDFM:472536,IDFM:471404,2550,38.93016428005068,478.8410206446234
1643892,2,IDFM:monomodalStopPlace:45739,IDFM:monomodalStopPlace:470195,1050,19.662102351815125,241.84385892732607
1644143,2,IDFM:472217,IDFM:472945,270,6.336178798984447,77.9349992275087
1644144,2,IDFM:472945,IDFM:470812,300,6.566400116789079,80.76672143650568
1644145,2,IDFM:470812,IDFM:monomodalStopPlace:59038,390,11.046171731181865,135.86791229353693
1645262,2,IDFM:471084,IDFM:471660,1050,20.133329068310637,247.63994754022085
1645264,2,IDFM:472652,IDFM:monomodalStopPlace:43238,2280,61.302863862487285,754.0252255085936
1645712,2,IDFM:472407,IDFM:472483,1170,31.892982237691463,392.283681523605
1647052,2,IDFM:monomodalStopPlace:47900,IDFM:monomodalStopPlace:58498,540,11.100741983235476,136.53912639379638
1648274,2,IDFM:monomodalStopPlace:43238,IDFM:monomodalStopPlace:411492,2850,80.87356173338286,994.7448093206092
1648513,2,IDFM:monomodalStopPlace:59038,IDFM:471925,810,23.062607650400228,283.67007409992283
1648514,2,IDFM:471925,IDFM:monomodalStopPlace:58566,2040,54.02038325832084,664.4507140773463
1649198,2,IDFM:monomodalStopPlace:59301,IDFM:monomodalStopPlace:411345,360,8.009212662885957,98.51331575349728
1649199,2,IDFM:monomodalStopPlace:411345,IDFM:monomodalStopPlace:47930,480,13.634478598793908,167.70408676516507
1649200,2,IDFM:monomodalStopPlace:47930,IDFM:monomodalStopPlace:47922,310,8.588621902417389,105.64004939973388
1649201,2,IDFM:monomodalStopPlace:47922,IDFM:monomodalStopPlace:46801,230,5.5119402442911865,67.7968650047816
1649327,2,IDFM:monomodalStopPlace:43190,IDFM:monomodalStopPlace:43168,520,9.73690770130229,119.76396472601817
1651406,2,IDFM:monomodalStopPlace:43164,IDFM:monomodalStopPlace:462394,1440,26.80002714688564,329.6403339066934
1652223,2,IDFM:monomodalStopPlace:461504,IDFM:monomodalStopPlace:427870,840,25.661972172639818,315.64225772346975
1652702,2,IDFM:472271,IDFM:monomodalStopPlace:462394,2280,63.00414762359763,774.9510157702509
1653527,2,IDFM:monomodalStopPlace:411492,IDFM:monomodalStopPlace:43238,3270,80.87356173338286,994.7448093206092
1654624,2,IDFM:monomodalStopPlace:411452,IDFM:471308,930,30.6646645614692,377.17537410607116
1654625,2,IDFM:471308,IDFM:472924,360,10.342374373740912,127.21120479701322
1655474,2,IDFM:470761,IDFM:471174,720,14.781198450494912,181.80874094108742
1655622,2,IDFM:monomodalStopPlace:427870,IDFM:monomodalStopPlace:411511,540,13.655129496257308,167.9580928039649
1655624,2,IDFM:monomodalStopPlace:59302,IDFM:monomodalStopPlace:411507,780,20.050045708136,246.61556221007282
1655639,2,IDFM:monomodalStopPlace:43069,IDFM:monomodalStopPlace:43118,170,3.006652536152799,36.98182619467943
1656634,2,IDFM:monomodalStopPlace:411396,IDFM:monomodalStopPlace:462394,2280,63.02408408585938,775.1962342560704
1657791,2,IDFM:monomodalStopPlace:43116,IDFM:monomodalStopPlace:47875,330,6.115088011603703,75.21558254272556
1658162,2,IDFM:471471,IDFM:monomodalStopPlace:411467,390,10.315571205917939,126.88152583279066
1658170,2,IDFM:monomodalStopPlace:411464,IDFM:monomodalStopPlace:479035,3240,86.06112389943372,1058.5518239630348
1658966,2,IDFM:monomodalStopPlace:47669,IDFM:monomodalStopPlace:470195,1200,31.963297988008353,393.14856525250275
1658992,2,IDFM:monomodalStopPlace:45739,IDFM:monomodalStopPlace:47948,230,4.74461862566758,58.35880909571124
1659321,2,IDFM:monomodalStopPlace:411317,IDFM:monomodalStopPlace:43178,2550,38.98056846147945,479.4609920761973
1659322,2,IDFM:monomodalStopPlace:43178,IDFM:monomodalStopPlace:462394,1950,34.561232966643274,425.1031654897123
1659851,2,IDFM:monomodalStopPlace:462394,IDFM:monomodalStopPlace:43178,1950,34.561232966643274,425.1031654897123
1659852,2,IDFM:monomodalStopPlace:43178,IDFM:monomodalStopPlace:411317,2730,38.98056846147945,479.4609920761973
1660387,2,IDFM:471084,IDFM:471890,360,5.751221429099131,70.74002357791932
1660778,2,IDFM:monomodalStopPlace:43072,IDFM:471001,2760,49.56115322649229,609.6021846858551
1660779,2,IDFM:471001,IDFM:monomodalStopPlace:59049,720,22.462880865698686,276.29343464809386
1661805,2,IDFM:monomodalStopPlace:427870,IDFM:monomodalStopPlace:461504,800,25.661972172639818,315.64225772346975
1661806,2,IDFM:monomodalStopPlace:461504,IDFM:monomodalStopPlace:43219,330,7.6712428820106915,94.3562874487315
1665444,2,IDFM:monomodalStopPlace:43118,IDFM:monomodalStopPlace:43069,160,3.006652536152799,36.98182619467943
1666479,2,IDFM:monomodalStopPlace:46366,IDFM:monomodalStopPlace:43227,200,4.2976708741970056,52.86135175262317
1667592,2,IDFM:471787,IDFM:monomodalStopPlace:470519,2790,88.42218992521335,1087.5929360801242
1667594,2,IDFM:monomodalStopPlace:47603,IDFM:monomodalStopPlace:43116,270,3.774115088399122,46.421615587309205
1668229,2,IDFM:monomodalStopPlace:479035,IDFM:monomodalStopPlace:411464,2790,86.06112389943372,1058.5518239630348
1669205,2,IDFM:472965,IDFM:471897,630,20.70556056610396,254.67839496307872
1669640,2,IDFM:monomodalStopPlace:59049,IDFM:monomodalStopPlace:43121,720,22.469677454418505,276.37703268934763
1669641,2,IDFM:monomodalStopPlace:43121,IDFM:monomodalStopPlace:43072,2160,49.5530612214397,609.5026530237084
1670015,2,IDFM:472625,IDFM:471174,660,14.774772193245227,181.7296979769163
1670481,2,IDFM:monomodalStopPlace:462394,IDFM:monomodalStopPlace:411396,2490,63.02408408585938,775.1962342560704
1671823,2,IDFM:monomodalStopPlace:470519,IDFM:monomodalStopPlace:58498,270,2.550166090501145,31.367042913164088
1673017,2,IDFM:monomodalStopPlace:462394,IDFM:monomodalStopPlace:411317,4200,73.08682117745703,898.9679004827215
1677312,2,IDFM:monomodalStopPlace:43219,IDFM:monomodalStopPlace:411511,1380,45.327367046076205,557.5266146667374
1678299,2,IDFM:monomodalStopPlace:470519,IDFM:monomodalStopPlace:47914,2820,88.40939477379023,1087.4355557176198
1686870,2,IDFM:monomodalStopPlace:411482,IDFM:471550,990,33.85669768726243,416.43738155332795
1686871,2,IDFM:471550,IDFM:monomodalStopPlace:479035,3090,77.20477887619992,949.6187801772592
1688565,2,IDFM:monomodalStopPlace:411492,IDFM:472104,2700,64.92063593859785,798.5238220447536
1691316,2,IDFM:monomodalStopPlace:411511,IDFM:monomodalStopPlace:43238,2400,61.296451711569915,753.94635605231
1691714,2,IDFM:monomodalStopPlace:47874,IDFM:monomodalStopPlace:58566,1120,24.884053327258496,306.07385592527953
1697389,2,IDFM:monomodalStopPlace:462394,IDFM:472290,2520,63.01386956738207,775.0705956787996
1697390,2,IDFM:472592,IDFM:monomodalStopPlace:59302,840,20.030285582970084,246.37251267053205
1697391,2,IDFM:monomodalStopPlace:59302,IDFM:472652,450,7.899433091967301,97.1630270311978
1697756,2,IDFM:monomodalStopPlace:58566,IDFM:471958,2310,54.047045867364496,664.7786641685833
1697757,2,IDFM:471958,IDFM:471174,690,14.78545850592616,181.86113962289178
1700717,2,IDFM:monomodalStopPlace:43157,IDFM:monomodalStopPlace:59038,810,23.028524672836088,283.2508534758839
1701531,2,IDFM:monomodalStopPlace:43196,IDFM:monomodalStopPlace:470549,380,6.15757781855292,75.73820716820093
1701532,2,IDFM:monomodalStopPlace:470549,IDFM:monomodalStopPlace:58566,520,7.475157315664626,91.9444349826749
1704290,2,IDFM:monomodalStopPlace:411492,IDFM:monomodalStopPlace:47935,640,21.221441611615468,261.0237318228703
1704291,2,IDFM:monomodalStopPlace:47935,IDFM:monomodalStopPlace:46850,600,18.020109988731196,221.64735286139373
1704292,2,IDFM:monomodalStopPlace:46850,IDFM:monomodalStopPlace:47885,430,11.385114508202985,140.03690845089673
1704560,2,IDFM:471822,IDFM:470800,2550,38.93740553691357,478.930088104037
1705186,2,IDFM:monomodalStopPlace:47917,IDFM:monomodalStopPlace:43165,270,5.319959577975915,65.43550280910375
1705187,2,IDFM:monomodalStopPlace:43165,IDFM:monomodalStopPlace:43134,210,4.020540587595827,49.45264922742867
1705188,2,IDFM:monomodalStopPlace:43134,IDFM:monomodalStopPlace:43080,450,11.690750560897923,143.79623189904447
1705189,2,IDFM:monomodalStopPlace:43080,IDFM:monomodalStopPlace:43072,2100,54.479213239965105,670.0943228515708
1707187,2,IDFM:monomodalStopPlace:479035,IDFM:monomodalStopPlace:43245,3000,77.20201822707904,949.5848241930722
1707188,2,IDFM:monomodalStopPlace:43245,IDFM:monomodalStopPlace:411482,960,33.860817781001685,416.48805870632077
1707581,2,IDFM:monomodalStopPlace:43072,IDFM:monomodalStopPlace:59049,2970,70.85716100753129,871.5430803926349
1708623,2,IDFM:monomodalStopPlace:47881,IDFM:monomodalStopPlace:47964,330,5.995240325871519,73.74145600821969
1708624,2,IDFM:monomodalStopPlace:47964,IDFM:monomodalStopPlace:43082,780,18.704670494013996,230.06744707637216
1708937,2,IDFM:monomodalStopPlace:462394,IDFM:471709,4200,73.08500476008543,898.9455585490508
1711830,2,IDFM:471308,IDFM:monomodalStopPlace:411479,420,10.343022130080767,127.21917219999344
1712130,2,IDFM:monomodalStopPlace:43176,IDFM:monomodalStopPlace:470519,530,4.230344168931231,52.03323327785415
1714176,2,IDFM:471056,IDFM:470761,720,14.784318597717077,181.84711875192005
1717891,2,IDFM:monomodalStopPlace:47447,IDFM:monomodalStopPlace:47875,710,14.815181615605503,182.22673387194772
1718336,2,IDFM:monomodalStopPlace:411452,IDFM:monomodalStopPlace:470195,4860,111.80926988825188,1375.2540196254981
1723383,2,IDFM:monomodalStopPlace:462394,IDFM:monomodalStopPlace:43164,1630,26.80002714688564,329.6403339066934
1725267,2,IDFM:monomodalStopPlace:473109,IDFM:monomodalStopPlace:47874,400,8.869366981383626,109.0932138710186
1727249,2,IDFM:472407,IDFM:monomodalStopPlace:411492,2760,64.98560182907849,799.3229024976655
1727838,2,IDFM:471064,IDFM:monomodalStopPlace:59038,2940,76.17330695773948,936.9316755801957
1742134,2,IDFM:472536,IDFM:471822,2550,38.933331036008276,478.87997174290183
1742749,2,IDFM:monomodalStopPlace:59038,IDFM:monomodalStopPlace:43157,960,23.028524672836088,283.2508534758839
1743003,2,IDFM:monomodalStopPlace:47909,IDFM:monomodalStopPlace:43106,870,19.643596686024896,241.61623923810623
1743004,2,IDFM:monomodalStopPlace:43106,IDFM:monomodalStopPlace:47910,540,12.69790296526114,156.18420647271202
1743048,2,IDFM:471607,IDFM:472765,2820,88.45894150088314,1088.0449804608627
1744467,2,IDFM:monomodalStopPlace:59038,IDFM:471553,390,11.03773078203605,135.76408861904343
1744468,2,IDFM:471553,IDFM:471422,330,6.6913650128037165,82.30378965748572
1744469,2,IDFM:471422,IDFM:471925,300,6.271749688818226,77.14252117246419
1749333,2,IDFM:monomodalStopPlace:411378,IDFM:472386,870,26.32104044835866,323.74879751481154
1749334,2,IDFM:472386,IDFM:monomodalStopPlace:470519,2280,64.94665976225788,798.843915075772
1750295,2,IDFM:monomodalStopPlace:411317,IDFM:monomodalStopPlace:462394,4500,73.08682117745703,898.9679004827215
1752576,2,IDFM:monomodalStopPlace:59049,IDFM:monomodalStopPlace:43072,3510,70.85716100753129,871.5430803926349
1754339,2,IDFM:470808,IDFM:472518,330,9.070618632506022,111.56860917982408
1754340,2,IDFM:472518,IDFM:472571,270,7.214730224187261,88.74118175750331
1754341,2,IDFM:472571,IDFM:472290,450,13.7334759872709,168.92175464343208
1775852,2,IDFM:471097,IDFM:472592,300,5.731224213361798,70.49405782435012
1777703,2,IDFM:monomodalStopPlace:47875,IDFM:monomodalStopPlace:43069,530,5.659725407570047,69.61462251311158
1779228,2,IDFM:monomodalStopPlace:411507,IDFM:monomodalStopPlace:43219,2640,70.91910970965804,872.305049428794
1779458,2,IDFM:monomodalStopPlace:470519,IDFM:472057,2160,64.84838940152252,797.6351896387271
1779459,2,IDFM:472057,IDFM:monomodalStopPlace:411378,900,26.414608621723602,324.8996860472003
1787044,2,IDFM:monomodalStopPlace:43082,IDFM:monomodalStopPlace:47964,780,18.704670494013996,230.06744707637216
1787045,2,IDFM:monomodalStopPlace:47964,IDFM:monomodalStopPlace:47881,510,5.995240325871519,73.74145600821969
1791793,2,IDFM:471473,IDFM:470824,2070,54.426940300158975,669.4513656919554
1792780,2,IDFM:472407,IDFM:472731,390,7.709508722469069,94.82695728636955
1792781,2,IDFM:472731,IDFM:472483,840,25.472714088566974,313.3143832893738
1809037,2,IDFM:472914,IDFM:monomodalStopPlace:462394,4260,73.10499767643705,899.1914714201757
1818279,2,IDFM:471709,IDFM:470800,2550,38.96049389462575,479.21407490389674
1819590,2,IDFM:471970,IDFM:471925,780,23.086184221897607,283.9600659293406
1824084,2,IDFM:monomodalStopPlace:47915,IDFM:monomodalStopPlace:43082,510,8.899670982753772,109.4659530878714
1833554,2,IDFM:472536,IDFM:471709,2550,38.95641920303826,479.1639561973706
1837211,2,IDFM:472319,IDFM:472737,660,16.314519533434897,200.66859026124925
1837215,2,IDFM:471383,IDFM:471320,420,10.315649912838166,126.88249392790945
1837216,2,IDFM:471320,IDFM:471084,510,10.197566160074466,125.43006376891594
1841775,2,IDFM:monomodalStopPlace:470195,IDFM:monomodalStopPlace:45067,1310,15.64316383348758,192.41091515189726
1845319,2,IDFM:471949,IDFM:monomodalStopPlace:59302,240,5.577683778996008,68.6055104816509
1847146,2,IDFM:monomodalStopPlace:43157,IDFM:monomodalStopPlace:47881,900,17.59478067237571,216.41580227022123
1847147,2,IDFM:monomodalStopPlace:47881,IDFM:monomodalStopPlace:47966,480,9.88683052042759,121.60801540125937
1847148,2,IDFM:monomodalStopPlace:47966,IDFM:monomodalStopPlace:58566,1320,28.445619819135725,349.8811237753694
1849127,2,IDFM:monomodalStopPlace:470195,IDFM:monomodalStopPlace:43106,2550,66.2260412151612,814.5803069464829
1858389,2,IDFM:472142,IDFM:monomodalStopPlace:59038,2940,76.18863485321945,937.1202086945993
1859943,2,IDFM:monomodalStopPlace:411464,IDFM:471462,660,12.023832951609187,147.893145304793
1859944,2,IDFM:471462,IDFM:470966,540,12.664744011171663,155.77635133741146
1879774,2,IDFM:472592,IDFM:471066,570,10.242303956587435,125.98033866602546
1880921,2,IDFM:472308,IDFM:472737,660,16.328527811452567,200.84089208086658
1882113,2,IDFM:monomodalStopPlace:470519,IDFM:monomodalStopPlace:427872,1450,29.070882657450788,357.5718566866447
1885122,2,IDFM:monomodalStopPlace:45850,IDFM:monomodalStopPlace:48489,210,4.099270028413051,50.42102134948053
1910432,2,IDFM:471646,IDFM:470824,2070,54.44905879308786,669.7234231549807
1912912,2,IDFM:monomodalStopPlace:58566,IDFM:monomodalStopPlace:47412,530,8.215264121374476,101.04774869290607
1912913,2,IDFM:monomodalStopPlace:47412,IDFM:monomodalStopPlace:43082,230,4.792161311100679,58.943584126538354
1929951,2,IDFM:monomodalStopPlace:43080,IDFM:monomodalStopPlace:47917,600,20.811291864341854,255.9788899314048
1936163,2,IDFM:monomodalStopPlace:47917,IDFM:monomodalStopPlace:43080,630,20.811291864341854,255.9788899314048
1937686,2,IDFM:monomodalStopPlace:470519,IDFM:monomodalStopPlace:43246,2160,64.89752458097881,798.2395523460394
1937687,2,IDFM:monomodalStopPlace:43246,IDFM:monomodalStopPlace:411378,900,26.367820254864938,324.3241891348388
1940677,2,IDFM:monomodalStopPlace:47910,IDFM:monomodalStopPlace:479035,2700,75.32036053198402,926.4404345434035
1942343,2,IDFM:monomodalStopPlace:470519,IDFM:472765,2820,88.38420227395991,1087.125687969707
1965797,2,IDFM:monomodalStopPlace:47910,IDFM:monomodalStopPlace:43106,510,12.69790296526114,156.18420647271202
1965798,2,IDFM:monomodalStopPlace:43106,IDFM:monomodalStopPlace:470195,2490,66.2260412151612,814.5803069464829
1969119,2,IDFM:470824,IDFM:472379,600,20.905077848311517,257.13245753423166
1997852,2,IDFM:monomodalStopPlace:479035,IDFM:monomodalStopPlace:47910,2580,75.32036053198402,926.4404345434035
2002628,2,IDFM:471335,IDFM:470824,2070,54.527099432581934,670.6833230207578
2015212,2,IDFM:monomodalStopPlace:43208,IDFM:monomodalStopPlace:58572,1810,38.2441134603352,470.402595562123
2017974,2,IDFM:monomodalStopPlace:43204,IDFM:monomodalStopPlace:43179,450,6.001599309561512,73.8196715076066
2030495,2,IDFM:monomodalStopPlace:462394,IDFM:monomodalStopPlace:47918,2640,28.47717325325072,350.26923101498386
2032713,2,IDFM:monomodalStopPlace:47447,IDFM:monomodalStopPlace:58566,1440,24.347126238881472,299.46965273824213
2036989,2,IDFM:471341,IDFM:monomodalStopPlace:59038,2940,76.18629772321852,937.0914619955878
2040119,2,IDFM:monomodalStopPlace:47918,IDFM:monomodalStopPlace:462394,2110,28.47717325325072,350.26923101498386
2040542,2,IDFM:472325,IDFM:472737,660,16.32553386618094,200.80406655402558
2071721,2,IDFM:472854,IDFM:472386,870,26.325707732878968,323.80620511441134
2076755,2,IDFM:471604,IDFM:472765,2820,88.44398627595848,1087.8610311942894
2084796,2,IDFM:monomodalStopPlace:411452,IDFM:monomodalStopPlace:411476,510,14.544034908781239,178.89162937800924
2096093,2,IDFM:monomodalStopPlace:411378,IDFM:monomodalStopPlace:43246,900,26.367820254864938,324.3241891348388
2096094,2,IDFM:monomodalStopPlace:43246,IDFM:monomodalStopPlace:470519,2280,64.89752458097881,798.2395523460394
2107285,2,IDFM:monomodalStopPlace:59302,IDFM:monomodalStopPlace:411498,420,10.207301093535754,125.54980345048979
2107286,2,IDFM:monomodalStopPlace:411498,IDFM:monomodalStopPlace:411507,510,10.23746415124586,125.92080906032407
2118007,2,IDFM:470833,IDFM:472765,2820,88.43656849353285,1087.7697924704541
2119071,2,IDFM:monomodalStopPlace:411504,IDFM:monomodalStopPlace:411501,540,9.476968185713796,116.56670868427969
2126857,2,IDFM:monomodalStopPlace:462394,IDFM:monomodalStopPlace:411440,3240,49.72926475814925,611.6699565252358
2127283,2,IDFM:471077,IDFM:470824,2070,54.441685026052234,669.6327258204425
2155400,2,IDFM:monomodalStopPlace:411507,IDFM:monomodalStopPlace:411498,570,10.23746415124586,125.92080906032407
2196320,2,IDFM:monomodalStopPlace:462394,IDFM:471822,4200,73.0630882843028,898.6759858969244
2208033,2,IDFM:monomodalStopPlace:43176,IDFM:monomodalStopPlace:47900,670,9.277621784356278,114.11474794758222
2229407,2,IDFM:monomodalStopPlace:47940,IDFM:monomodalStopPlace:43066,148,3.3880299725588303,41.672768662473615
2256344,2,IDFM:monomodalStopPlace:47924,IDFM:monomodalStopPlace:47909,1370,22.14159797203526,272.34165505603374
2271475,2,IDFM:monomodalStopPlace:470519,IDFM:monomodalStopPlace:43176,320,4.230344168931231,52.03323327785415
2283990,0,IDFM:10219,IDFM:10217,120,0.6798630199526204,2.923410985796268
2283991,0,IDFM:10217,IDFM:2272,120,0.8048511394857761,3.4608598997888373
2283992,0,IDFM:2272,IDFM:10215,120,1.362630765830411,5.859312293070768
2283993,0,IDFM:10215,IDFM:41833,180,0.572108901893921,2.4600682781438605
2285134,0,IDFM:10220,IDFM:10214,120,0.5902305771598042,2.537991481787158
2285135,0,IDFM:10214,IDFM:2271,120,1.3598231038584028,5.847239346591132
2285136,0,IDFM:2271,IDFM:10216,120,0.8175026624917506,3.5152614487145275
2285137,0,IDFM:10216,IDFM:10218,180,0.6785668153613214,2.9178373060536815
2302184,0,IDFM:22625,IDFM:24425,105,0.5173358957698253,2.224544351810249
2312411,6,IDFM:463079,IDFM:21966,12,0.011352350512998644,0.0
2312412,6,IDFM:22156,IDFM:462955,11,0.01076845535398351,0.0
2312413,6,IDFM:23304,IDFM:23297,10,0.009481100703117449,0.0
2312414,6,IDFM:471604,IDFM:463006,225,0.20362906191745656,0.0
2312415,6,IDFM:22168,IDFM:463026,162,0.10387462617102083,0.0
2312416,6,IDFM:490835,IDFM:35929,360,0.16094219647647798,0.0
2312417,6,IDFM:462972,IDFM:463300,140,0.2841185451031935,0.0
2312418,6,IDFM:471341,IDFM:472273,20,0.018382221603322414,0.0
2312419,6,IDFM:472386,IDFM:472057,108,0.09827552733014588,0.0
2312420,6,IDFM:463159,IDFM:463158,180,0.03567649588967137,0.0
2312421,6,IDFM:472625,IDFM:470860,53,0.048743285545364196,0.0
2312422,6,IDFM:463129,IDFM:22178,180,0.03505593175085818,0.0
2312423,6,IDFM:21964,IDFM:463300,480,0.5562896998938017,0.0
2312424,6,IDFM:463126,IDFM:23314,376,0.3395121710600772,0.0
2312425,6,IDFM:42101,IDFM:42109,6,0.005862624820914728,0.0
2312426,6,IDFM:462948,IDFM:462947,97,0.04375854727237385,0.0
2312427,6,IDFM:462961,IDFM:463316,284,0.256730399955531,0.0
2312428,6,IDFM:478986,IDFM:478978,12,0.011299683629195149,0.0
2312429,6,IDFM:463309,IDFM:463048,300,0.27128448172299613,0.0
2312430,6,IDFM:22196,IDFM:463037,14,0.013091147068201383,0.0
2312431,6,IDFM:463023,IDFM:471077,350,0.3165169296173678,0.0
2312432,6,IDFM:21969,IDFM:22162,157,0.12354129157112169,0.0
2312433,6,IDFM:22195,IDFM:463246,180,0.14405872327450442,0.0
2312434,6,IDFM:480906,IDFM:481072,11,0.010319800591541337,0.0
2312435,6,IDFM:21906,IDFM:463188,86,0.04111990235697235,0.0
2312436,6,IDFM:22026,IDFM:462962,600,0.15835878729560524,0.0
2312437,6,IDFM:463166,IDFM:22211,5,0.004586828895791486,0.0
2312438,6,IDFM:22221,IDFM:24129,236,0.16182871909741667,0.0
2312439,6,IDFM:490774,IDFM:490794,28,0.02569790218003232,0.0
2312440,6,IDFM:463021,IDFM:463022,72,0.026785047108248007,0.0
2312441,6,IDFM:470860,IDFM:472217,89,0.08072273182818666,0.0
2312442,6,IDFM:24398,IDFM:24417,14,0.012701431834135751,0.0
2312443,6,IDFM:22190,IDFM:463124,361,0.32673349153168707,0.0
2312444,6,IDFM:22052,IDFM:462973,14,0.012688540291411345,0.0
2312445,6,IDFM:463072,IDFM:22018,120,0.04781213047317362,0.0
2312446,6,IDFM:472618,IDFM:471289,9,0.00836979943064739,0.0
2312447,6,IDFM:462953,IDFM:22234,9,0.008736353483323129,0.0
2312448,6,IDFM:monomodalStopPlace:45346,IDFM:21972,240,0.12539836632364637,0.0
2312449,6,IDFM:481067,IDFM:monomodalStopPlace:43198,180,0.3653644843930192,0.0
2312450,6,IDFM:463265,IDFM:22369,13,0.011780004468634557,0.0
2312451,6,IDFM:21921,IDFM:463036,14,0.013410687664472292,0.0
2312452,6,IDFM:463223,IDFM:21999,13,0.011740327435426422,0.0
2312453,6,IDFM:21928,IDFM:463038,26,0.024325890579441935,0.0
2312454,6,IDFM:22190,IDFM:22189,325,0.2939153197590583,0.0
2312455,6,IDFM:463262,IDFM:24409,194,0.0064472782809558175,0.0
2312456,6,IDFM:463178,IDFM:22016,12,0.01098065733983991,0.0
2312457,6,IDFM:463032,IDFM:463008,167,0.13360674902636654,0.0
2312458,6,IDFM:462962,IDFM:21918,180,0.00420728681237048,0.0
2312459,6,IDFM:monomodalStopPlace:43203,IDFM:480288,240,0.0835749430701475,0.0
2312460,6,IDFM:22376,IDFM:22079,73,0.14564241078303222,0.0
2312461,6,IDFM:490850,IDFM:490837,3,0.003440177642799778,0.0
2312462,6,IDFM:21949,IDFM:21947,106,0.0961309929466338,0.0
2312463,6,IDFM:22392,IDFM:463155,13,0.01254604332310026,0.0
2312464,6,IDFM:463197,IDFM:21958,420,0.23088723127200403,0.0
2312465,6,IDFM:463258,IDFM:490895,60,0.04953078512520934,0.0
2312466,6,IDFM:21994,IDFM:463108,111,0.025253146399971626,0.0
2312467,6,IDFM:463008,IDFM:21952,304,0.2745827035971434,0.0
2312468,6,IDFM:463257,IDFM:22078,6,0.005744019927668799,0.0
2312469,6,IDFM:462969,IDFM:21963,207,0.25158466284293424,0.0
2312470,6,IDFM:463189,IDFM:462969,289,0.2616720212738177,0.0
2312471,6,IDFM:22296,IDFM:22186,480,0.4577357023740054,0.0
2312472,6,IDFM:monomodalStopPlace:45873,IDFM:monomodalStopPlace:58718,300,0.34941494618302427,0.0
2312473,6,IDFM:22391,IDFM:463106,349,0.31584209200570673,0.0
2312474,6,IDFM:monomodalStopPlace:411378,IDFM:472854,5,0.0051591814733321206,0.0
2312475,6,IDFM:463095,IDFM:22118,247,0.21536835629329215,0.0
2312476,6,IDFM:21911,IDFM:22218,480,0.31760340516165375,0.0
2312477,6,IDFM:24127,IDFM:24136,155,0.14036814455254681,0.0
2312478,6,IDFM:472914,IDFM:monomodalStopPlace:411317,28,0.025398140967165122,0.0
2312479,6,IDFM:463235,IDFM:24106,208,0.05514941993376737,0.0
2312480,6,IDFM:463253,IDFM:22129,10,0.009244897609315844,0.0
2312481,6,IDFM:21964,IDFM:463188,274,0.2478423746238428,0.0
2312482,6,IDFM:21965,IDFM:463063,180,0.09412565829797383,0.0
2312483,6,IDFM:22149,IDFM:monomodalStopPlace:462394,203,0.3576314896217411,0.0
2312484,6,IDFM:monomodalStopPlace:411362,IDFM:470928,31,0.028844917999216055,0.0
2312485,6,IDFM:monomodalStopPlace:43157,IDFM:470860,53,0.04814012904965005,0.0
2312486,6,IDFM:463183,IDFM:monomodalStopPlace:470519,356,0.32166206404068526,0.0
2312487,6,IDFM:463013,IDFM:22086,10,0.00926501288634395,0.0
2312488,6,IDFM:22164,IDFM:463318,96,0.08246363633427721,0.0
2312489,6,IDFM:monomodalStopPlace:462394,IDFM:monomodalStopPlace:58572,240,0.25490062832728966,0.0
2312490,6,IDFM:463280,IDFM:24423,405,0.31445194203726856,0.0
2312491,6,IDFM:462954,IDFM:22038,361,0.3317676005616377,0.0
2312492,6,IDFM:463067,IDFM:21919,138,0.055234836122027564,0.0
2312493,6,IDFM:22026,IDFM:22199,600,0.17031944430870405,0.0
2312494,6,IDFM:478651,IDFM:478646,10,0.009199647082552201,0.0
2312495,6,IDFM:22097,IDFM:22010,180,0.0522374269108994,0.0
2312496,6,IDFM:28846,IDFM:22268,120,0.06183456133578808,0.0
2312497,6,IDFM:monomodalStopPlace:58572,IDFM:471604,299,0.2703990587306671,0.0
2312498,6,IDFM:463310,IDFM:22133,0,0.0,0.0
2312499,6,IDFM:478983,IDFM:478985,12,0.01132163980770308,0.0
2312500,6,IDFM:471064,IDFM:472273,34,0.031044341940723315,0.0
2312501,6,IDFM:21994,IDFM:21997,137,0.03508039579167894,0.0
2312502,6,IDFM:21952,IDFM:463095,13,0.012380415591962476,0.0
2312503,6,IDFM:22195,IDFM:22030,180,0.14103153591534198,0.0
2312504,6,IDFM:22137,IDFM:463161,448,0.3329479545641779,0.0
2312505,6,IDFM:35934,IDFM:35939,349,0.315432139610827,0.0
2312506,6,IDFM:463007,IDFM:24399,221,0.07457676974402783,0.0
2312507,6,IDFM:478979,IDFM:24120,180,0.10350826492394834,0.0
2312508,6,IDFM:490794,IDFM:462976,840,0.2760567957204346,0.0
2312509,6,IDFM:22095,IDFM:22170,374,0.3382925698246988,0.0
2312510,6,IDFM:25641,IDFM:463193,268,0.11324261026525254,0.0
2312511,6,IDFM:10215,IDFM:10214,15,0.014220170850133166,0.0
2312512,6,IDFM:462963,IDFM:22026,194,0.17546582692826465,0.0
2312513,6,IDFM:22200,IDFM:21925,269,0.24317573069983472,0.0
2312514,6,IDFM:463167,IDFM:22212,5,0.004872310903691023,0.0
2312515,6,IDFM:463105,IDFM:22175,0,0.0,0.0
2312516,6,IDFM:24125,IDFM:40067,11,0.010573121555327527,0.0
2312517,6,IDFM:486814,IDFM:486838,14,0.012827941702170288,0.0
2312518,6,IDFM:22137,IDFM:monomodalStopPlace:44877,300,0.1102700079538605,0.0
2312519,6,IDFM:monomodalStopPlace:43066,IDFM:462400,150,0.022667070956024025,0.0
2312520,6,IDFM:22085,IDFM:463164,96,0.1242224009977781,0.0
2312521,6,IDFM:21923,IDFM:462956,366,0.3307703887393357,0.0
2312522,6,IDFM:42108,IDFM:42104,13,0.012002575594659096,0.0
2312523,6,IDFM:463008,IDFM:463009,236,0.2627904839490071,0.0
2312524,6,IDFM:463244,IDFM:463245,180,0.05912901413009271,0.0
2312525,6,IDFM:21957,IDFM:22178,180,0.0231915874223143,0.0
2312526,6,IDFM:471890,IDFM:471097,25,0.022860001851663158,0.0
2312527,6,IDFM:490882,IDFM:463257,120,0.13639895656075077,0.0
2312528,6,IDFM:2329,IDFM:41852,14,0.013110429424072752,0.0
2312529,6,IDFM:monomodalStopPlace:58718,IDFM:monomodalStopPlace:58566,360,0.47489821782289643,0.0
2312530,6,IDFM:21989,IDFM:25643,660,0.6196835429820432,0.0
2312531,6,IDFM:22162,IDFM:21969,133,0.12354129157112169,0.0
2312532,6,IDFM:monomodalStopPlace:47917,IDFM:472965,120,0.10857116215789944,0.0
2312533,6,IDFM:22364,IDFM:463159,360,0.3639436590097248,0.0
2312534,6,IDFM:462946,IDFM:463316,266,0.24013499457760165,0.0
2312535,6,IDFM:462400,IDFM:463014,1,0.0016241596596786245,0.0
2312536,6,IDFM:463024,IDFM:monomodalStopPlace:43072,240,0.3820392534265413,0.0
2312537,6,IDFM:463127,IDFM:22177,0,0.0,0.0
2312538,6,IDFM:462995,IDFM:462998,119,0.10085773895622524,0.0
2312539,6,IDFM:463280,IDFM:22003,12,0.011052785746045325,0.0
2312540,6,IDFM:471933,IDFM:monomodalStopPlace:43179,240,0.41640371748560734,0.0
2312541,6,IDFM:463182,IDFM:471607,234,0.21175591583811362,0.0
2312542,6,IDFM:22218,IDFM:471064,358,0.3235921398819327,0.0
2312543,6,IDFM:22056,IDFM:463084,354,0.3203734151831192,0.0
2312544,6,IDFM:22072,IDFM:463067,11,0.010663949842956608,0.0
2312545,6,IDFM:422040,IDFM:monomodalStopPlace:46689,215,0.11257964517130024,0.0
2312546,6,IDFM:463304,IDFM:22044,13,0.011998024627489147,0.0
2312547,6,IDFM:22137,IDFM:462998,376,0.34003639283966813,0.0
2312548,6,IDFM:490835,IDFM:35941,540,0.24508531641863465,0.0
2312549,6,IDFM:490848,IDFM:22380,308,0.2785888586620696,0.0
2312550,6,IDFM:22179,IDFM:monomodalStopPlace:58757,368,0.3328669619264819,0.0
2312551,6,IDFM:471709,IDFM:monomodalStopPlace:411317,2,0.0018167293634450729,0.0
2312552,6,IDFM:28862,IDFM:28863,11,0.010382976640677397,0.0
2312553,6,IDFM:22087,IDFM:monomodalStopPlace:44877,780,0.7517949895321988,0.0
2312554,6,IDFM:472625,IDFM:470761,8,0.0073547202193747175,0.0
2312555,6,IDFM:21952,IDFM:22118,242,0.20728339382437774,0.0
2312556,6,IDFM:472273,IDFM:21962,326,0.29439898460858993,0.0
2312557,6,IDFM:463048,IDFM:21925,285,0.2577723722987058,0.0
2312558,6,IDFM:22151,IDFM:22158,106,0.0801446191950449,0.0
2312559,6,IDFM:monomodalStopPlace:45873,IDFM:22030,240,0.16496825087826614,0.0
2312560,6,IDFM:22364,IDFM:21959,360,0.3639896999467011,0.0
2312561,6,IDFM:463180,IDFM:22082,300,0.0512677578374883,0.0
2312562,6,IDFM:35934,IDFM:29901,14,0.013401769454572459,0.0
2312563,6,IDFM:463083,IDFM:22229,9,0.008736835852039436,0.0
2312564,6,IDFM:471066,IDFM:monomodalStopPlace:411498,26,0.024007530256306784,0.0
2312565,6,IDFM:2345,IDFM:2339,26,0.023699501568274262,0.0
2312566,6,IDFM:463048,IDFM:463059,294,0.265606466270741,0.0
2312567,6,IDFM:22123,IDFM:463120,0,0.0,0.0
2312568,6,IDFM:24117,IDFM:463235,206,0.041679040494914235,0.0
2312569,6,IDFM:42121,IDFM:42118,13,0.012413596943600813,0.0
2312570,6,IDFM:463021,IDFM:22148,83,0.03189533015502665,0.0
2312571,6,IDFM:22087,IDFM:22092,113,0.17323733986412826,0.0
2312572,6,IDFM:22114,IDFM:22059,299,0.2704869025824874,0.0
2312573,6,IDFM:22141,IDFM:462414,225,0.07065501833309276,0.0
2312574,6,IDFM:471064,IDFM:monomodalStopPlace:58566,66,0.05987165456485388,0.0
2312575,6,IDFM:monomodalStopPlace:58718,IDFM:22218,300,0.3393298944353982,0.0
2312576,6,IDFM:471709,IDFM:471404,30,0.027644401690584287,0.0
2312577,6,IDFM:24108,IDFM:22295,300,0.38301638416247513,0.0
2312578,6,IDFM:463074,IDFM:462981,156,0.09696813052581135,0.0
2312579,6,IDFM:22184,IDFM:463169,180,0.05124478049467036,0.0
2312580,6,IDFM:28872,IDFM:28868,5,0.004599487730521022,0.0
2312581,6,IDFM:463171,IDFM:22147,0,0.0,0.0
2312582,6,IDFM:22633,IDFM:22240,320,0.23344804945922412,0.0
2312583,6,IDFM:463065,IDFM:22054,0,0.0,0.0
2312584,6,IDFM:480330,IDFM:480290,13,0.01220366624574326,0.0
2312585,6,IDFM:22059,IDFM:22114,299,0.2704869025824874,0.0
2312586,6,IDFM:monomodalStopPlace:45493,IDFM:480286,240,0.19206635539458816,0.0
2312587,6,IDFM:24106,IDFM:463235,208,0.05514941993376737,0.0
2312588,6,IDFM:471867,IDFM:monomodalStopPlace:43245,21,0.019417400341996918,0.0
2312589,6,IDFM:22108,IDFM:463266,3,0.003449929101353425,0.0
2312590,6,IDFM:21964,IDFM:463189,303,0.2737842862149979,0.0
2312591,6,IDFM:462995,IDFM:22145,10,0.009555057616759424,0.0
2312592,6,IDFM:463310,IDFM:22054,373,0.33759612690493146,0.0
2312593,6,IDFM:monomodalStopPlace:470519,IDFM:22148,240,0.36359764373997105,0.0
2312594,6,IDFM:463151,IDFM:22057,180,0.11877992131272157,0.0
2312595,6,IDFM:21997,IDFM:463122,123,0.04294586340871687,0.0
2312596,6,IDFM:463112,IDFM:21955,12,0.011616584182903143,0.0
2312597,6,IDFM:22186,IDFM:24108,243,0.10545319536896981,0.0
2312598,6,IDFM:21971,IDFM:21982,368,0.3327303223282569,0.0
2312599,6,IDFM:471404,IDFM:472914,59,0.05376820352042367,0.0
2312600,6,IDFM:471878,IDFM:472503,12,0.011477953261863696,0.0
2312601,6,IDFM:monomodalStopPlace:44514,IDFM:22219,240,0.19998776852905514,0.0
2312602,6,IDFM:462955,IDFM:22156,11,0.01076845535398351,0.0
2312603,6,IDFM:21959,IDFM:21966,420,0.25998246821809134,0.0
2312604,6,IDFM:462986,IDFM:22029,9,0.008754251770408058,0.0
2312605,6,IDFM:22175,IDFM:463105,0,0.0,0.0
2312606,6,IDFM:24680,IDFM:22118,146,0.09678895821492126,0.0
2312607,6,IDFM:21970,IDFM:463083,144,0.13726064700970017,0.0
2312608,6,IDFM:24134,IDFM:463050,271,0.1692447996770151,0.0
2312609,6,IDFM:22082,IDFM:21931,300,0.04626010727033795,0.0
2312610,6,IDFM:22052,IDFM:22132,172,0.03337334240946738,0.0
2312611,6,IDFM:463054,IDFM:463048,300,0.2711126009468349,0.0
2312612,6,IDFM:463226,IDFM:22206,13,0.012223608759702723,0.0
2312613,6,IDFM:21903,IDFM:462961,10,0.009780761985061422,0.0
2312614,6,IDFM:462999,IDFM:22012,12,0.010855899558390296,0.0
2312615,6,IDFM:463269,IDFM:22400,12,0.011236286998241305,0.0
2312616,6,IDFM:462989,IDFM:463037,344,0.3108781201272668,0.0
2312617,6,IDFM:462990,IDFM:21948,11,0.010826065135153393,0.0
2312618,6,IDFM:471341,IDFM:471064,14,0.013076125195212115,0.0
2312619,6,IDFM:22142,IDFM:463072,22,0.02002815578034118,0.0
2312620,6,IDFM:463079,IDFM:463159,420,0.2643784218592969,0.0
2312621,6,IDFM:490878,IDFM:22111,180,0.26502959858027925,0.0
2312622,6,IDFM:24129,IDFM:22221,236,0.16182871909741667,0.0
2312623,6,IDFM:463256,IDFM:490878,180,0.3008447989922779,0.0
2312624,6,IDFM:463106,IDFM:22391,349,0.31584209200570673,0.0
2312625,6,IDFM:24114,IDFM:25631,120,0.11766600584920565,0.0
2312626,6,IDFM:21902,IDFM:463316,258,0.23338312231160319,0.0
2312627,6,IDFM:25633,IDFM:463261,219,0.09459821158705857,0.0
2312628,6,IDFM:23444,IDFM:463233,480,0.4403339934469443,0.0
2312629,6,IDFM:22242,IDFM:463302,12,0.010905646743702278,0.0
2312630,6,IDFM:462950,IDFM:22043,2,0.0025655465508170987,0.0
2312631,6,IDFM:463313,IDFM:463264,63,0.04844747138144061,0.0
2312632,6,IDFM:472217,IDFM:470860,89,0.08072273182818666,0.0
2312633,6,IDFM:monomodalStopPlace:43072,IDFM:471335,99,0.0896340940204527,0.0
2312634,6,IDFM:21974,IDFM:463234,120,0.02877298675124765,0.0
2312635,6,IDFM:24418,IDFM:24684,360,0.23437364631273827,0.0
2312636,6,IDFM:22218,IDFM:462969,179,0.24260416506439259,0.0
2312637,6,IDFM:22145,IDFM:21978,86,0.09739676035256514,0.0
2312638,6,IDFM:2344,IDFM:486839,145,0.13136406263787526,0.0
2312639,6,IDFM:490839,IDFM:490849,7,0.006691362652652506,0.0
2312640,6,IDFM:21968,IDFM:463078,60,0.032024077167040116,0.0
2312641,6,IDFM:21963,IDFM:463189,345,0.3118799328147186,0.0
2312642,6,IDFM:463199,IDFM:monomodalStopPlace:470540,240,0.33432496777877313,0.0
2312643,6,IDFM:24103,IDFM:24108,153,0.13861950909189055,0.0
2312644,6,IDFM:24682,IDFM:463254,79,0.03136703010554525,0.0
2312645,6,IDFM:472543,IDFM:472483,359,0.32495812559125165,0.0
2312646,6,IDFM:23437,IDFM:monomodalStopPlace:47412,316,0.2859514293008828,0.0
2312647,6,IDFM:463183,IDFM:monomodalStopPlace:462394,151,0.3473331499088817,0.0
2312648,6,IDFM:463036,IDFM:463037,180,0.07770253256307753,0.0
2312649,6,IDFM:23313,IDFM:22269,12,0.011694069620597394,0.0
2312650,6,IDFM:22269,IDFM:23313,12,0.011694069620597394,0.0
2312651,6,IDFM:462971,IDFM:monomodalStopPlace:58566,240,0.3208918975361731,0.0
2312652,6,IDFM:463001,IDFM:463021,55,0.02686318692797605,0.0
2312653,6,IDFM:480330,IDFM:463212,180,0.021424530210208605,0.0
2312654,6,IDFM:24114,IDFM:463261,213,0.025922181212714692,0.0
2312655,6,IDFM:463294,IDFM:463293,180,0.15677453556343215,0.0
2312656,6,IDFM:21963,IDFM:21962,180,0.08483905320304619,0.0
2312657,6,IDFM:463158,IDFM:463160,125,0.171287065862019,0.0
2312658,6,IDFM:483423,IDFM:483314,4,0.004138116105468047,0.0
2312659,6,IDFM:21964,IDFM:472142,363,0.3280001924931051,0.0
2312660,6,IDFM:471199,IDFM:monomodalStopPlace:43134,11,0.010433683596178179,0.0
2312661,6,IDFM:22125,IDFM:463113,0,0.0,0.0
2312662,6,IDFM:21970,IDFM:22229,152,0.13972088385424902,0.0
2312663,6,IDFM:463012,IDFM:26534,222,0.13897911793948323,0.0
2312664,6,IDFM:21969,IDFM:463194,157,0.11645808252468559,0.0
2312665,6,IDFM:monomodalStopPlace:427870,IDFM:471399,115,0.10438892167939495,0.0
2312666,6,IDFM:463239,IDFM:462956,367,0.3321760152266214,0.0
2312667,6,IDFM:463200,IDFM:24426,199,0.06478176634308243,0.0
2312668,6,IDFM:monomodalStopPlace:479059,IDFM:472945,74,0.06762737021794535,0.0
2312669,6,IDFM:472217,IDFM:472625,45,0.040651793861865064,0.0
2312670,6,IDFM:21981,IDFM:471473,334,0.3017513302162506,0.0
2312671,6,IDFM:42112,IDFM:42102,15,0.013846343618136497,0.0
2312672,6,IDFM:472737,IDFM:472407,9,0.008370594913899104,0.0
2312673,6,IDFM:monomodalStopPlace:44787,IDFM:29900,258,0.20014743982521865,0.0
2312674,6,IDFM:21937,IDFM:462960,10,0.009735473006348774,0.0
2312675,6,IDFM:22143,IDFM:462996,10,0.009380912783667976,0.0
2312676,6,IDFM:463060,IDFM:monomodalStopPlace:45102,480,0.6308324495158789,0.0
2312677,6,IDFM:471607,IDFM:463001,377,0.34103234180963915,0.0
2312678,6,IDFM:462972,IDFM:monomodalStopPlace:58566,240,0.23465195691070842,0.0
2312679,6,IDFM:463163,IDFM:22189,12,0.01131922736256707,0.0
2312680,6,IDFM:478981,IDFM:478974,12,0.010907595378514712,0.0
2312681,6,IDFM:22026,IDFM:21902,258,0.23367543052473733,0.0
2312682,6,IDFM:24136,IDFM:24127,155,0.14036814455254681,0.0
2312683,6,IDFM:470833,IDFM:22387,377,0.3409415045454911,0.0
2312684,6,IDFM:471709,IDFM:471822,27,0.025168269953192254,0.0
2312685,6,IDFM:22376,IDFM:463249,13,0.01239027742216232,0.0
2312686,6,IDFM:21904,IDFM:463239,63,0.03869542250095527,0.0
2312687,6,IDFM:462970,IDFM:472142,346,0.3130727137433685,0.0
2312688,6,IDFM:22145,IDFM:462995,10,0.009555057616759424,0.0
2312689,6,IDFM:35939,IDFM:35935,10,0.009801204659961133,0.0
2312690,6,IDFM:463095,IDFM:24680,166,0.12575725570524107,0.0
2312691,6,IDFM:462970,IDFM:472273,348,0.3145834563352264,0.0
2312692,6,IDFM:463063,IDFM:463081,180,0.08352878023383484,0.0
2312693,6,IDFM:10214,IDFM:10215,15,0.014220170850133166,0.0
2312694,6,IDFM:463244,IDFM:21932,360,0.325881095919025,0.0
2312695,6,IDFM:490878,IDFM:monomodalStopPlace:45437,60,0.06729770878960276,0.0
2312696,6,IDFM:22302,IDFM:463233,480,0.45344770442611,0.0
2312697,6,IDFM:463144,IDFM:463145,154,0.05638504073076774,0.0
2312698,6,IDFM:21962,IDFM:471064,317,0.28699504617528754,0.0
2312699,6,IDFM:24126,IDFM:24117,378,0.34162015924887623,0.0
2312700,6,IDFM:22149,IDFM:463182,184,0.0529116825676816,0.0
2312701,6,IDFM:462971,IDFM:463188,342,0.30930806435407254,0.0
2312702,6,IDFM:463115,IDFM:22198,22,0.02072528301372675,0.0
2312703,6,IDFM:22044,IDFM:463062,337,0.30463903711558915,0.0
2312704,6,IDFM:463038,IDFM:21928,26,0.024325890579441935,0.0
2312705,6,IDFM:463058,IDFM:463049,180,0.028113377929293408,0.0
2312706,6,IDFM:463206,IDFM:22382,16,0.01454178831072647,0.0
2312707,6,IDFM:463282,IDFM:24684,0,0.0,0.0
2312708,6,IDFM:monomodalStopPlace:411498,IDFM:471066,26,0.024007530256306784,0.0
2312709,6,IDFM:21959,IDFM:463060,360,0.3718147192759785,0.0
2312710,6,IDFM:471958,IDFM:470761,55,0.05036510730731628,0.0
2312711,6,IDFM:463136,IDFM:25643,660,0.6196835429820432,0.0
2312712,6,IDFM:463006,IDFM:22367,2,0.002565496761453971,0.0
2312713,6,IDFM:24128,IDFM:463260,206,0.15646139060023376,0.0
2312714,6,IDFM:22366,IDFM:22391,349,0.31518222611727825,0.0
2312715,6,IDFM:470833,IDFM:463006,216,0.19555160162861757,0.0
2312716,6,IDFM:monomodalStopPlace:470519,IDFM:463006,162,0.14714293599456846,0.0
2312717,6,IDFM:22199,IDFM:462960,180,0.14580741962343907,0.0
2312718,6,IDFM:monomodalStopPlace:43066,IDFM:463014,150,0.021098740476622926,0.0
2312719,6,IDFM:460557,IDFM:460556,17,0.016100299334917228,0.0
2312720,6,IDFM:490906,IDFM:490916,2,0.0022934204924826627,0.0
2312721,6,IDFM:10219,IDFM:10218,8,0.008025616204697657,0.0
2312722,6,IDFM:473004,IDFM:472652,8,0.008121143627532997,0.0
2312723,6,IDFM:42115,IDFM:42113,343,0.30971095507781166,0.0
2312724,6,IDFM:monomodalStopPlace:43072,IDFM:463024,240,0.3820392534265413,0.0
2312725,6,IDFM:463043,IDFM:22086,98,0.021636993129224888,0.0
2312726,6,IDFM:472217,IDFM:471958,91,0.08227443550579869,0.0
2312727,6,IDFM:22197,IDFM:21909,180,0.028370868999277203,0.0
2312728,6,IDFM:486845,IDFM:486826,7,0.0069952496334123844,0.0
2312729,6,IDFM:22391,IDFM:463157,13,0.012163568030340426,0.0
2312730,6,IDFM:490837,IDFM:490850,3,0.003440177642799778,0.0
2312731,6,IDFM:22629,IDFM:24426,18,0.01707290772834392,0.0
2312732,6,IDFM:24531,IDFM:monomodalStopPlace:58498,334,0.13653980392948684,0.0
2312733,6,IDFM:490841,IDFM:463235,303,0.2735861233463298,0.0
2312734,6,IDFM:22157,IDFM:462980,370,0.31095758862186607,0.0
2312735,6,IDFM:22053,IDFM:463236,13,0.01208398219007644,0.0
2312736,6,IDFM:463070,IDFM:22028,12,0.011678758833603257,0.0
2312737,6,IDFM:470928,IDFM:monomodalStopPlace:411362,31,0.028844917999216055,0.0
2312738,6,IDFM:460563,IDFM:460560,14,0.01285619659685514,0.0
2312739,6,IDFM:463315,IDFM:22163,312,0.281802217606503,0.0
2312740,6,IDFM:463060,IDFM:463158,271,0.38130198402584004,0.0
2312741,6,IDFM:472857,IDFM:472211,60,0.010261404762029658,0.0
2312742,6,IDFM:21926,IDFM:21964,287,0.259173798241649,0.0
2312743,6,IDFM:472093,IDFM:471264,89,0.08057512925913295,0.0
2312744,6,IDFM:462946,IDFM:21903,76,0.06500074446922169,0.0
2312745,6,IDFM:23431,IDFM:23432,43,0.03909479343286758,0.0
2312746,6,IDFM:472914,IDFM:471822,57,0.051625058164395096,0.0
2312747,6,IDFM:470761,IDFM:471925,71,0.06424719115854782,0.0
2312748,6,IDFM:22217,IDFM:463303,9,0.008349526446403896,0.0
2312749,6,IDFM:monomodalStopPlace:462394,IDFM:22007,97,0.3360088683469363,0.0
2312750,6,IDFM:472142,IDFM:462970,346,0.3130727137433685,0.0
2312751,6,IDFM:22385,IDFM:490848,180,0.13061233645143636,0.0
2312752,6,IDFM:472742,IDFM:471308,5,0.004603088992901156,0.0
2312753,6,IDFM:462988,IDFM:462987,72,0.00783559531327881,0.0
2312754,6,IDFM:monomodalStopPlace:43072,IDFM:21967,240,0.37982632234461133,0.0
2312755,6,IDFM:412987,IDFM:22041,241,0.1511526227935564,0.0
2312756,6,IDFM:22296,IDFM:24108,300,0.39638853837466076,0.0
2312757,6,IDFM:22379,IDFM:463232,14,0.012880981112752678,0.0
2312758,6,IDFM:monomodalStopPlace:45102,IDFM:21966,420,0.514562837672197,0.0
2312759,6,IDFM:463194,IDFM:463202,143,0.1007691026027922,0.0
2312760,6,IDFM:463089,IDFM:22059,351,0.31738225382638724,0.0
2312761,6,IDFM:21918,IDFM:21903,120,0.09039016179587711,0.0
2312762,6,IDFM:462972,IDFM:21964,180,0.2878081874807908,0.0
2312763,6,IDFM:463158,IDFM:monomodalStopPlace:45102,288,0.260122236684364,0.0
2312764,6,IDFM:472416,IDFM:470966,51,0.04666371083513227,0.0
2312765,6,IDFM:monomodalStopPlace:43238,IDFM:472308,140,0.12651874066170718,0.0
2312766,6,IDFM:21908,IDFM:463055,12,0.01123886787258651,0.0
2312767,6,IDFM:22199,IDFM:22026,600,0.17031944430870405,0.0
2312768,6,IDFM:42110,IDFM:42114,110,0.09958815540076153,0.0
2312769,6,IDFM:463100,IDFM:22172,13,0.01233462903964732,0.0
2312770,6,IDFM:472057,IDFM:472386,108,0.09827552733014588,0.0
2312771,6,IDFM:22625,IDFM:22624,11,0.010412796765538437,0.0
2312772,6,IDFM:monomodalStopPlace:473364,IDFM:10219,300,0.09754911830172952,0.0
2312773,6,IDFM:460560,IDFM:24396,120,0.056919561412474964,0.0
2312774,6,IDFM:463313,IDFM:22159,180,0.061777767142163646,0.0
2312775,6,IDFM:463059,IDFM:463048,294,0.265606466270741,0.0
2312776,6,IDFM:462971,IDFM:462969,302,0.26301136868212005,0.0
2312777,6,IDFM:21906,IDFM:21964,314,0.284047475703633,0.0
2312778,6,IDFM:462980,IDFM:462954,370,0.3207590808082926,0.0
2312779,6,IDFM:463263,IDFM:24409,194,0.07772882260026862,0.0
2312780,6,IDFM:463314,IDFM:22163,10,0.009624445488926492,0.0
2312781,6,IDFM:471867,IDFM:471550,25,0.023039451829020216,0.0
2312782,6,IDFM:471933,IDFM:471675,9,0.008130530380048698,0.0
2312783,6,IDFM:24142,IDFM:24138,20,0.018135597883222124,0.0
2312784,6,IDFM:monomodalStopPlace:411390,IDFM:472571,50,0.04547182733858154,0.0
2312785,6,IDFM:463028,IDFM:463067,90,0.07288693847017144,0.0
2312786,6,IDFM:22140,IDFM:24118,218,0.048829287468064475,0.0
2312787,6,IDFM:24406,IDFM:21913,228,0.07302817796251854,0.0
2312788,6,IDFM:490772,IDFM:490793,6,0.00574985718629877,0.0
2312789,6,IDFM:21966,IDFM:463158,360,0.26588381382467163,0.0
2312790,6,IDFM:463124,IDFM:463162,364,0.3287158164472429,0.0
2312791,6,IDFM:monomodalStopPlace:473843,IDFM:24115,210,0.14186839793676434,0.0
2312792,6,IDFM:463268,IDFM:463318,81,0.07586986893138861,0.0
2312793,6,IDFM:monomodalStopPlace:473843,IDFM:24100,210,0.16973622715148495,0.0
2312794,6,IDFM:22635,IDFM:42122,180,0.3308655461723446,0.0
2312795,6,IDFM:472914,IDFM:471709,29,0.0267504220180225,0.0
2312796,6,IDFM:22394,IDFM:463031,11,0.010282964390847285,0.0
2312797,6,IDFM:463014,IDFM:monomodalStopPlace:43066,150,0.021098740476622926,0.0
2312798,6,IDFM:monomodalStopPlace:479035,IDFM:22178,240,0.44824644786149664,0.0
2312799,6,IDFM:22118,IDFM:463095,235,0.21536835629329215,0.0
2312800,6,IDFM:471341,IDFM:22218,356,0.32166976743983605,0.0
2312801,6,IDFM:24414,IDFM:22022,230,0.12079793509159961,0.0
2312802,6,IDFM:463246,IDFM:monomodalStopPlace:45873,240,0.1636877456698836,0.0
2312803,6,IDFM:42106,IDFM:42113,334,0.3015732999611965,0.0
2312804,6,IDFM:463249,IDFM:22376,13,0.01239027742216232,0.0
2312805,6,IDFM:21964,IDFM:monomodalStopPlace:58566,240,0.34093219476222547,0.0
2312806,6,IDFM:35934,IDFM:35935,350,0.31669329946641545,0.0
2312807,6,IDFM:22381,IDFM:463244,180,0.05465201582999366,0.0
2312808,6,IDFM:463102,IDFM:22170,31,0.028378986107498526,0.0
2312809,6,IDFM:471422,IDFM:472945,149,0.13525475277777857,0.0
2312810,6,IDFM:21966,IDFM:22087,267,0.10475043308371192,0.0
2312811,6,IDFM:monomodalStopPlace:412743,IDFM:22635,276,0.1927495056925969,0.0
2312812,6,IDFM:monomodalStopPlace:470540,IDFM:22185,240,0.37350054453874426,0.0
2312813,6,IDFM:22388,IDFM:21932,86,0.03887639907627922,0.0
2312814,6,IDFM:462972,IDFM:21962,11,0.010584270020767908,0.0
2312815,6,IDFM:22059,IDFM:463116,2,0.0025654861302547216,0.0
2312816,6,IDFM:29894,IDFM:474424,196,0.17744907342760394,0.0
2312817,6,IDFM:463146,IDFM:463138,242,0.21878932074147112,0.0
2312818,6,IDFM:22384,IDFM:24681,75,0.00735021448144729,0.0
2312819,6,IDFM:22050,IDFM:463304,331,0.2996374760869686,0.0
2312820,6,IDFM:22208,IDFM:463277,26,0.023697144930353534,0.0
2312821,6,IDFM:21905,IDFM:463054,103,0.04505192558732273,0.0
2312822,6,IDFM:22243,IDFM:463212,13,0.012208376164295424,0.0
2312823,6,IDFM:35931,IDFM:29897,11,0.010826967105282054,0.0
2312824,6,IDFM:22166,IDFM:462948,13,0.011814046285406972,0.0
2312825,6,IDFM:463096,IDFM:463299,298,0.269404574616944,0.0
2312826,6,IDFM:463133,IDFM:21933,22,0.020354072750220463,0.0
2312827,6,IDFM:463065,IDFM:22133,373,0.33759612690493146,0.0
2312828,6,IDFM:24679,IDFM:463082,14,0.01270121943541278,0.0
2312829,6,IDFM:463141,IDFM:463077,342,0.3088362956358595,0.0
2312830,6,IDFM:22086,IDFM:22094,64,0.01601164968775345,0.0
2312831,6,IDFM:463087,IDFM:22237,11,0.010713402419223441,0.0
2312832,6,IDFM:463033,IDFM:463034,79,0.07173382913422063,0.0
2312833,6,IDFM:22076,IDFM:463293,180,0.15158295154914248,0.0
2312834,6,IDFM:463316,IDFM:462962,600,0.16154348934409082,0.0
2312835,6,IDFM:24114,IDFM:24111,16,0.014944153540258917,0.0
2312836,6,IDFM:22200,IDFM:463054,284,0.25656344063245873,0.0
2312837,6,IDFM:463079,IDFM:22092,400,0.2691901030891003,0.0
2312838,6,IDFM:21951,IDFM:463254,0,0.0,0.0
2312839,6,IDFM:463034,IDFM:22384,60,0.007506388090924184,0.0
2312840,6,IDFM:486891,IDFM:486889,8,0.007697662173402593,0.0
2312841,6,IDFM:486839,IDFM:2342,159,0.14370136340913883,0.0
2312842,6,IDFM:10218,IDFM:10219,8,0.008025616204697657,0.0
2312843,6,IDFM:35927,IDFM:474424,205,0.18577626928577307,0.0
2312844,6,IDFM:22030,IDFM:21932,343,0.309711757665323,0.0
2312845,6,IDFM:42134,IDFM:42130,12,0.011725461811988407,0.0
2312846,6,IDFM:472536,IDFM:470800,4,0.0041414733268479685,0.0
2312847,6,IDFM:24423,IDFM:463280,405,0.31445194203726856,0.0
2312848,6,IDFM:472363,IDFM:472147,57,0.051500708508992785,0.0
2312849,6,IDFM:25084,IDFM:463039,0,0.0,0.0
2312850,6,IDFM:monomodalStopPlace:45102,IDFM:22146,180,0.12907125834607655,0.0
2312851,6,IDFM:21957,IDFM:463128,180,0.02451569278578061,0.0
2312852,6,IDFM:22136,IDFM:462994,137,0.12390930827103509,0.0
2312853,6,IDFM:22387,IDFM:22148,67,0.03155844203043026,0.0
2312854,6,IDFM:22211,IDFM:463166,5,0.004586828895791486,0.0
2312855,6,IDFM:463300,IDFM:462972,140,0.2841185451031935,0.0
2312856,6,IDFM:24106,IDFM:24117,17,0.015446925143468935,0.0
2312857,6,IDFM:monomodalStopPlace:470519,IDFM:22149,355,0.3207052665758129,0.0
2312858,6,IDFM:472386,IDFM:monomodalStopPlace:43246,54,0.04913776255311271,0.0
2312859,6,IDFM:24126,IDFM:478980,180,0.10608242225569128,0.0
2312860,6,IDFM:22395,IDFM:22629,212,0.08589625390710928,0.0
2312861,6,IDFM:21983,IDFM:21975,335,0.3032166548963354,0.0
2312862,6,IDFM:470761,IDFM:471958,55,0.05036510730731628,0.0
2312863,6,IDFM:462943,IDFM:22080,12,0.01155705616328336,0.0
2312864,6,IDFM:463279,IDFM:21913,11,0.010413293455618058,0.0
2312865,6,IDFM:463024,IDFM:21981,169,0.10205987956047954,0.0
2312866,6,IDFM:463150,IDFM:22057,119,0.11811013157252177,0.0
2312867,6,IDFM:22013,IDFM:463021,13,0.012466298099389905,0.0
2312868,6,IDFM:22059,IDFM:463089,351,0.31738225382638724,0.0
2312869,6,IDFM:monomodalStopPlace:43238,IDFM:22157,240,0.6223065080906471,0.0
2312870,6,IDFM:21922,IDFM:463238,12,0.011612917024526907,0.0
2312871,6,IDFM:486824,IDFM:486846,17,0.015639233746730694,0.0
2312872,6,IDFM:25643,IDFM:463136,660,0.6196835429820432,0.0
2312873,6,IDFM:22218,IDFM:21963,108,0.029987400750888533,0.0
2312874,6,IDFM:24423,IDFM:22003,405,0.3173410461861394,0.0
2312875,6,IDFM:22095,IDFM:463043,179,0.16182089403628347,0.0
2312876,6,IDFM:462963,IDFM:462946,101,0.09531317079057826,0.0
2312877,6,IDFM:462955,IDFM:22157,126,0.005830528995305045,0.0
2312878,6,IDFM:22367,IDFM:463006,2,0.002565496761453971,0.0
2312879,6,IDFM:22138,IDFM:462968,195,0.17687376622320014,0.0
2312880,6,IDFM:22629,IDFM:23305,381,0.3440148371082598,0.0
2312881,6,IDFM:463016,IDFM:22172,358,0.3239635599810303,0.0
2312882,6,IDFM:22268,IDFM:28846,120,0.06183456133578808,0.0
2312883,6,IDFM:23314,IDFM:463126,376,0.3395121710600772,0.0
2312884,6,IDFM:463051,IDFM:22295,480,0.442022642212617,0.0
2312885,6,IDFM:463291,IDFM:463292,90,0.031164082003491057,0.0
2312886,6,IDFM:monomodalStopPlace:470195,IDFM:463197,247,0.39158696420147765,0.0
2312887,6,IDFM:42118,IDFM:42121,13,0.012413596943600813,0.0
2312888,6,IDFM:monomodalStopPlace:43231,IDFM:470688,337,0.21866918784585918,0.0
2312889,6,IDFM:22061,IDFM:463153,0,0.0,0.0
2312890,6,IDFM:42122,IDFM:42126,12,0.011298148748697346,0.0
2312891,6,IDFM:22002,IDFM:463096,12,0.01169480113126337,0.0
2312892,6,IDFM:21917,IDFM:463268,107,0.07501937259527854,0.0
2312893,6,IDFM:monomodalStopPlace:43071,IDFM:472147,252,0.1168297533423823,0.0
2312894,6,IDFM:462969,IDFM:463188,261,0.23567455992881303,0.0
2312895,6,IDFM:460560,IDFM:460563,14,0.01285619659685514,0.0
2312896,6,IDFM:471604,IDFM:22007,262,0.2373918843680855,0.0
2312897,6,IDFM:472518,IDFM:monomodalStopPlace:411405,27,0.024925444559759938,0.0
2312898,6,IDFM:23441,IDFM:27464,18,0.016420328663224872,0.0
2312899,6,IDFM:22229,IDFM:21970,161,0.13972088385424902,0.0
2312900,6,IDFM:22038,IDFM:462980,13,0.011832232325275038,0.0
2312901,6,IDFM:22208,IDFM:24138,245,0.4027974093495446,0.0
2312902,6,IDFM:463030,IDFM:22373,11,0.010749514207958067,0.0
2312903,6,IDFM:463317,IDFM:22046,12,0.011048947061655295,0.0
2312904,6,IDFM:486812,IDFM:2344,132,0.11985746905736812,0.0
2312905,6,IDFM:21926,IDFM:21906,80,0.029963416372604832,0.0
2312906,6,IDFM:24110,IDFM:463029,217,0.08546924922884604,0.0
2312907,6,IDFM:22364,IDFM:21966,360,0.10680584383308853,0.0
2312908,6,IDFM:22144,IDFM:463242,11,0.009967033260380112,0.0
2312909,6,IDFM:472273,IDFM:472142,16,0.014950489481236067,0.0
2312910,6,IDFM:471174,IDFM:monomodalStopPlace:43100,3,0.003337802193070378,0.0
2312911,6,IDFM:472920,IDFM:42102,186,0.1681861883125109,0.0
2312912,6,IDFM:462970,IDFM:21911,480,0.3210001397831873,0.0
2312913,6,IDFM:486894,IDFM:486892,17,0.016219125557081365,0.0
2312914,6,IDFM:463012,IDFM:460563,226,0.1477805528226502,0.0
2312915,6,IDFM:463079,IDFM:monomodalStopPlace:45102,420,0.522858470613725,0.0
2312916,6,IDFM:22129,IDFM:463253,10,0.009244897609315844,0.0
2312917,6,IDFM:471822,IDFM:monomodalStopPlace:411317,29,0.026780555151969934,0.0
2312918,6,IDFM:22364,IDFM:463079,123,0.09991356572230638,0.0
2312919,6,IDFM:21966,IDFM:21990,346,0.313007900243465,0.0
2312920,6,IDFM:21918,IDFM:21902,130,0.10377837538560275,0.0
2312921,6,IDFM:462414,IDFM:462431,12,0.011320129194077993,0.0
2312922,6,IDFM:463237,IDFM:21975,13,0.012112072172475528,0.0
2312923,6,IDFM:470693,IDFM:472642,12,0.011523559303404218,0.0
2312924,6,IDFM:24124,IDFM:24141,19,0.017473386218095816,0.0
2312925,6,IDFM:monomodalStopPlace:470540,IDFM:22193,240,0.2656532536966383,0.0
2312926,6,IDFM:22092,IDFM:463159,180,0.02349949944831614,0.0
2312927,6,IDFM:462973,IDFM:22052,14,0.012688540291411345,0.0
2312928,6,IDFM:35946,IDFM:22400,217,0.08713867947383319,0.0
2312929,6,IDFM:monomodalStopPlace:411396,IDFM:472271,33,0.030464554543311876,0.0
2312930,6,IDFM:monomodalStopPlace:46007,IDFM:463014,900,0.9690519467107915,0.0
2312931,6,IDFM:463316,IDFM:462946,266,0.24013499457760165,0.0
2312932,6,IDFM:22174,IDFM:463147,2,0.0025699822670848644,0.0
2312933,6,IDFM:22118,IDFM:462981,10,0.009746366728635054,0.0
2312934,6,IDFM:463235,IDFM:490848,299,0.2703411645756421,0.0
2312935,6,IDFM:21980,IDFM:21976,67,0.10297625505605694,0.0
2312936,6,IDFM:471001,IDFM:471744,12,0.01090986850122808,0.0
2312937,6,IDFM:490774,IDFM:462976,840,0.2627741477825894,0.0
2312938,6,IDFM:472592,IDFM:monomodalStopPlace:411507,21,0.019798569648436164,0.0
2312939,6,IDFM:22384,IDFM:463033,84,0.07645275110126205,0.0
2312940,6,IDFM:463183,IDFM:470833,299,0.2699255944662089,0.0
2312941,6,IDFM:22107,IDFM:22368,249,0.2729852220525921,0.0
2312942,6,IDFM:480541,IDFM:22219,180,0.024239830365099718,0.0
2312943,6,IDFM:22142,IDFM:22018,120,0.06418432916182151,0.0
2312944,6,IDFM:22031,IDFM:463068,11,0.010655946887853296,0.0
2312945,6,IDFM:29905,IDFM:29904,13,0.011975251195809933,0.0
2312946,6,IDFM:22193,IDFM:463199,77,0.07004509535026707,0.0
2312947,6,IDFM:462971,IDFM:monomodalStopPlace:58718,300,0.34936551332970145,0.0
2312948,6,IDFM:463122,IDFM:463108,93,0.0324518124980111,0.0
2312949,6,IDFM:22298,IDFM:monomodalStopPlace:43184,216,0.06369338001435924,0.0
2312950,6,IDFM:463321,IDFM:22047,16,0.014981465036529876,0.0
2312951,6,IDFM:490882,IDFM:monomodalStopPlace:415093,60,0.05836649630956215,0.0
2312952,6,IDFM:486878,IDFM:monomodalStopPlace:43076,331,0.2994930789166645,0.0
2312953,6,IDFM:463049,IDFM:21909,21,0.01896298924417736,0.0
2312954,6,IDFM:21990,IDFM:21966,346,0.313007900243465,0.0
2312955,6,IDFM:463227,IDFM:22079,8,0.007271185832641542,0.0
2312956,6,IDFM:480928,IDFM:481069,16,0.014950168386672987,0.0
2312957,6,IDFM:22149,IDFM:463183,12,0.010906609532716677,0.0
2312958,6,IDFM:21983,IDFM:463237,336,0.30395370481403305,0.0
2312959,6,IDFM:22112,IDFM:463286,103,0.1416967681158353,0.0
2312960,6,IDFM:480531,IDFM:22219,180,0.021111603738678496,0.0
2312961,6,IDFM:monomodalStopPlace:44877,IDFM:463159,780,0.8442547125788679,0.0
2312962,6,IDFM:471646,IDFM:471473,34,0.030786911568958394,0.0
2312963,6,IDFM:490892,IDFM:490882,26,0.024079330575567787,0.0
2312964,6,IDFM:22089,IDFM:463019,12,0.011726576368304526,0.0
2312965,6,IDFM:472920,IDFM:472986,9,0.008965398845805297,0.0
2312966,6,IDFM:monomodalStopPlace:42356,IDFM:490772,240,0.07867737393209061,0.0
2312967,6,IDFM:22107,IDFM:463032,120,0.13486282308324019,0.0
2312968,6,IDFM:monomodalStopPlace:44877,IDFM:21983,300,0.2554099331327672,0.0
2312969,6,IDFM:24137,IDFM:24124,342,0.309016533575088,0.0
2312970,6,IDFM:monomodalStopPlace:43238,IDFM:22143,480,0.9647587808933072,0.0
2312971,6,IDFM:463299,IDFM:22002,304,0.27523501818604396,0.0
2312972,6,IDFM:26534,IDFM:460560,120,0.04443170380170701,0.0
2312973,6,IDFM:471604,IDFM:470833,8,0.008108345845867115,0.0
2312974,6,IDFM:22295,IDFM:24108,300,0.38301638416247513,0.0
2312975,6,IDFM:480932,IDFM:481073,5,0.004586687755530826,0.0
2312976,6,IDFM:462970,IDFM:21906,375,0.3386225881751459,0.0
2312977,6,IDFM:463255,IDFM:22377,13,0.011804404589268505,0.0
2312978,6,IDFM:21969,IDFM:22183,180,0.02440857715513279,0.0
2312979,6,IDFM:21997,IDFM:21994,144,0.03508039579167894,0.0
2312980,6,IDFM:monomodalStopPlace:46298,IDFM:478985,363,0.24743520524099286,0.0
2312981,6,IDFM:463094,IDFM:463093,91,0.08848666066026656,0.0
2312982,6,IDFM:471404,IDFM:monomodalStopPlace:411317,32,0.029323336201027214,0.0
2312983,6,IDFM:21937,IDFM:462946,180,0.10259807974309966,0.0
2312984,6,IDFM:21952,IDFM:22368,291,0.26354851098980353,0.0
2312985,6,IDFM:monomodalStopPlace:45705,IDFM:22045,420,0.3762898957742678,0.0
2312986,6,IDFM:22185,IDFM:22193,180,0.1455738273077775,0.0
2312987,6,IDFM:462937,IDFM:35926,4,0.004138414295555765,0.0
2312988,6,IDFM:22215,IDFM:463225,12,0.011613042859288672,0.0
2312989,6,IDFM:22045,IDFM:monomodalStopPlace:45705,420,0.3762898957742678,0.0
2312990,6,IDFM:22142,IDFM:21997,377,0.3410955898302022,0.0
2312991,6,IDFM:463212,IDFM:480290,180,0.03284992828886725,0.0
2312992,6,IDFM:463306,IDFM:22150,356,0.3220035482939027,0.0
2312993,6,IDFM:422037,IDFM:monomodalStopPlace:462388,186,0.05315433323535553,0.0
2312994,6,IDFM:monomodalStopPlace:411511,IDFM:473004,9,0.008626853815978087,0.0
2312995,6,IDFM:478974,IDFM:478981,12,0.010907595378514712,0.0
2312996,6,IDFM:21975,IDFM:462944,313,0.2829108804704621,0.0
2312997,6,IDFM:21979,IDFM:463314,308,0.2783640794273224,0.0
2312998,6,IDFM:22127,IDFM:22130,104,0.09507415628827434,0.0
2312999,6,IDFM:22197,IDFM:463049,180,0.03410385643443088,0.0
2313000,6,IDFM:463312,IDFM:463264,180,0.005070408720522208,0.0
2313001,6,IDFM:monomodalStopPlace:411498,IDFM:471320,24,0.021708951318300036,0.0
2313002,6,IDFM:42134,IDFM:42129,377,0.34050897701431704,0.0
2313003,6,IDFM:monomodalStopPlace:43077,IDFM:472986,233,0.10181209585219579,0.0
2313004,6,IDFM:2271,IDFM:2272,7,0.006899015210108094,0.0
2313005,6,IDFM:23440,IDFM:22297,15,0.013830086635035406,0.0
2313006,6,IDFM:463058,IDFM:22197,19,0.01784931677353842,0.0
2313007,6,IDFM:463261,IDFM:22042,47,0.04314818418025725,0.0
2313008,6,IDFM:463182,IDFM:470833,259,0.23429676018846435,0.0
2313009,6,IDFM:22023,IDFM:490890,120,0.03245127922967705,0.0
2313010,6,IDFM:462970,IDFM:463300,480,0.3162236587172899,0.0
2313011,6,IDFM:463303,IDFM:22217,9,0.008349526446403896,0.0
2313012,6,IDFM:22158,IDFM:monomodalStopPlace:473890,156,0.14703525062625675,0.0
2313013,6,IDFM:monomodalStopPlace:58774,IDFM:486883,105,0.09501694743289223,0.0
2313014,6,IDFM:463034,IDFM:24681,6,0.005806930214135369,0.0
2313015,6,IDFM:41854,IDFM:41851,14,0.012650792391930293,0.0
2313016,6,IDFM:21990,IDFM:22087,370,0.33409331799269587,0.0
2313017,6,IDFM:22368,IDFM:463095,280,0.2527926113123318,0.0
2313018,6,IDFM:21915,IDFM:463290,29,0.02621840486939953,0.0
2313019,6,IDFM:22086,IDFM:monomodalStopPlace:58759,437,0.13183974159400016,0.0
2313020,6,IDFM:22054,IDFM:463310,373,0.33759612690493146,0.0
2313021,6,IDFM:463224,IDFM:22385,120,0.010853458138211895,0.0
2313022,6,IDFM:28876,IDFM:28874,14,0.01285486360662275,0.0
2313023,6,IDFM:monomodalStopPlace:43246,IDFM:472057,54,0.04913776477703405,0.0
2313024,6,IDFM:462946,IDFM:462963,109,0.09531317079057826,0.0
2313025,6,IDFM:463060,IDFM:463079,126,0.10887961133172706,0.0
2313026,6,IDFM:monomodalStopPlace:43072,IDFM:471077,82,0.07411579101844555,0.0
2313027,6,IDFM:463214,IDFM:22236,17,0.01579871524221396,0.0
2313028,6,IDFM:21968,IDFM:21984,343,0.30997719638388965,0.0
2313029,6,IDFM:472483,IDFM:471399,67,0.06116821655804748,0.0
2313030,6,IDFM:22216,IDFM:463015,22,0.020252555711059626,0.0
2313031,6,IDFM:462944,IDFM:463237,315,0.28466029927453995,0.0
2313032,6,IDFM:472765,IDFM:monomodalStopPlace:47914,28,0.02561024080984625,0.0
2313033,6,IDFM:21927,IDFM:463190,13,0.012555160357263747,0.0
2313034,6,IDFM:21964,IDFM:471341,363,0.328131538125703,0.0
2313035,6,IDFM:463241,IDFM:22205,14,0.012743070917993864,0.0
2313036,6,IDFM:463158,IDFM:22092,13,0.012177084179662371,0.0
2313037,6,IDFM:28852,IDFM:28854,10,0.009263888621046991,0.0
2313038,6,IDFM:22387,IDFM:463021,70,0.037132619805652835,0.0
2313039,6,IDFM:22007,IDFM:463182,12,0.010988956702046545,0.0
2313040,6,IDFM:21955,IDFM:463112,12,0.011616584182903143,0.0
2313041,6,IDFM:463300,IDFM:21963,480,0.30486795403768874,0.0
2313042,6,IDFM:462967,IDFM:21976,27,0.02503795868977561,0.0
2313043,6,IDFM:462958,IDFM:monomodalStopPlace:45346,240,0.13742785043289754,0.0
2313044,6,IDFM:471607,IDFM:monomodalStopPlace:470519,84,0.07593679766094677,0.0
2313045,6,IDFM:486988,IDFM:486963,7,0.006692345347593123,0.0
2313046,6,IDFM:22368,IDFM:463009,234,0.2709062006442851,0.0
2313047,6,IDFM:23432,IDFM:23431,43,0.03909479343286758,0.0
2313048,6,IDFM:21968,IDFM:463141,343,0.30997719638388965,0.0
2313049,6,IDFM:21920,IDFM:463313,144,0.06544208516633286,0.0
2313050,6,IDFM:463261,IDFM:24114,213,0.025922181212714692,0.0
2313051,6,IDFM:24141,IDFM:24123,370,0.33422316560070797,0.0
2313052,6,IDFM:22401,IDFM:463324,12,0.011524655719586902,0.0
2313053,6,IDFM:21966,IDFM:monomodalStopPlace:45102,420,0.514562837672197,0.0
2313054,6,IDFM:monomodalStopPlace:415093,IDFM:22078,240,0.1640198063081132,0.0
2313055,6,IDFM:471064,IDFM:463066,381,0.3445200079397417,0.0
2313056,6,IDFM:462980,IDFM:22143,108,0.03706546844503594,0.0
2313057,6,IDFM:463160,IDFM:463060,264,0.22406905109901773,0.0
2313058,6,IDFM:22166,IDFM:462947,79,0.045179282743350375,0.0
2313059,6,IDFM:28866,IDFM:28867,12,0.01129808146595559,0.0
2313060,6,IDFM:478661,IDFM:478664,10,0.009199591109994553,0.0
2313061,6,IDFM:463061,IDFM:22087,358,0.3232487161508659,0.0
2313062,6,IDFM:463018,IDFM:22010,11,0.010530873827262628,0.0
2313063,6,IDFM:478995,IDFM:478991,11,0.010590098048233701,0.0
2313064,6,IDFM:463160,IDFM:463159,420,0.17495725397424397,0.0
2313065,6,IDFM:462436,IDFM:462446,30,0.02775227116547664,0.0
2313066,6,IDFM:479009,IDFM:479008,10,0.009801483772933087,0.0
2313067,6,IDFM:463201,IDFM:463202,180,0.02418824723025467,0.0
2313068,6,IDFM:24108,IDFM:463051,243,0.09518318190029652,0.0
2313069,6,IDFM:2344,IDFM:486812,132,0.11985746905736812,0.0
2313070,6,IDFM:422040,IDFM:422039,27,0.02522738943301448,0.0
2313071,6,IDFM:42115,IDFM:42111,361,0.3266238718601071,0.0
2313072,6,IDFM:460547,IDFM:24118,130,0.11801353135335435,0.0
2313073,6,IDFM:21926,IDFM:463188,12,0.011726354246555621,0.0
2313074,6,IDFM:471473,IDFM:471646,34,0.030786911568958394,0.0
2313075,6,IDFM:42112,IDFM:472986,163,0.14781800557079705,0.0
2313076,6,IDFM:22085,IDFM:463151,180,0.2274263295827725,0.0
2313077,6,IDFM:462947,IDFM:22039,21,0.019025838178926703,0.0
2313078,6,IDFM:463157,IDFM:22366,345,0.3119254361211646,0.0
2313079,6,IDFM:479384,IDFM:monomodalStopPlace:43251,217,0.11780546245912178,0.0
2313080,6,IDFM:22073,IDFM:22080,90,0.061710345710316764,0.0
2313081,6,IDFM:463051,IDFM:24108,243,0.09518318190029652,0.0
2313082,6,IDFM:463022,IDFM:22148,13,0.012511581184627215,0.0
2313083,6,IDFM:462946,IDFM:22199,180,0.0975072874771263,0.0
2313084,6,IDFM:monomodalStopPlace:58566,IDFM:471064,66,0.05987165456485388,0.0
2313085,6,IDFM:22221,IDFM:463260,14,0.01299182878822071,0.0
2313086,6,IDFM:22077,IDFM:460563,226,0.14083132486033106,0.0
2313087,6,IDFM:monomodalStopPlace:473875,IDFM:462943,230,0.08304710642031797,0.0
2313088,6,IDFM:463246,IDFM:22381,150,0.18960797623599665,0.0
2313089,6,IDFM:486826,IDFM:486845,7,0.0069952496334123844,0.0
2313090,6,IDFM:463023,IDFM:21967,129,0.07696447917783726,0.0
2313091,6,IDFM:463010,IDFM:463011,106,0.056074069308550765,0.0
2313092,6,IDFM:21999,IDFM:463223,13,0.011740327435426422,0.0
2313093,6,IDFM:22184,IDFM:463168,0,0.0,0.0
2313094,6,IDFM:471553,IDFM:monomodalStopPlace:46984,5,0.004910048787744344,0.0
2313095,6,IDFM:22031,IDFM:463240,310,0.28063107230491163,0.0
2313096,6,IDFM:471320,IDFM:monomodalStopPlace:411498,24,0.021708951318300036,0.0
2313097,6,IDFM:490892,IDFM:monomodalStopPlace:415093,60,0.0693895476004808,0.0
2313098,6,IDFM:42113,IDFM:42115,343,0.30971095507781166,0.0
2313099,6,IDFM:472142,IDFM:22032,303,0.27416187572658357,0.0
2313100,6,IDFM:monomodalStopPlace:46832,IDFM:471264,44,0.04028756499624433,0.0
2313101,6,IDFM:22163,IDFM:463314,10,0.009624445488926492,0.0
2313102,6,IDFM:463148,IDFM:22152,30,0.02766004986731959,0.0
2313103,6,IDFM:463250,IDFM:22019,12,0.010906745311609003,0.0
2313104,6,IDFM:42125,IDFM:42117,14,0.012664554544027594,0.0
2313105,6,IDFM:481072,IDFM:480906,11,0.010319800591541337,0.0
2313106,6,IDFM:463282,IDFM:24418,360,0.23437364631273827,0.0
2313107,6,IDFM:21924,IDFM:474397,56,0.05709130486543161,0.0
2313108,6,IDFM:462963,IDFM:21918,23,0.021438364687208004,0.0
2313109,6,IDFM:471077,IDFM:463023,350,0.3165169296173678,0.0
2313110,6,IDFM:22155,IDFM:463291,90,0.019560395129093393,0.0
2313111,6,IDFM:35946,IDFM:463269,217,0.07959769432132145,0.0
2313112,6,IDFM:21964,IDFM:462971,253,0.2651685539018309,0.0
2313113,6,IDFM:490879,IDFM:490881,14,0.013087723077670112,0.0
2313114,6,IDFM:486828,IDFM:486844,15,0.013990509293140113,0.0
2313115,6,IDFM:35939,IDFM:29901,339,0.3061003985423092,0.0
2313116,6,IDFM:22081,IDFM:463249,373,0.3372583474163061,0.0
2313117,6,IDFM:486888,IDFM:486886,9,0.008286782652440183,0.0
2313118,6,IDFM:21937,IDFM:21918,180,0.15804450337884862,0.0
2313119,6,IDFM:470966,IDFM:monomodalStopPlace:43106,25,0.02333185414950938,0.0
2313120,6,IDFM:24123,IDFM:24124,357,0.32276059026531706,0.0
2313121,6,IDFM:22183,IDFM:463194,180,0.09638050727844824,0.0
2313122,6,IDFM:463150,IDFM:463151,180,0.23019227531607114,0.0
2313123,6,IDFM:22180,IDFM:463114,0,0.0,0.0
2313124,6,IDFM:462996,IDFM:462955,367,0.3509325395244747,0.0
2313125,6,IDFM:22030,IDFM:463244,180,0.13228884772418045,0.0
2313126,6,IDFM:486820,IDFM:486848,9,0.008286172823670694,0.0
2313127,6,IDFM:463291,IDFM:22155,90,0.019560395129093393,0.0
2313128,6,IDFM:21979,IDFM:463315,13,0.01222882955786911,0.0
2313129,6,IDFM:463037,IDFM:463036,180,0.07770253256307753,0.0
2313130,6,IDFM:21903,IDFM:462962,180,0.08681324533754013,0.0
2313131,6,IDFM:22095,IDFM:463013,208,0.18817778151214565,0.0
2313132,6,IDFM:24394,IDFM:24405,15,0.014010398672343605,0.0
2313133,6,IDFM:22388,IDFM:22030,347,0.3135548618084394,0.0
2313134,6,IDFM:22200,IDFM:22201,301,0.2726012511134814,0.0
2313135,6,IDFM:462981,IDFM:22118,10,0.009746366728635054,0.0
2313136,6,IDFM:22224,IDFM:21924,71,0.05864904371089665,0.0
2313137,6,IDFM:472147,IDFM:monomodalStopPlace:43071,252,0.1168297533423823,0.0
2313138,6,IDFM:24122,IDFM:24119,15,0.014377858924143248,0.0
2313139,6,IDFM:463151,IDFM:22085,180,0.2274263295827725,0.0
2313140,6,IDFM:22181,IDFM:22184,180,0.057300896703402986,0.0
2313141,6,IDFM:monomodalStopPlace:46990,IDFM:480908,189,0.17147182375540937,0.0
2313142,6,IDFM:21946,IDFM:463071,14,0.012827084829693379,0.0
2313143,6,IDFM:463254,IDFM:24682,80,0.03136703010554525,0.0
2313144,6,IDFM:462976,IDFM:490794,840,0.2760567957204346,0.0
2313145,6,IDFM:22149,IDFM:monomodalStopPlace:58572,240,0.23213958037767035,0.0
2313146,6,IDFM:486834,IDFM:486841,6,0.005744292125061487,0.0
2313147,6,IDFM:463083,IDFM:463084,151,0.14770500255442917,0.0
2313148,6,IDFM:463173,IDFM:21970,348,0.3148937717316661,0.0
2313149,6,IDFM:25642,IDFM:463193,260,0.11079343401817421,0.0
2313150,6,IDFM:22080,IDFM:463067,102,0.12095756549438541,0.0
2313151,6,IDFM:monomodalStopPlace:411501,IDFM:472678,8,0.007474011770528582,0.0
2313152,6,IDFM:472273,IDFM:462970,348,0.3145834563352264,0.0
2313153,6,IDFM:463074,IDFM:21952,169,0.12106658389792241,0.0
2313154,6,IDFM:22038,IDFM:462954,264,0.3317676005616377,0.0
2313155,6,IDFM:22385,IDFM:490841,180,0.12688739411193908,0.0
2313156,6,IDFM:478991,IDFM:478995,11,0.010590098048233701,0.0
2313157,6,IDFM:478996,IDFM:478993,11,0.010262636773753525,0.0
2313158,6,IDFM:22091,IDFM:21990,144,0.12972335084583758,0.0
2313159,6,IDFM:22237,IDFM:2336,220,0.10522877349124188,0.0
2313160,6,IDFM:471199,IDFM:471363,19,0.017223534402046724,0.0
2313161,6,IDFM:24681,IDFM:463033,76,0.06911241488025989,0.0
2313162,6,IDFM:22072,IDFM:463028,90,0.07188983037154417,0.0
2313163,6,IDFM:monomodalStopPlace:43238,IDFM:462954,240,0.614331478548744,0.0
2313164,6,IDFM:monomodalStopPlace:58498,IDFM:24530,343,0.14917836731141126,0.0
2313165,6,IDFM:462946,IDFM:21937,180,0.10259807974309966,0.0
2313166,6,IDFM:24120,IDFM:24106,374,0.3380990141041908,0.0
2313167,6,IDFM:monomodalStopPlace:43157,IDFM:471958,57,0.05153610881125525,0.0
2313168,6,IDFM:472625,IDFM:471925,76,0.0692619769352341,0.0
2313169,6,IDFM:462963,IDFM:462961,117,0.08001704008256677,0.0
2313170,6,IDFM:463239,IDFM:21904,82,0.03869542250095527,0.0
2313171,6,IDFM:24129,IDFM:24128,12,0.01090712664063294,0.0
2313172,6,IDFM:472290,IDFM:472271,14,0.012697299235781145,0.0
2313173,6,IDFM:21998,IDFM:463111,145,0.04465134059346058,0.0
2313174,6,IDFM:22092,IDFM:463158,13,0.012177084179662371,0.0
2313175,6,IDFM:22190,IDFM:463163,322,0.291573894960277,0.0
2313176,6,IDFM:463249,IDFM:22081,373,0.3372583474163061,0.0
2313177,6,IDFM:28852,IDFM:28859,366,0.3304731797163164,0.0
2313178,6,IDFM:monomodalStopPlace:45301,IDFM:463112,240,0.1712579704117806,0.0
2313179,6,IDFM:463003,IDFM:22006,90,0.03829256244923611,0.0
2313180,6,IDFM:21926,IDFM:462971,347,0.31336336360428774,0.0
2313181,6,IDFM:463162,IDFM:22190,17,0.015392790806777492,0.0
2313182,6,IDFM:463240,IDFM:22031,310,0.28063107230491163,0.0
2313183,6,IDFM:483277,IDFM:483313,7,0.0069755721895719686,0.0
2313184,6,IDFM:463093,IDFM:22127,111,0.08521691903916609,0.0
2313185,6,IDFM:478997,IDFM:478976,366,0.33059480119885903,0.0
2313186,6,IDFM:471077,IDFM:471335,180,0.16307970870249106,0.0
2313187,6,IDFM:471550,IDFM:471867,25,0.023039451829020216,0.0
2313188,6,IDFM:490896,IDFM:463228,363,0.32815748971857195,0.0
2313189,6,IDFM:462436,IDFM:22220,237,0.05157800832052836,0.0
2313190,6,IDFM:monomodalStopPlace:43198,IDFM:481067,180,0.3653644843930192,0.0
2313191,6,IDFM:490852,IDFM:490833,7,0.0069760168772965096,0.0
2313192,6,IDFM:22199,IDFM:21903,180,0.07546063734507732,0.0
2313193,6,IDFM:21998,IDFM:463110,13,0.011831460566598125,0.0
2313194,6,IDFM:22073,IDFM:monomodalStopPlace:473875,200,0.04376495157347173,0.0
2313195,6,IDFM:21938,IDFM:23444,480,0.4419989379502732,0.0
2313196,6,IDFM:490841,IDFM:24106,335,0.3029136590852101,0.0
2313197,6,IDFM:471462,IDFM:monomodalStopPlace:47910,61,0.05581895700742282,0.0
2313198,6,IDFM:463259,IDFM:21914,24,0.02216959963749981,0.0
2313199,6,IDFM:463256,IDFM:490876,240,0.3208390107428895,0.0
2313200,6,IDFM:22083,IDFM:21958,240,0.21999613167781398,0.0
2313201,6,IDFM:478658,IDFM:478653,12,0.011487631329156762,0.0
2313202,6,IDFM:23306,IDFM:24424,10,0.009264627677482233,0.0
2313203,6,IDFM:462972,IDFM:472142,317,0.28659857337857547,0.0
2313204,6,IDFM:monomodalStopPlace:45873,IDFM:463246,240,0.1636877456698836,0.0
2313205,6,IDFM:22185,IDFM:monomodalStopPlace:470540,240,0.37350054453874426,0.0
2313206,6,IDFM:22014,IDFM:463002,5,0.005273831773201256,0.0
2313207,6,IDFM:22054,IDFM:463065,0,0.0,0.0
2313208,6,IDFM:490772,IDFM:monomodalStopPlace:42356,240,0.07867737393209061,0.0
2313209,6,IDFM:480541,IDFM:463278,180,0.013455589595859036,0.0
2313210,6,IDFM:463264,IDFM:22159,180,0.016362635882014444,0.0
2313211,6,IDFM:463279,IDFM:24408,224,0.06341641402696048,0.0
2313212,6,IDFM:25637,IDFM:25636,6,0.005744247634966784,0.0
2313213,6,IDFM:22081,IDFM:463218,9,0.008754301608878133,0.0
2313214,6,IDFM:463054,IDFM:463059,110,0.04326201366918399,0.0
2313215,6,IDFM:463096,IDFM:22002,12,0.01169480113126337,0.0
2313216,6,IDFM:42124,IDFM:42119,13,0.012203378918571248,0.0
2313217,6,IDFM:463141,IDFM:21984,0,0.0,0.0
2313218,6,IDFM:21904,IDFM:21923,51,0.040740149873786685,0.0
2313219,6,IDFM:463159,IDFM:21966,420,0.25902604533482254,0.0
2313220,6,IDFM:479002,IDFM:479003,9,0.008737264207639534,0.0
2313221,6,IDFM:28851,IDFM:28860,8,0.008025961134760645,0.0
2313222,6,IDFM:monomodalStopPlace:470195,IDFM:21958,180,0.34132595685092665,0.0
2313223,6,IDFM:35937,IDFM:35941,10,0.009173936154548768,0.0
2313224,6,IDFM:463068,IDFM:463240,321,0.29050276292888433,0.0
2313225,6,IDFM:492974,IDFM:473827,4,0.004138545662930402,0.0
2313226,6,IDFM:21978,IDFM:462995,91,0.097299243401621,0.0
2313227,6,IDFM:21926,IDFM:monomodalStopPlace:45873,264,0.23858993770963427,0.0
2313228,6,IDFM:422037,IDFM:422038,16,0.015301404191932013,0.0
2313229,6,IDFM:21902,IDFM:21918,137,0.10377837538560275,0.0
2313230,6,IDFM:471383,IDFM:monomodalStopPlace:59302,97,0.08832701197804681,0.0
2313231,6,IDFM:monomodalStopPlace:473875,IDFM:462942,153,0.0954582795960479,0.0
2313232,6,IDFM:463193,IDFM:22101,9,0.008370139095215615,0.0
2313233,6,IDFM:462969,IDFM:472273,365,0.329797914008683,0.0
2313234,6,IDFM:462962,IDFM:21902,180,0.10278242707429219,0.0
2313235,6,IDFM:22218,IDFM:21962,180,0.06173483128518761,0.0
2313236,6,IDFM:22380,IDFM:490841,312,0.28169726349446234,0.0
2313237,6,IDFM:472363,IDFM:monomodalStopPlace:43071,242,0.07208786193722246,0.0
2313238,6,IDFM:478990,IDFM:478982,4,0.0036273832030224652,0.0
2313239,6,IDFM:monomodalStopPlace:47954,IDFM:481072,68,0.06151405645305878,0.0
2313240,6,IDFM:462973,IDFM:22132,172,0.04471179995397826,0.0
2313241,6,IDFM:22080,IDFM:21919,166,0.17387189593344532,0.0
2313242,6,IDFM:462438,IDFM:462445,16,0.014962292453318836,0.0
2313243,6,IDFM:462972,IDFM:21963,180,0.09479112614724061,0.0
2313244,6,IDFM:22127,IDFM:463093,91,0.08521691903916609,0.0
2313245,6,IDFM:463160,IDFM:monomodalStopPlace:44877,780,0.757283249182481,0.0
2313246,6,IDFM:463276,IDFM:22022,30,0.027602427589872566,0.0
2313247,6,IDFM:21910,IDFM:463299,14,0.01269447227505742,0.0
2313248,6,IDFM:463116,IDFM:463089,353,0.3192000099612792,0.0
2313249,6,IDFM:463284,IDFM:22375,180,0.02866390138242688,0.0
2313250,6,IDFM:463066,IDFM:471064,381,0.3445200079397417,0.0
2313251,6,IDFM:472652,IDFM:monomodalStopPlace:411511,7,0.0064152283863090215,0.0
2313252,6,IDFM:463048,IDFM:463309,300,0.27128448172299613,0.0
2313253,6,IDFM:490876,IDFM:490878,24,0.022057840808136074,0.0
2313254,6,IDFM:490770,IDFM:490792,8,0.007350236215273517,0.0
2313255,6,IDFM:463183,IDFM:471607,272,0.2458283549631382,0.0
2313256,6,IDFM:22381,IDFM:463245,12,0.011599169414735995,0.0
2313257,6,IDFM:463067,IDFM:462942,122,0.06727561161713688,0.0
2313258,6,IDFM:490890,IDFM:22023,120,0.03245127922967705,0.0
2313259,6,IDFM:25631,IDFM:463261,220,0.09589940479167812,0.0
2313260,6,IDFM:463018,IDFM:22097,180,0.06168144613018576,0.0
2313261,6,IDFM:460561,IDFM:36482,13,0.012380999290746784,0.0
2313262,6,IDFM:463171,IDFM:463208,315,0.2844471740449482,0.0
2313263,6,IDFM:471264,IDFM:monomodalStopPlace:46832,44,0.04028756499624433,0.0
2313264,6,IDFM:22149,IDFM:462982,600,0.7057221567944784,0.0
2313265,6,IDFM:22057,IDFM:463164,12,0.011076760050373648,0.0
2313266,6,IDFM:22059,IDFM:463088,309,0.27984098617397396,0.0
2313267,6,IDFM:monomodalStopPlace:411396,IDFM:472290,36,0.03283494854372664,0.0
2313268,6,IDFM:470761,IDFM:monomodalStopPlace:43157,29,0.026230779938405047,0.0
2313269,6,IDFM:463003,IDFM:463025,51,0.04630056691438555,0.0
2313270,6,IDFM:463228,IDFM:490896,363,0.32815748971857195,0.0
2313271,6,IDFM:22388,IDFM:463144,119,0.046135078831612844,0.0
2313272,6,IDFM:463316,IDFM:21903,273,0.2469883432692675,0.0
2313273,6,IDFM:463113,IDFM:22125,0,0.0,0.0
2313274,6,IDFM:22101,IDFM:monomodalStopPlace:470549,240,0.11860685785136231,0.0
2313275,6,IDFM:480286,IDFM:monomodalStopPlace:45493,240,0.19206635539458816,0.0
2313276,6,IDFM:463253,IDFM:22115,149,0.08543188574236266,0.0
2313277,6,IDFM:463277,IDFM:22207,376,0.3397409351785847,0.0
2313278,6,IDFM:monomodalStopPlace:43157,IDFM:470761,29,0.026230779938405047,0.0
2313279,6,IDFM:22386,IDFM:463077,78,0.04327971733504519,0.0
2313280,6,IDFM:41852,IDFM:2329,14,0.013110429424072752,0.0
2313281,6,IDFM:463218,IDFM:22376,369,0.33378698063302775,0.0
2313282,6,IDFM:462969,IDFM:462970,149,0.2409352766188502,0.0
2313283,6,IDFM:463202,IDFM:22183,180,0.006149865264890291,0.0
2313284,6,IDFM:462947,IDFM:462948,103,0.04375854727237385,0.0
2313285,6,IDFM:462962,IDFM:22199,13,0.012118753246434572,0.0
2313286,6,IDFM:463198,IDFM:monomodalStopPlace:470540,240,0.37721458291825716,0.0
2313287,6,IDFM:22079,IDFM:463227,8,0.007271185832641542,0.0
2313288,6,IDFM:472920,IDFM:monomodalStopPlace:43077,226,0.0960819648477234,0.0
2313289,6,IDFM:463173,IDFM:22056,18,0.01646338845441671,0.0
2313290,6,IDFM:monomodalStopPlace:411317,IDFM:471709,2,0.0018167293634450729,0.0
2313291,6,IDFM:471607,IDFM:463182,234,0.21175591583811362,0.0
2313292,6,IDFM:472142,IDFM:monomodalStopPlace:58566,80,0.07230301938578979,0.0
2313293,6,IDFM:41856,IDFM:41855,13,0.012428370134843358,0.0
2313294,6,IDFM:472273,IDFM:463069,326,0.29452135247769873,0.0
2313295,6,IDFM:22162,IDFM:463201,180,0.12933806849766755,0.0
2313296,6,IDFM:monomodalStopPlace:43198,IDFM:480904,180,0.3652275673059794,0.0
2313297,6,IDFM:22111,IDFM:monomodalStopPlace:45437,240,0.3112990490291208,0.0
2313298,6,IDFM:24123,IDFM:24141,370,0.33422316560070797,0.0
2313299,6,IDFM:462972,IDFM:462970,180,0.06453842630133261,0.0
2313300,6,IDFM:494486,IDFM:480908,2,0.0025700395218779485,0.0
2313301,6,IDFM:21911,IDFM:462970,480,0.3210001397831873,0.0
2313302,6,IDFM:monomodalStopPlace:487011,IDFM:monomodalStopPlace:43169,300,0.37102541412997225,0.0
2313303,6,IDFM:22096,IDFM:463150,180,0.21954303874090186,0.0
2313304,6,IDFM:monomodalStopPlace:43106,IDFM:470966,25,0.02333185414950938,0.0
2313305,6,IDFM:463001,IDFM:monomodalStopPlace:470519,240,0.3468331116424794,0.0
2313306,6,IDFM:463059,IDFM:463054,110,0.04326201366918399,0.0
2313307,6,IDFM:21937,IDFM:462962,180,0.15438546132203265,0.0
2313308,6,IDFM:24398,IDFM:monomodalStopPlace:43176,482,0.5044814015135154,0.0
2313309,6,IDFM:462969,IDFM:463300,480,0.5553279295903448,0.0
2313310,6,IDFM:463063,IDFM:21961,180,0.11567505563835043,0.0
2313311,6,IDFM:486962,IDFM:486960,8,0.008109429912197286,0.0
2313312,6,IDFM:463042,IDFM:22094,73,0.1867432777234701,0.0
2313313,6,IDFM:23297,IDFM:23304,10,0.009481100703117449,0.0
2313314,6,IDFM:486892,IDFM:486894,17,0.016219125557081365,0.0
2313315,6,IDFM:22181,IDFM:463169,14,0.013225682608806754,0.0
2313316,6,IDFM:22024,IDFM:463037,353,0.31942226412767466,0.0
2313317,6,IDFM:463122,IDFM:21997,119,0.04294586340871687,0.0
2313318,6,IDFM:463159,IDFM:463160,180,0.17495725397424397,0.0
2313319,6,IDFM:462975,IDFM:478395,3,0.003449901788469539,0.0
2313320,6,IDFM:22381,IDFM:monomodalStopPlace:45873,300,0.3508518181975762,0.0
2313321,6,IDFM:463132,IDFM:24685,2,0.0022932642200615932,0.0
2313322,6,IDFM:22229,IDFM:463083,9,0.008736835852039436,0.0
2313323,6,IDFM:24530,IDFM:monomodalStopPlace:58498,343,0.14917836731141126,0.0
2313324,6,IDFM:22147,IDFM:monomodalStopPlace:45102,334,0.3016391573074859,0.0
2313325,6,IDFM:42120,IDFM:463301,225,0.09940021275510313,0.0
2313326,6,IDFM:21931,IDFM:463180,11,0.010739444646489226,0.0
2313327,6,IDFM:22117,IDFM:463068,321,0.29050276292888433,0.0
2313328,6,IDFM:2272,IDFM:monomodalStopPlace:462398,300,0.04801840812052105,0.0
2313329,6,IDFM:21906,IDFM:21963,345,0.3120545048706021,0.0
2313330,6,IDFM:463022,IDFM:22013,99,0.020820479909419105,0.0
2313331,6,IDFM:463159,IDFM:21959,14,0.012643165130462947,0.0
2313332,6,IDFM:462966,IDFM:22139,351,0.3169171249085447,0.0
2313333,6,IDFM:471064,IDFM:462972,313,0.282577901533594,0.0
2313334,6,IDFM:463201,IDFM:21969,180,0.006030286530988597,0.0
2313335,6,IDFM:478979,IDFM:24126,180,0.11208243982860899,0.0
2313336,6,IDFM:25636,IDFM:25637,6,0.005744247634966784,0.0
2313337,6,IDFM:22165,IDFM:463101,24,0.021907359474156583,0.0
2313338,6,IDFM:22002,IDFM:21910,290,0.2626811522992317,0.0
2313339,6,IDFM:24432,IDFM:23433,12,0.01169468896744906,0.0
2313340,6,IDFM:21916,IDFM:463325,19,0.017517294903314815,0.0
2313341,6,IDFM:463202,IDFM:21969,20,0.018322453184420127,0.0
2313342,6,IDFM:463125,IDFM:463039,290,0.2618556569403875,0.0
2313343,6,IDFM:480940,IDFM:481070,11,0.010383372140061265,0.0
2313344,6,IDFM:22049,IDFM:463308,199,0.18043485106037369,0.0
2313345,6,IDFM:463108,IDFM:22142,377,0.3405578403551259,0.0
2313346,6,IDFM:monomodalStopPlace:411405,IDFM:472518,27,0.024925444559759938,0.0
2313347,6,IDFM:21932,IDFM:22195,367,0.33174828485985747,0.0
2313348,6,IDFM:490793,IDFM:monomodalStopPlace:42356,240,0.07421150201822319,0.0
2313349,6,IDFM:monomodalStopPlace:43106,IDFM:472416,25,0.023331856685622907,0.0
2313350,6,IDFM:480340,IDFM:monomodalStopPlace:45493,240,0.20668263495469083,0.0
2313351,6,IDFM:29379,IDFM:22374,203,0.07229694853972553,0.0
2313352,6,IDFM:462969,IDFM:462972,180,0.2898000472037019,0.0
2313353,6,IDFM:470860,IDFM:monomodalStopPlace:43157,53,0.04814012904965005,0.0
2313354,6,IDFM:22114,IDFM:463088,10,0.009822008717133204,0.0
2313355,6,IDFM:25638,IDFM:25635,14,0.012991783549181634,0.0
2313356,6,IDFM:35927,IDFM:29894,11,0.010574219609143726,0.0
2313357,6,IDFM:monomodalStopPlace:44877,IDFM:21959,780,0.837443716549534,0.0
2313358,6,IDFM:470833,IDFM:22367,214,0.19359014330187063,0.0
2313359,6,IDFM:monomodalStopPlace:58566,IDFM:462972,240,0.23465195691070842,0.0
2313360,6,IDFM:463183,IDFM:22119,420,0.6836116064961026,0.0
2313361,6,IDFM:22085,IDFM:22096,180,0.21668270403054532,0.0
2313362,6,IDFM:22193,IDFM:22185,180,0.1455738273077775,0.0
2313363,6,IDFM:471958,IDFM:472217,91,0.08227443550579869,0.0
2313364,6,IDFM:22225,IDFM:monomodalStopPlace:58566,342,0.3089535594278619,0.0
2313365,6,IDFM:463234,IDFM:21974,31,0.02877298675124765,0.0
2313366,6,IDFM:24424,IDFM:23306,10,0.009264627677482233,0.0
2313367,6,IDFM:478983,IDFM:monomodalStopPlace:46298,358,0.23611369412843158,0.0
2313368,6,IDFM:monomodalStopPlace:45346,IDFM:462958,240,0.13742785043289754,0.0
2313369,6,IDFM:24423,IDFM:24403,15,0.014185545798479634,0.0
2313370,6,IDFM:463246,IDFM:463144,322,0.29093195077673384,0.0
2313371,6,IDFM:22150,IDFM:463161,12,0.010960933731223164,0.0
2313372,6,IDFM:490553,IDFM:28846,12,0.010880412101341535,0.0
2313373,6,IDFM:35938,IDFM:35943,11,0.010263064738325577,0.0
2313374,6,IDFM:22086,IDFM:22095,20,0.1789418060212447,0.0
2313375,6,IDFM:monomodalStopPlace:43121,IDFM:471744,3,0.0028795421888005244,0.0
2313376,6,IDFM:481038,IDFM:480942,14,0.013076030524230689,0.0
2313377,6,IDFM:21966,IDFM:463079,12,0.011352350512998644,0.0
2313378,6,IDFM:462995,IDFM:21978,91,0.097299243401621,0.0
2313379,6,IDFM:monomodalStopPlace:45301,IDFM:24123,180,0.5191672290596724,0.0
2313380,6,IDFM:22194,IDFM:463081,180,0.09365175627572415,0.0
2313381,6,IDFM:24117,IDFM:22380,206,0.04714077265286009,0.0
2313382,6,IDFM:22073,IDFM:462942,200,0.13871648669481756,0.0
2313383,6,IDFM:22199,IDFM:21918,180,0.016240038080182848,0.0
2313384,6,IDFM:monomodalStopPlace:470519,IDFM:471604,66,0.0598471136482489,0.0
2313385,6,IDFM:463011,IDFM:22093,8,0.008026510125397759,0.0
2313386,6,IDFM:472271,IDFM:472290,14,0.012697299235781145,0.0
2313387,6,IDFM:21937,IDFM:21903,180,0.06776573614760627,0.0
2313388,6,IDFM:463188,IDFM:21964,274,0.2478423746238428,0.0
2313389,6,IDFM:472325,IDFM:472308,13,0.012427915177403274,0.0
2313390,6,IDFM:463260,IDFM:24129,236,0.15252592298606196,0.0
2313391,6,IDFM:21784,IDFM:463057,2,0.002565713457059895,0.0
2313392,6,IDFM:25631,IDFM:24111,120,0.13225816318469985,0.0
2313393,6,IDFM:monomodalStopPlace:46689,IDFM:422039,194,0.08771017948519608,0.0
2313394,6,IDFM:463028,IDFM:monomodalStopPlace:473875,200,0.04573070425788345,0.0
2313395,6,IDFM:21983,IDFM:22137,372,0.3363713067724114,0.0
2313396,6,IDFM:463286,IDFM:22020,12,0.011633042792401776,0.0
2313397,6,IDFM:463030,IDFM:478980,248,0.08334111830996543,0.0
2313398,6,IDFM:monomodalStopPlace:43224,IDFM:22105,600,0.38879027141461664,0.0
2313399,6,IDFM:478986,IDFM:monomodalStopPlace:43110,480,0.45589820130847347,0.0
2313400,6,IDFM:471335,IDFM:471473,202,0.18302927103505695,0.0
2313401,6,IDFM:22095,IDFM:463042,28,0.026176796534387488,0.0
2313402,6,IDFM:21987,IDFM:463124,11,0.010576783107826707,0.0
2313403,6,IDFM:21977,IDFM:462959,29,0.02690463769127821,0.0
2313404,6,IDFM:monomodalStopPlace:412743,IDFM:42122,324,0.20872964544084913,0.0
2313405,6,IDFM:462943,IDFM:21919,136,0.16238498129260193,0.0
2313406,6,IDFM:462439,IDFM:462951,381,0.344475870857391,0.0
2313407,6,IDFM:24101,IDFM:463261,374,0.3380775795299418,0.0
2313408,6,IDFM:470833,IDFM:22007,271,0.24495619187341364,0.0
2313409,6,IDFM:463014,IDFM:monomodalStopPlace:46007,900,0.9690519467107915,0.0
2313410,6,IDFM:22030,IDFM:463246,12,0.011529418473275129,0.0
2313411,6,IDFM:21975,IDFM:21983,335,0.3032166548963354,0.0
2313412,6,IDFM:24401,IDFM:24402,11,0.010600511923202386,0.0
2313413,6,IDFM:463261,IDFM:25631,220,0.09589940479167812,0.0
2313414,6,IDFM:462961,IDFM:462946,139,0.06878238082385865,0.0
2313415,6,IDFM:462963,IDFM:462960,180,0.14097451623399498,0.0
2313416,6,IDFM:463202,IDFM:22162,167,0.10840518735709204,0.0
2313417,6,IDFM:462998,IDFM:463306,379,0.34257183015936904,0.0
2313418,6,IDFM:22001,IDFM:463008,184,0.13360674902636654,0.0
2313419,6,IDFM:24135,IDFM:463050,208,0.014539518784824923,0.0
2313420,6,IDFM:463018,IDFM:22089,100,0.15947445050314576,0.0
2313421,6,IDFM:21920,IDFM:463312,180,0.015987199541342756,0.0
2313422,6,IDFM:472945,IDFM:monomodalStopPlace:479059,74,0.06762737021794535,0.0
2313423,6,IDFM:24128,IDFM:24129,12,0.01090712664063294,0.0
2313424,6,IDFM:22032,IDFM:463069,10,0.00980053105460972,0.0
2313425,6,IDFM:22038,IDFM:monomodalStopPlace:43238,420,0.9424295096529928,0.0
2313426,6,IDFM:463080,IDFM:21990,172,0.13290245391714262,0.0
2313427,6,IDFM:23436,IDFM:monomodalStopPlace:47412,305,0.2758612511861233,0.0
2313428,6,IDFM:463300,IDFM:22218,480,0.313176473430928,0.0
2313429,6,IDFM:21990,IDFM:463160,368,0.3327809198302744,0.0
2313430,6,IDFM:463110,IDFM:21998,13,0.011831460566598125,0.0
2313431,6,IDFM:28859,IDFM:28854,369,0.33311989338682907,0.0
2313432,6,IDFM:463010,IDFM:22093,95,0.05045829639280378,0.0
2313433,6,IDFM:22045,IDFM:463311,3,0.003248036861365288,0.0
2313434,6,IDFM:472316,IDFM:472197,10,0.00945672351743485,0.0
2313435,6,IDFM:490833,IDFM:490852,7,0.0069760168772965096,0.0
2313436,6,IDFM:472648,IDFM:470808,17,0.015390837679191617,0.0
2313437,6,IDFM:483313,IDFM:483277,7,0.0069755721895719686,0.0
2313438,6,IDFM:479491,IDFM:471982,13,0.012209092180747005,0.0
2313439,6,IDFM:22087,IDFM:463160,6,0.005744101863164546,0.0
2313440,6,IDFM:22084,IDFM:463185,10,0.009822106490880448,0.0
2313441,6,IDFM:462965,IDFM:463308,313,0.28268246640821276,0.0
2313442,6,IDFM:490878,IDFM:463256,180,0.3008447989922779,0.0
2313443,6,IDFM:472543,IDFM:471399,294,0.2661793644209527,0.0
2313444,6,IDFM:monomodalStopPlace:43078,IDFM:472969,252,0.1366765515740735,0.0
2313445,6,IDFM:monomodalStopPlace:58718,IDFM:21964,300,0.13397700601159276,0.0
2313446,6,IDFM:490886,IDFM:490884,14,0.012826942892161054,0.0
2313447,6,IDFM:21919,IDFM:462942,13,0.012206768831465686,0.0
2313448,6,IDFM:470833,IDFM:463183,299,0.2699255944662089,0.0
2313449,6,IDFM:462970,IDFM:21962,180,0.053962673920695835,0.0
2313450,6,IDFM:471001,IDFM:monomodalStopPlace:43121,9,0.008293622031627585,0.0
2313451,6,IDFM:463007,IDFM:29379,191,0.08329283342061994,0.0
2313452,6,IDFM:monomodalStopPlace:45453,IDFM:21929,180,0.15411922552965,0.0
2313453,6,IDFM:21964,IDFM:21962,180,0.27989556306588725,0.0
2313454,6,IDFM:479012,IDFM:479010,9,0.008737422085056215,0.0
2313455,6,IDFM:21962,IDFM:462972,11,0.010584270020767908,0.0
2313456,6,IDFM:22030,IDFM:22388,347,0.3135548618084394,0.0
2313457,6,IDFM:463258,IDFM:22023,27,0.0246790801108293,0.0
2313458,6,IDFM:471363,IDFM:monomodalStopPlace:43134,8,0.007326102377759211,0.0
2313459,6,IDFM:22094,IDFM:monomodalStopPlace:58759,240,0.11587032726923899,0.0
2313460,6,IDFM:463004,IDFM:22169,9,0.008222412838671905,0.0
2313461,6,IDFM:463081,IDFM:22194,180,0.09365175627572415,0.0
2313462,6,IDFM:22218,IDFM:21964,173,0.24317978498028742,0.0
2313463,6,IDFM:463098,IDFM:22167,12,0.01116330798238401,0.0
2313464,6,IDFM:463249,IDFM:463218,370,0.3347681503099583,0.0
2313465,6,IDFM:22112,IDFM:463285,11,0.010323658523075053,0.0
2313466,6,IDFM:463077,IDFM:21984,342,0.3088362956358595,0.0
2313467,6,IDFM:21970,IDFM:463173,348,0.3148937717316661,0.0
2313468,6,IDFM:471604,IDFM:22367,223,0.20166144967160235,0.0
2313469,6,IDFM:462431,IDFM:22141,218,0.06328830316832414,0.0
2313470,6,IDFM:490852,IDFM:monomodalStopPlace:47907,420,0.2019771246906555,0.0
2313471,6,IDFM:463032,IDFM:22001,0,0.0,0.0
2313472,6,IDFM:21926,IDFM:462970,368,0.3329703042082281,0.0
2313473,6,IDFM:463189,IDFM:462971,349,0.31518025058712007,0.0
2313474,6,IDFM:470833,IDFM:471607,29,0.026372580546351852,0.0
2313475,6,IDFM:monomodalStopPlace:43096,IDFM:471982,244,0.22044554078741302,0.0
2313476,6,IDFM:22001,IDFM:22368,126,0.14027867839935626,0.0
2313477,6,IDFM:463013,IDFM:monomodalStopPlace:58759,196,0.14107452682945681,0.0
2313478,6,IDFM:478664,IDFM:478661,10,0.009199591109994553,0.0
2313479,6,IDFM:24124,IDFM:24137,342,0.309016533575088,0.0
2313480,6,IDFM:478653,IDFM:478658,12,0.011487631329156762,0.0
2313481,6,IDFM:2338,IDFM:41670,10,0.00988318251334055,0.0
2313482,6,IDFM:monomodalStopPlace:47907,IDFM:490852,223,0.2019771246906555,0.0
2313483,6,IDFM:460547,IDFM:463092,203,0.07431678996147452,0.0
2313484,6,IDFM:22186,IDFM:22296,480,0.4577357023740054,0.0
2313485,6,IDFM:42103,IDFM:42107,180,0.16272816553800856,0.0
2313486,6,IDFM:462942,IDFM:21919,13,0.012206768831465686,0.0
2313487,6,IDFM:480541,IDFM:462429,203,0.0836370113510691,0.0
2313488,6,IDFM:22040,IDFM:463088,116,0.09012901040441128,0.0
2313489,6,IDFM:471473,IDFM:monomodalStopPlace:43072,104,0.09445468789377519,0.0
2313490,6,IDFM:472765,IDFM:471787,47,0.042777793767891904,0.0
2313491,6,IDFM:472197,IDFM:472316,10,0.00945672351743485,0.0
2313492,6,IDFM:462965,IDFM:22138,327,0.29526953569456865,0.0
2313493,6,IDFM:22146,IDFM:22147,323,0.29166799932914883,0.0
2313494,6,IDFM:22033,IDFM:463090,8,0.007271145753453663,0.0
2313495,6,IDFM:22364,IDFM:monomodalStopPlace:44877,780,0.5701344896596136,0.0
2313496,6,IDFM:monomodalStopPlace:470519,IDFM:470833,58,0.052368857965435854,0.0
2313497,6,IDFM:470928,IDFM:471477,18,0.0167400179997147,0.0
2313498,6,IDFM:monomodalStopPlace:58718,IDFM:462969,300,0.12485508391774394,0.0
2313499,6,IDFM:471607,IDFM:22007,246,0.22223794762278054,0.0
2313500,6,IDFM:21923,IDFM:21904,61,0.040740149873786685,0.0
2313501,6,IDFM:22244,IDFM:462977,10,0.00917287855687822,0.0
2313502,6,IDFM:22200,IDFM:463059,275,0.24893121950002653,0.0
2313503,6,IDFM:21963,IDFM:21906,345,0.3120545048706021,0.0
2313504,6,IDFM:28868,IDFM:28872,5,0.004599487730521022,0.0
2313505,6,IDFM:463021,IDFM:22387,71,0.037132619805652835,0.0
2313506,6,IDFM:22040,IDFM:22114,122,0.09613795916942117,0.0
2313507,6,IDFM:490841,IDFM:22385,180,0.12688739411193908,0.0
2313508,6,IDFM:22302,IDFM:21938,480,0.45509353542334235,0.0
2313509,6,IDFM:monomodalStopPlace:43077,IDFM:42112,367,0.24796357006083003,0.0
2313510,6,IDFM:22018,IDFM:22142,120,0.06418432916182151,0.0
2313511,6,IDFM:22051,IDFM:462965,12,0.01102295678937171,0.0
2313512,6,IDFM:462969,IDFM:21964,13,0.012206466112082892,0.0
2313513,6,IDFM:22015,IDFM:22624,226,0.08162442340715645,0.0
2313514,6,IDFM:462994,IDFM:21973,17,0.015637582471921947,0.0
2313515,6,IDFM:463013,IDFM:463042,234,0.21187283679435534,0.0
2313516,6,IDFM:463199,IDFM:463198,180,0.09513677569841901,0.0
2313517,6,IDFM:41673,IDFM:41674,70,0.06372254001035049,0.0
2313518,6,IDFM:monomodalStopPlace:43251,IDFM:479383,222,0.1250659302377796,0.0
2313519,6,IDFM:463074,IDFM:24680,2,0.002569875620111296,0.0
2313520,6,IDFM:463066,IDFM:472142,374,0.33775550064025817,0.0
2313521,6,IDFM:22218,IDFM:21926,360,0.32558084535391574,0.0
2313522,6,IDFM:25084,IDFM:463125,290,0.2618556569403875,0.0
2313523,6,IDFM:460563,IDFM:24396,120,0.06923855297655973,0.0
2313524,6,IDFM:monomodalStopPlace:58572,IDFM:470833,303,0.2739933191024654,0.0
2313525,6,IDFM:21981,IDFM:463024,113,0.10205987956047954,0.0
2313526,6,IDFM:25633,IDFM:22042,219,0.09709386620835829,0.0
2313527,6,IDFM:478980,IDFM:478979,10,0.009251729745043914,0.0
2313528,6,IDFM:2327,IDFM:2333,13,0.012428480018570094,0.0
2313529,6,IDFM:35941,IDFM:35937,10,0.009173936154548768,0.0
2313530,6,IDFM:463012,IDFM:24396,222,0.13882256218219038,0.0
2313531,6,IDFM:463199,IDFM:22193,77,0.07004509535026707,0.0
2313532,6,IDFM:472184,IDFM:monomodalStopPlace:43165,30,0.027377127499706277,0.0
2313533,6,IDFM:22237,IDFM:463087,11,0.010713402419223441,0.0
2313534,6,IDFM:22365,IDFM:463025,83,0.07533124938573502,0.0
2313535,6,IDFM:22107,IDFM:22001,127,0.13486282308324019,0.0
2313536,6,IDFM:22159,IDFM:463312,12,0.011293118403393207,0.0
2313537,6,IDFM:22172,IDFM:463016,358,0.3239635599810303,0.0
2313538,6,IDFM:481067,IDFM:480904,2,0.002293226722933436,0.0
2313539,6,IDFM:463046,IDFM:22083,420,0.1508871215524292,0.0
2313540,6,IDFM:monomodalStopPlace:43203,IDFM:480341,240,0.07801303459171915,0.0
2313541,6,IDFM:462961,IDFM:22026,281,0.2541183089440393,0.0
2313542,6,IDFM:28870,IDFM:28869,10,0.00927018675980543,0.0
2313543,6,IDFM:24399,IDFM:22374,233,0.06364507032936942,0.0
2313544,6,IDFM:463067,IDFM:462943,74,0.10969649677086361,0.0
2313545,6,IDFM:463021,IDFM:22013,13,0.012466298099389905,0.0
2313546,6,IDFM:463069,IDFM:22032,10,0.00980053105460972,0.0
2313547,6,IDFM:463258,IDFM:490890,120,0.041918039322717975,0.0
2313548,6,IDFM:463041,IDFM:22075,13,0.012381026104031318,0.0
2313549,6,IDFM:471473,IDFM:463023,352,0.3182243547055962,0.0
2313550,6,IDFM:470851,IDFM:42127,180,0.09889965585452097,0.0
2313551,6,IDFM:463061,IDFM:463060,326,0.29478228448024507,0.0
2313552,6,IDFM:24415,IDFM:463262,216,0.013139969163525443,0.0
2313553,6,IDFM:monomodalStopPlace:43204,IDFM:490774,840,0.42408534030489037,0.0
2313554,6,IDFM:22635,IDFM:42126,180,0.3224236757073246,0.0
2313555,6,IDFM:478975,IDFM:478997,364,0.32949144286630294,0.0
2313556,6,IDFM:463032,IDFM:22368,115,0.14027867839935626,0.0
2313557,6,IDFM:463084,IDFM:463083,157,0.14770500255442917,0.0
2313558,6,IDFM:41850,IDFM:41853,9,0.008276314967331291,0.0
2313559,6,IDFM:24408,IDFM:24406,14,0.01266559575765612,0.0
2313560,6,IDFM:462970,IDFM:22218,12,0.011499794213295023,0.0
2313561,6,IDFM:10219,IDFM:monomodalStopPlace:473364,300,0.09754911830172952,0.0
2313562,6,IDFM:490893,IDFM:490896,44,0.04006793122515653,0.0
2313563,6,IDFM:463157,IDFM:463106,345,0.31211198519058614,0.0
2313564,6,IDFM:462981,IDFM:463074,143,0.09696813052581135,0.0
2313565,6,IDFM:463225,IDFM:22215,12,0.011613042859288672,0.0
2313566,6,IDFM:462444,IDFM:462415,11,0.010600510649166464,0.0
2313567,6,IDFM:22633,IDFM:463126,320,0.22942843557927362,0.0
2313568,6,IDFM:462963,IDFM:463316,198,0.17877143431249964,0.0
2313569,6,IDFM:471925,IDFM:471958,69,0.06266244471869252,0.0
2313570,6,IDFM:22388,IDFM:463246,334,0.30219417638363644,0.0
2313571,6,IDFM:21903,IDFM:21937,180,0.06776573614760627,0.0
2313572,6,IDFM:463008,IDFM:22368,12,0.011051877263049393,0.0
2313573,6,IDFM:463010,IDFM:22090,6,0.006190499044447269,0.0
2313574,6,IDFM:22386,IDFM:21968,67,0.032024077167040116,0.0
2313575,6,IDFM:463079,IDFM:22364,300,0.09991356572230638,0.0
2313576,6,IDFM:monomodalStopPlace:45873,IDFM:463189,259,0.23404996677229747,0.0
2313577,6,IDFM:24680,IDFM:462981,146,0.09887413184214866,0.0
2313578,6,IDFM:463322,IDFM:22109,12,0.011025620279935075,0.0
2313579,6,IDFM:463001,IDFM:463022,108,0.018769521243587172,0.0
2313580,6,IDFM:monomodalStopPlace:58572,IDFM:22007,240,0.18860953256106755,0.0
2313581,6,IDFM:22102,IDFM:463170,10,0.009264920930399793,0.0
2313582,6,IDFM:490893,IDFM:monomodalStopPlace:44314,342,0.30902906791611073,0.0
2313583,6,IDFM:471341,IDFM:22032,301,0.2722650779805829,0.0
2313584,6,IDFM:monomodalStopPlace:411501,IDFM:471949,16,0.015226081217919194,0.0
2313585,6,IDFM:462991,IDFM:462997,110,0.09942493062454584,0.0
2313586,6,IDFM:36482,IDFM:460561,13,0.012380999290746784,0.0
2313587,6,IDFM:463079,IDFM:463061,341,0.30852845714467353,0.0
2313588,6,IDFM:490553,IDFM:22267,56,0.051038756696440764,0.0
2313589,6,IDFM:462963,IDFM:22199,180,0.005206007205033428,0.0
2313590,6,IDFM:22162,IDFM:22183,180,0.10426568102198337,0.0
2313591,6,IDFM:22148,IDFM:monomodalStopPlace:470519,240,0.36359764373997105,0.0
2313592,6,IDFM:monomodalStopPlace:43178,IDFM:470800,21,0.019246831036478132,0.0
2313593,6,IDFM:2340,IDFM:2341,12,0.011321231798112882,0.0
2313594,6,IDFM:22197,IDFM:463058,19,0.01784931677353842,0.0
2313595,6,IDFM:486836,IDFM:486818,15,0.014377735867641385,0.0
2313596,6,IDFM:21970,IDFM:22056,366,0.33122283818981996,0.0
2313597,6,IDFM:22133,IDFM:463310,0,0.0,0.0
2313598,6,IDFM:24431,IDFM:monomodalStopPlace:412743,270,0.1810223586590777,0.0
2313599,6,IDFM:463088,IDFM:22040,108,0.09012901040441128,0.0
2313600,6,IDFM:463011,IDFM:22090,117,0.050565256088762306,0.0
2313601,6,IDFM:monomodalStopPlace:44787,IDFM:35942,269,0.1930113371468682,0.0
2313602,6,IDFM:479384,IDFM:479383,8,0.007354619961383416,0.0
2313603,6,IDFM:463308,IDFM:22051,306,0.27704171991838045,0.0
2313604,6,IDFM:463124,IDFM:21987,11,0.010576783107826707,0.0
2313605,6,IDFM:463096,IDFM:21910,284,0.2569318370311378,0.0
2313606,6,IDFM:462970,IDFM:463189,373,0.3371379664833402,0.0
2313607,6,IDFM:472945,IDFM:471422,149,0.13525475277777857,0.0
2313608,6,IDFM:462446,IDFM:462951,247,0.07785839893811712,0.0
2313609,6,IDFM:471064,IDFM:21964,374,0.33842755211151926,0.0
2313610,6,IDFM:470812,IDFM:471553,10,0.009820097745044248,0.0
2313611,6,IDFM:22199,IDFM:21937,180,0.14280729684368726,0.0
2313612,6,IDFM:24113,IDFM:24131,150,0.13600147027200268,0.0
2313613,6,IDFM:472211,IDFM:471825,60,0.004137792455991863,0.0
2313614,6,IDFM:463319,IDFM:21993,2,0.00256550008071208,0.0
2313615,6,IDFM:monomodalStopPlace:59038,IDFM:471970,27,0.02440034496517015,0.0
2313616,6,IDFM:21979,IDFM:22163,311,0.28080807848709366,0.0
2313617,6,IDFM:29379,IDFM:24399,10,0.009821572064480668,0.0
2313618,6,IDFM:463158,IDFM:463060,271,0.38130198402584004,0.0
2313619,6,IDFM:22396,IDFM:463220,0,0.0,0.0
2313620,6,IDFM:22087,IDFM:21959,420,0.18049195951067992,0.0
2313621,6,IDFM:486838,IDFM:486814,14,0.012827941702170288,0.0
2313622,6,IDFM:21913,IDFM:24408,224,0.07368064611648463,0.0
2313623,6,IDFM:22131,IDFM:463292,90,0.012355980517577969,0.0
2313624,6,IDFM:463262,IDFM:21949,92,0.08377924917431612,0.0
2313625,6,IDFM:2336,IDFM:22237,220,0.10522877349124188,0.0
2313626,6,IDFM:463125,IDFM:25084,290,0.2618556569403875,0.0
2313627,6,IDFM:22073,IDFM:463067,90,0.07155927365834615,0.0
2313628,6,IDFM:21963,IDFM:462972,180,0.09479112614724061,0.0
2313629,6,IDFM:21985,IDFM:21971,356,0.32174121546178863,0.0
2313630,6,IDFM:2339,IDFM:2345,26,0.023699501568274262,0.0
2313631,6,IDFM:42129,IDFM:42134,377,0.34050897701431704,0.0
2313632,6,IDFM:22082,IDFM:463180,300,0.0512677578374883,0.0
2313633,6,IDFM:21926,IDFM:22218,360,0.32558084535391574,0.0
2313634,6,IDFM:22072,IDFM:22080,72,0.12467578321284967,0.0
2313635,6,IDFM:463064,IDFM:463063,180,0.12611079551846222,0.0
2313636,6,IDFM:24103,IDFM:22295,300,0.36448382659412887,0.0
2313637,6,IDFM:463160,IDFM:22087,6,0.005744101863164546,0.0
2313638,6,IDFM:463159,IDFM:monomodalStopPlace:44877,780,0.8442547125788679,0.0
2313639,6,IDFM:21920,IDFM:463264,23,0.021047642837519743,0.0
2313640,6,IDFM:462966,IDFM:21980,2,0.0025655553909508526,0.0
2313641,6,IDFM:35935,IDFM:35939,10,0.009801204659961133,0.0
2313642,6,IDFM:monomodalStopPlace:47322,IDFM:492416,39,0.03565034824584139,0.0
2313643,6,IDFM:471982,IDFM:479491,13,0.012209092180747005,0.0
2313644,6,IDFM:463195,IDFM:22203,28,0.025984403522681023,0.0
2313645,6,IDFM:490764,IDFM:490788,16,0.014993576089889712,0.0
2313646,6,IDFM:462429,IDFM:462441,18,0.017072496125033358,0.0
2313647,6,IDFM:monomodalStopPlace:43178,IDFM:472536,25,0.023354401370426513,0.0
2313648,6,IDFM:21925,IDFM:463059,106,0.04137644293691783,0.0
2313649,6,IDFM:463151,IDFM:22096,12,0.011034898104879523,0.0
2313650,6,IDFM:22002,IDFM:463299,304,0.27523501818604396,0.0
2313651,6,IDFM:463139,IDFM:22390,13,0.012081802556527025,0.0
2313652,6,IDFM:22387,IDFM:471607,366,0.33072029758999805,0.0
2313653,6,IDFM:monomodalStopPlace:58566,IDFM:463069,277,0.25015380363662953,0.0
2313654,6,IDFM:462989,IDFM:22196,353,0.31931112155271296,0.0
2313655,6,IDFM:21947,IDFM:24409,194,0.01948701040222886,0.0
2313656,6,IDFM:463182,IDFM:463183,180,0.04631283541965515,0.0
2313657,6,IDFM:462971,IDFM:463189,349,0.31518025058712007,0.0
2313658,6,IDFM:10218,IDFM:monomodalStopPlace:473364,300,0.09310881711842624,0.0
2313659,6,IDFM:463169,IDFM:463168,180,0.05124478049467036,0.0
2313660,6,IDFM:42122,IDFM:22635,180,0.3308655461723446,0.0
2313661,6,IDFM:463104,IDFM:22151,10,0.009800561303211776,0.0
2313662,6,IDFM:472379,IDFM:472965,240,0.2171423882477878,0.0
2313663,6,IDFM:22157,IDFM:22038,370,0.3220931323795097,0.0
2313664,6,IDFM:486842,IDFM:486832,5,0.005140492621543957,0.0
2313665,6,IDFM:463168,IDFM:463169,180,0.05124478049467036,0.0
2313666,6,IDFM:27464,IDFM:23441,18,0.016420328663224872,0.0
2313667,6,IDFM:22086,IDFM:463013,10,0.00926501288634395,0.0
2313668,6,IDFM:24417,IDFM:monomodalStopPlace:43176,481,0.5073571332996014,0.0
2313669,6,IDFM:480964,IDFM:monomodalStopPlace:58798,278,0.12547806791732688,0.0
2313670,6,IDFM:22030,IDFM:463145,349,0.3154632362290905,0.0
2313671,6,IDFM:463023,IDFM:471473,352,0.3182243547055962,0.0
2313672,6,IDFM:21972,IDFM:462958,13,0.012384586754379279,0.0
2313673,6,IDFM:460547,IDFM:22140,203,0.08367782852968737,0.0
2313674,6,IDFM:22225,IDFM:463066,133,0.12076902504141315,0.0
2313675,6,IDFM:463151,IDFM:463164,180,0.1077583516059094,0.0
2313676,6,IDFM:22365,IDFM:463026,2,0.0025655944963093908,0.0
2313677,6,IDFM:21957,IDFM:463129,13,0.012318047619822359,0.0
2313678,6,IDFM:22059,IDFM:22040,353,0.319200012767882,0.0
2313679,6,IDFM:470874,IDFM:472969,15,0.014008607240484092,0.0
2313680,6,IDFM:471471,IDFM:472924,5,0.004603124298831168,0.0
2313681,6,IDFM:21962,IDFM:monomodalStopPlace:58566,240,0.24038025721196915,0.0
2313682,6,IDFM:471890,IDFM:monomodalStopPlace:411504,12,0.011430000798831712,0.0
2313683,6,IDFM:463037,IDFM:22024,353,0.31942226412767466,0.0
2313684,6,IDFM:24138,IDFM:24142,20,0.018135597883222124,0.0
2313685,6,IDFM:22240,IDFM:22633,320,0.23344804945922412,0.0
2313686,6,IDFM:463019,IDFM:22097,180,0.19900135183887746,0.0
2313687,6,IDFM:monomodalStopPlace:43184,IDFM:22298,216,0.06369338001435924,0.0
2313688,6,IDFM:21907,IDFM:463238,71,0.03729084137262757,0.0
2313689,6,IDFM:462967,IDFM:462966,101,0.08458605154837089,0.0
2313690,6,IDFM:monomodalStopPlace:58759,IDFM:463043,240,0.114885285134482,0.0
2313691,6,IDFM:422038,IDFM:422037,16,0.015301404191932013,0.0
2313692,6,IDFM:463103,IDFM:22158,11,0.009950333964884754,0.0
2313693,6,IDFM:21902,IDFM:462962,180,0.10278242707429219,0.0
2313694,6,IDFM:463032,IDFM:463009,111,0.1342341856555942,0.0
2313695,6,IDFM:2335,IDFM:2328,13,0.011832302070692883,0.0
2313696,6,IDFM:24685,IDFM:463132,2,0.0022932642200615932,0.0
2313697,6,IDFM:22243,IDFM:480330,180,0.01307609742571795,0.0
2313698,6,IDFM:10220,IDFM:41833,11,0.010318577750703535,0.0
2313699,6,IDFM:490890,IDFM:463258,60,0.041918039322717975,0.0
2313700,6,IDFM:21930,IDFM:21923,366,0.33102849644211535,0.0
2313701,6,IDFM:463318,IDFM:21917,1,0.0011466481924090998,0.0
2313702,6,IDFM:21919,IDFM:22080,192,0.17387189593344532,0.0
2313703,6,IDFM:24415,IDFM:21947,216,0.019583175011037384,0.0
2313704,6,IDFM:25642,IDFM:22101,260,0.1191117769517601,0.0
2313705,6,IDFM:463030,IDFM:24126,199,0.0726336111977446,0.0
2313706,6,IDFM:22368,IDFM:463032,104,0.14027867839935626,0.0
2313707,6,IDFM:480904,IDFM:481067,2,0.002293226722933436,0.0
2313708,6,IDFM:25633,IDFM:24111,120,0.1314340539737831,0.0
2313709,6,IDFM:22300,IDFM:22301,15,0.013950873240443412,0.0
2313710,6,IDFM:463095,IDFM:462981,247,0.2198495494252737,0.0
2313711,6,IDFM:21909,IDFM:463049,21,0.01896298924417736,0.0
2313712,6,IDFM:22375,IDFM:463283,13,0.012349442138428776,0.0
2313713,6,IDFM:462970,IDFM:21926,368,0.3329703042082281,0.0
2313714,6,IDFM:463067,IDFM:22080,89,0.12095756549438541,0.0
2313715,6,IDFM:460556,IDFM:460557,17,0.016100299334917228,0.0
2313716,6,IDFM:463093,IDFM:463094,111,0.08848666066026656,0.0
2313717,6,IDFM:490762,IDFM:490787,6,0.005749866529081222,0.0
2313718,6,IDFM:monomodalStopPlace:43179,IDFM:471933,240,0.41640371748560734,0.0
2313719,6,IDFM:462914,IDFM:21940,32,0.029157710086705996,0.0
2313720,6,IDFM:463043,IDFM:monomodalStopPlace:58759,240,0.114885285134482,0.0
2313721,6,IDFM:monomodalStopPlace:44877,IDFM:463306,330,0.10932246192175211,0.0
2313722,6,IDFM:463237,IDFM:462944,315,0.28466029927453995,0.0
2313723,6,IDFM:22106,IDFM:462987,72,0.020455097864125027,0.0
2313724,6,IDFM:25646,IDFM:25645,10,0.009173149675114203,0.0
2313725,6,IDFM:463125,IDFM:22124,12,0.010970493083177595,0.0
2313726,6,IDFM:monomodalStopPlace:462394,IDFM:463183,151,0.3473331499088817,0.0
2313727,6,IDFM:412988,IDFM:412987,15,0.01388781519805882,0.0
2313728,6,IDFM:monomodalStopPlace:44877,IDFM:22092,780,0.8604660751551949,0.0
2313729,6,IDFM:22047,IDFM:463321,16,0.014981465036529876,0.0
2313730,6,IDFM:486970,IDFM:486972,16,0.01508532820018116,0.0
2313731,6,IDFM:monomodalStopPlace:470519,IDFM:22387,240,0.33794680408667044,0.0
2313732,6,IDFM:2328,IDFM:2335,13,0.011832302070692883,0.0
2313733,6,IDFM:463235,IDFM:490841,303,0.2735861233463298,0.0
2313734,6,IDFM:22126,IDFM:462983,29,0.026231096249945816,0.0
2313735,6,IDFM:462429,IDFM:480541,203,0.0836370113510691,0.0
2313736,6,IDFM:monomodalStopPlace:473875,IDFM:463028,200,0.04573070425788345,0.0
2313737,6,IDFM:462972,IDFM:22218,180,0.07227110634960789,0.0
2313738,6,IDFM:2343,IDFM:2346,12,0.01150072106152974,0.0
2313739,6,IDFM:monomodalStopPlace:470540,IDFM:463199,240,0.33432496777877313,0.0
2313740,6,IDFM:21996,IDFM:463187,30,0.027930949960039374,0.0
2313741,6,IDFM:24123,IDFM:24137,25,0.022597521619988795,0.0
2313742,6,IDFM:462943,IDFM:463067,80,0.10969649677086361,0.0
2313743,6,IDFM:35937,IDFM:490851,540,0.2428746993806886,0.0
2313744,6,IDFM:463193,IDFM:25642,260,0.11079343401817421,0.0
2313745,6,IDFM:monomodalStopPlace:462394,IDFM:22149,203,0.3576314896217411,0.0
2313746,6,IDFM:471607,IDFM:470833,29,0.026372580546351852,0.0
2313747,6,IDFM:463060,IDFM:21966,250,0.11639448578490919,0.0
2313748,6,IDFM:22634,IDFM:22633,8,0.00811952765829077,0.0
2313749,6,IDFM:22134,IDFM:463264,90,0.05836271877737729,0.0
2313750,6,IDFM:24108,IDFM:22186,243,0.10545319536896981,0.0
2313751,6,IDFM:472416,IDFM:monomodalStopPlace:43106,25,0.023331856685622907,0.0
2313752,6,IDFM:470824,IDFM:monomodalStopPlace:43080,8,0.007361378471193659,0.0
2313753,6,IDFM:471897,IDFM:470824,7,0.006702503537509768,0.0
2313754,6,IDFM:23438,IDFM:23439,12,0.01147859205810698,0.0
2313755,6,IDFM:24685,IDFM:22118,376,0.34021357264357377,0.0
2313756,6,IDFM:monomodalStopPlace:44877,IDFM:22137,330,0.1102700079538605,0.0
2313757,6,IDFM:23439,IDFM:23438,12,0.01147859205810698,0.0
2313758,6,IDFM:24419,IDFM:22022,225,0.11858803227285136,0.0
2313759,6,IDFM:monomodalStopPlace:58566,IDFM:462971,240,0.3208918975361731,0.0
2313760,6,IDFM:22026,IDFM:462946,265,0.24006379329566876,0.0
2313761,6,IDFM:462987,IDFM:22027,11,0.010542386235835257,0.0
2313762,6,IDFM:22151,IDFM:463103,80,0.07062774239278279,0.0
2313763,6,IDFM:463278,IDFM:480531,180,0.009743817391440226,0.0
2313764,6,IDFM:486847,IDFM:486822,7,0.0064965868260055066,0.0
2313765,6,IDFM:22364,IDFM:463158,262,0.3723802118709753,0.0
2313766,6,IDFM:25631,IDFM:22042,220,0.09620736703749312,0.0
2313767,6,IDFM:22073,IDFM:21919,200,0.1267555645269511,0.0
2313768,6,IDFM:21918,IDFM:22026,171,0.15449679615465037,0.0
2313769,6,IDFM:monomodalStopPlace:46736,IDFM:472648,38,0.03435665690641575,0.0
2313770,6,IDFM:22132,IDFM:462974,12,0.011466225794742253,0.0
2313771,6,IDFM:21983,IDFM:462944,35,0.03163050044372764,0.0
2313772,6,IDFM:22143,IDFM:monomodalStopPlace:43238,480,0.9647587808933072,0.0
2313773,6,IDFM:463006,IDFM:monomodalStopPlace:470519,162,0.14714293599456846,0.0
2313774,6,IDFM:472147,IDFM:472363,57,0.051500708508992785,0.0
2313775,6,IDFM:monomodalStopPlace:58566,IDFM:21964,240,0.34093219476222547,0.0
2313776,6,IDFM:21963,IDFM:462970,108,0.04146284584909948,0.0
2313777,6,IDFM:22376,IDFM:463218,369,0.33378698063302775,0.0
2313778,6,IDFM:24403,IDFM:463280,393,0.30026681837319547,0.0
2313779,6,IDFM:463202,IDFM:463201,180,0.02418824723025467,0.0
2313780,6,IDFM:24138,IDFM:22208,245,0.4027974093495446,0.0
2313781,6,IDFM:463026,IDFM:22168,102,0.10387462617102083,0.0
2313782,6,IDFM:22196,IDFM:21921,180,0.052749938879438046,0.0
2313783,6,IDFM:463013,IDFM:22095,68,0.18817778151214565,0.0
2313784,6,IDFM:472273,IDFM:462972,322,0.29100442608327515,0.0
2313785,6,IDFM:480531,IDFM:463278,180,0.009743817391440226,0.0
2313786,6,IDFM:22268,IDFM:22267,11,0.01041248100095855,0.0
2313787,6,IDFM:21924,IDFM:22224,62,0.05864904371089665,0.0
2313788,6,IDFM:25645,IDFM:25646,10,0.009173149675114203,0.0
2313789,6,IDFM:24680,IDFM:463095,167,0.12575725570524107,0.0
2313790,6,IDFM:22387,IDFM:463001,12,0.011581744575494993,0.0
2313791,6,IDFM:21918,IDFM:463316,174,0.15759320309702546,0.0
2313792,6,IDFM:monomodalStopPlace:411479,IDFM:471471,16,0.01513502089057965,0.0
2313793,6,IDFM:22072,IDFM:monomodalStopPlace:473875,219,0.030639368649355597,0.0
2313794,6,IDFM:21995,IDFM:463192,0,0.0,0.0
2313795,6,IDFM:25633,IDFM:25631,5,0.004871914417821921,0.0
2313796,6,IDFM:22157,IDFM:monomodalStopPlace:43238,240,0.6223065080906471,0.0
2313797,6,IDFM:22625,IDFM:463131,227,0.0577428457502507,0.0
2313798,6,IDFM:monomodalStopPlace:58572,IDFM:463182,240,0.18395665321229204,0.0
2313799,6,IDFM:24396,IDFM:463012,222,0.13882256218219038,0.0
2313800,6,IDFM:463323,IDFM:22399,12,0.011664158967468334,0.0
2313801,6,IDFM:22154,IDFM:463118,11,0.010445831946339345,0.0
2313802,6,IDFM:22011,IDFM:463191,11,0.010768258552569883,0.0
2313803,6,IDFM:463021,IDFM:463001,64,0.02686318692797605,0.0
2313804,6,IDFM:22010,IDFM:463019,101,0.1703067218032434,0.0
2313805,6,IDFM:22203,IDFM:463195,28,0.025984403522681023,0.0
2313806,6,IDFM:monomodalStopPlace:473875,IDFM:21919,193,0.08337752031068586,0.0
2313807,6,IDFM:21950,IDFM:21945,111,0.101441724954185,0.0
2313808,6,IDFM:21997,IDFM:22142,377,0.3410955898302022,0.0
2313809,6,IDFM:473004,IDFM:monomodalStopPlace:411511,9,0.008626853815978087,0.0
2313810,6,IDFM:463203,IDFM:21929,0,0.0,0.0
2313811,6,IDFM:22106,IDFM:22027,72,0.03095751437731199,0.0
2313812,6,IDFM:monomodalStopPlace:43179,IDFM:471675,240,0.42350080996196265,0.0
2313813,6,IDFM:22387,IDFM:471604,375,0.3386993667364819,0.0
2313814,6,IDFM:21981,IDFM:21967,145,0.09094328705325516,0.0
2313815,6,IDFM:22391,IDFM:22366,349,0.31518222611727825,0.0
2313816,6,IDFM:486976,IDFM:486991,9,0.008277500439892574,0.0
2313817,6,IDFM:monomodalStopPlace:58718,IDFM:21962,300,0.38837056292408595,0.0
2313818,6,IDFM:monomodalStopPlace:47412,IDFM:23437,316,0.2859514293008828,0.0
2313819,6,IDFM:478395,IDFM:462975,3,0.003449901788469539,0.0
2313820,6,IDFM:471958,IDFM:471925,69,0.06266244471869252,0.0
2313821,6,IDFM:463293,IDFM:22076,180,0.15158295154914248,0.0
2313822,6,IDFM:22372,IDFM:463029,27,0.025183751230086798,0.0
2313823,6,IDFM:22085,IDFM:22057,96,0.11366314081798645,0.0
2313824,6,IDFM:22153,IDFM:462979,14,0.013076187928837118,0.0
2313825,6,IDFM:471604,IDFM:monomodalStopPlace:58572,299,0.2703990587306671,0.0
2313826,6,IDFM:monomodalStopPlace:470519,IDFM:463021,240,0.3735371003020006,0.0
2313827,6,IDFM:463292,IDFM:463291,90,0.031164082003491057,0.0
2313828,6,IDFM:463306,IDFM:462998,379,0.34257183015936904,0.0
2313829,6,IDFM:24128,IDFM:22221,206,0.16515815023969785,0.0
2313830,6,IDFM:462415,IDFM:462444,11,0.010600510649166464,0.0
2313831,6,IDFM:472592,IDFM:471084,7,0.006497615808874244,0.0
2313832,6,IDFM:490851,IDFM:35941,540,0.24597320980659856,0.0
2313833,6,IDFM:22142,IDFM:463108,377,0.3405578403551259,0.0
2313834,6,IDFM:21919,IDFM:463028,200,0.12785041876818903,0.0
2313835,6,IDFM:463003,IDFM:22365,162,0.09422683898950264,0.0
2313836,6,IDFM:22156,IDFM:22143,468,0.34498015016577915,0.0
2313837,6,IDFM:463208,IDFM:463171,315,0.2844471740449482,0.0
2313838,6,IDFM:463228,IDFM:monomodalStopPlace:44314,240,0.19021403003032125,0.0
2313839,6,IDFM:35930,IDFM:490835,360,0.16969120334402846,0.0
2313840,6,IDFM:462960,IDFM:22199,180,0.14580741962343907,0.0
2313841,6,IDFM:462414,IDFM:22141,225,0.07065501833309276,0.0
2313842,6,IDFM:463183,IDFM:471604,290,0.26208915681189426,0.0
2313843,6,IDFM:22220,IDFM:462436,237,0.05157800832052836,0.0
2313844,6,IDFM:21964,IDFM:462969,13,0.012206466112082892,0.0
2313845,6,IDFM:24408,IDFM:463279,224,0.06341641402696048,0.0
2313846,6,IDFM:22158,IDFM:463104,105,0.0856451644293844,0.0
2313847,6,IDFM:21960,IDFM:463283,180,0.029473795557558278,0.0
2313848,6,IDFM:22218,IDFM:462972,180,0.07227110634960789,0.0
2313849,6,IDFM:28863,IDFM:28862,11,0.010382976640677397,0.0
2313850,6,IDFM:463260,IDFM:22221,14,0.01299182878822071,0.0
2313851,6,IDFM:470833,IDFM:471604,8,0.008108345845867115,0.0
2313852,6,IDFM:463150,IDFM:22096,180,0.21954303874090186,0.0
2313853,6,IDFM:23302,IDFM:24427,15,0.013799155779877606,0.0
2313854,6,IDFM:monomodalStopPlace:462388,IDFM:422038,190,0.04902457399375644,0.0
2313855,6,IDFM:463130,IDFM:22105,14,0.013456139679000945,0.0
2313856,6,IDFM:471341,IDFM:monomodalStopPlace:58566,75,0.06816976514106599,0.0
2313857,6,IDFM:22042,IDFM:24111,198,0.05301263875796299,0.0
2313858,6,IDFM:463012,IDFM:460560,222,0.14058841954716836,0.0
2313859,6,IDFM:462441,IDFM:monomodalStopPlace:44514,273,0.15802365960123824,0.0
2313860,6,IDFM:24425,IDFM:37466,7,0.006899680563968515,0.0
2313861,6,IDFM:21962,IDFM:472273,326,0.29439898460858993,0.0
2313862,6,IDFM:463189,IDFM:462970,373,0.3371379664833402,0.0
2313863,6,IDFM:22132,IDFM:462973,170,0.04471179995397826,0.0
2313864,6,IDFM:monomodalStopPlace:427870,IDFM:472483,179,0.16247900927394543,0.0
2313865,6,IDFM:22048,IDFM:462964,17,0.016011574883112795,0.0
2313866,6,IDFM:22227,IDFM:462975,120,0.00810840380439733,0.0
2313867,6,IDFM:monomodalStopPlace:58759,IDFM:463013,196,0.14107452682945681,0.0
2313868,6,IDFM:480286,IDFM:480340,16,0.014906131498443224,0.0
2313869,6,IDFM:monomodalStopPlace:45873,IDFM:463245,300,0.35625860218726274,0.0
2313870,6,IDFM:472273,IDFM:462969,365,0.329797914008683,0.0
2313871,6,IDFM:471477,IDFM:monomodalStopPlace:411362,24,0.022489538341358917,0.0
2313872,6,IDFM:22148,IDFM:463001,95,0.031209644452038787,0.0
2313873,6,IDFM:22207,IDFM:24135,208,0.014963682066001915,0.0
2313874,6,IDFM:22117,IDFM:463240,0,0.0,0.0
2313875,6,IDFM:monomodalStopPlace:473875,IDFM:22072,219,0.030639368649355597,0.0
2313876,6,IDFM:22146,IDFM:463171,323,0.29166799932914883,0.0
2313877,6,IDFM:463006,IDFM:471604,225,0.20362906191745656,0.0
2313878,6,IDFM:463261,IDFM:24101,374,0.3380775795299418,0.0
2313879,6,IDFM:35928,IDFM:29893,12,0.011558254940716637,0.0
2313880,6,IDFM:21960,IDFM:463284,12,0.01161916413774968,0.0
2313881,6,IDFM:463236,IDFM:22053,13,0.01208398219007644,0.0
2313882,6,IDFM:463246,IDFM:463244,180,0.13509815707549885,0.0
2313883,6,IDFM:monomodalStopPlace:58718,IDFM:463189,228,0.20670199895718172,0.0
2313884,6,IDFM:472625,IDFM:472217,45,0.040651793861865064,0.0
2313885,6,IDFM:463177,IDFM:22191,12,0.01091769254260236,0.0
2313886,6,IDFM:22241,IDFM:42120,225,0.09218668647736694,0.0
2313887,6,IDFM:463089,IDFM:463088,122,0.08761974667520796,0.0
2313888,6,IDFM:472142,IDFM:463069,310,0.2806667511164989,0.0
2313889,6,IDFM:22168,IDFM:22365,162,0.10441856466021131,0.0
2313890,6,IDFM:22094,IDFM:463042,206,0.1867432777234701,0.0
2313891,6,IDFM:463039,IDFM:25084,0,0.0,0.0
2313892,6,IDFM:22116,IDFM:463243,12,0.011199284554725644,0.0
2313893,6,IDFM:463088,IDFM:463116,311,0.28112042437785156,0.0
2313894,6,IDFM:monomodalStopPlace:43165,IDFM:471205,42,0.03869970737988061,0.0
2313895,6,IDFM:21939,IDFM:463035,14,0.013060975122639136,0.0
2313896,6,IDFM:471341,IDFM:463069,308,0.2786725357379958,0.0
2313897,6,IDFM:463209,IDFM:22209,12,0.01107640956332079,0.0
2313898,6,IDFM:462971,IDFM:21962,180,0.08768093891917904,0.0
2313899,6,IDFM:22003,IDFM:463280,12,0.011052785746045325,0.0
2313900,6,IDFM:42106,IDFM:42111,352,0.31844705809522206,0.0
2313901,6,IDFM:22296,IDFM:22295,15,0.014400459581120031,0.0
2313902,6,IDFM:462969,IDFM:21926,273,0.24701862552247927,0.0
2313903,6,IDFM:480290,IDFM:22243,180,0.02226555387742512,0.0
2313904,6,IDFM:462987,IDFM:22106,72,0.020455097864125027,0.0
2313905,6,IDFM:21958,IDFM:463197,420,0.23088723127200403,0.0
2313906,6,IDFM:25631,IDFM:25633,5,0.004871914417821921,0.0
2313907,6,IDFM:24120,IDFM:478980,180,0.09722104888488935,0.0
2313908,6,IDFM:21961,IDFM:463081,180,0.08474071240647459,0.0
2313909,6,IDFM:463114,IDFM:22180,0,0.0,0.0
2313910,6,IDFM:471897,IDFM:monomodalStopPlace:43080,7,0.006575958655380581,0.0
2313911,6,IDFM:22017,IDFM:463017,30,0.027639840829522335,0.0
2313912,6,IDFM:22397,IDFM:463251,12,0.011096601259060911,0.0
2313913,6,IDFM:470808,IDFM:472648,17,0.015390837679191617,0.0
2313914,6,IDFM:463081,IDFM:21965,12,0.011332495029731883,0.0
2313915,6,IDFM:463068,IDFM:22031,11,0.010655946887853296,0.0
2313916,6,IDFM:22007,IDFM:monomodalStopPlace:58572,240,0.18860953256106755,0.0
2313917,6,IDFM:478997,IDFM:478977,125,0.11315888350580235,0.0
2313918,6,IDFM:42112,IDFM:monomodalStopPlace:43077,367,0.24796357006083003,0.0
2313919,6,IDFM:22036,IDFM:463119,16,0.014630488337127821,0.0
2313920,6,IDFM:22149,IDFM:22007,161,0.04488948359934937,0.0
2313921,6,IDFM:21933,IDFM:22198,180,0.006975242773203328,0.0
2313922,6,IDFM:463182,IDFM:monomodalStopPlace:462394,137,0.3403166010936864,0.0
2313923,6,IDFM:24117,IDFM:490848,316,0.2854581496758072,0.0
2313924,6,IDFM:21966,IDFM:22092,360,0.26298312490090836,0.0
2313925,6,IDFM:478978,IDFM:monomodalStopPlace:43110,480,0.46616071154748695,0.0
2313926,6,IDFM:463309,IDFM:22201,23,0.021146297684043226,0.0
2313927,6,IDFM:472820,IDFM:470851,9,0.00813042365887211,0.0
2313928,6,IDFM:463199,IDFM:22185,180,0.10136977467576717,0.0
2313929,6,IDFM:22267,IDFM:22268,11,0.01041248100095855,0.0
2313930,6,IDFM:22078,IDFM:490882,120,0.13246903320226236,0.0
2313931,6,IDFM:22042,IDFM:25633,219,0.09709386620835829,0.0
2313932,6,IDFM:463308,IDFM:462965,313,0.28268246640821276,0.0
2313933,6,IDFM:22178,IDFM:21957,180,0.0231915874223143,0.0
2313934,6,IDFM:41857,IDFM:41858,16,0.014508908259959374,0.0
2313935,6,IDFM:22195,IDFM:463245,180,0.050593096306684335,0.0
2313936,6,IDFM:42122,IDFM:24431,180,0.3268149743078931,0.0
2313937,6,IDFM:463301,IDFM:42123,211,0.10192164929082394,0.0
2313938,6,IDFM:22387,IDFM:monomodalStopPlace:470519,240,0.33794680408667044,0.0
2313939,6,IDFM:463091,IDFM:22018,14,0.012868632346970358,0.0
2313940,6,IDFM:462970,IDFM:463188,362,0.32736079190274314,0.0
2313941,6,IDFM:480934,IDFM:481074,6,0.006190533768319882,0.0
2313942,6,IDFM:462962,IDFM:21937,180,0.15438546132203265,0.0
2313943,6,IDFM:21905,IDFM:463059,11,0.010442042720509422,0.0
2313944,6,IDFM:490889,IDFM:490887,33,0.03005234859089154,0.0
2313945,6,IDFM:24138,IDFM:463277,245,0.4024623556151024,0.0
2313946,6,IDFM:22295,IDFM:22186,480,0.4435537943093034,0.0
2313947,6,IDFM:479008,IDFM:479009,10,0.009801483772933087,0.0
2313948,6,IDFM:22093,IDFM:22090,72,0.044669927245150676,0.0
2313949,6,IDFM:22169,IDFM:463004,9,0.008222412838671905,0.0
2313950,6,IDFM:462963,IDFM:21903,105,0.07065759071740581,0.0
2313951,6,IDFM:21962,IDFM:21964,180,0.27989556306588725,0.0
2313952,6,IDFM:22373,IDFM:24126,199,0.07440710520335028,0.0
2313953,6,IDFM:monomodalStopPlace:473875,IDFM:463067,200,0.028208700845897793,0.0
2313954,6,IDFM:478980,IDFM:24120,180,0.09722104888488935,0.0
2313955,6,IDFM:monomodalStopPlace:58718,IDFM:462971,300,0.34936551332970145,0.0
2313956,6,IDFM:463197,IDFM:463046,420,0.16255175571657188,0.0
2313957,6,IDFM:24413,IDFM:24407,16,0.015124178237907777,0.0
2313958,6,IDFM:21964,IDFM:21906,314,0.284047475703633,0.0
2313959,6,IDFM:22124,IDFM:25084,278,0.25143715937165206,0.0
2313960,6,IDFM:463018,IDFM:463019,133,0.17108331594937437,0.0
2313961,6,IDFM:22199,IDFM:463316,600,0.17359171131078746,0.0
2313962,6,IDFM:463183,IDFM:22007,124,0.03706437014246256,0.0
2313963,6,IDFM:471056,IDFM:471174,8,0.00811886325307724,0.0
2313964,6,IDFM:24106,IDFM:490848,331,0.29885242073162455,0.0
2313965,6,IDFM:22230,IDFM:463184,14,0.012827910947963678,0.0
2313966,6,IDFM:463264,IDFM:463312,180,0.005070408720522208,0.0
2313967,6,IDFM:21929,IDFM:463203,0,0.0,0.0
2313968,6,IDFM:472483,IDFM:472543,359,0.32495812559125165,0.0
2313969,6,IDFM:462414,IDFM:463073,225,0.07868858038315595,0.0
2313970,6,IDFM:21951,IDFM:24682,77,0.03136703010554525,0.0
2313971,6,IDFM:22089,IDFM:22097,180,0.18743850782212965,0.0
2313972,6,IDFM:22201,IDFM:22200,301,0.2726012511134814,0.0
2313973,6,IDFM:21966,IDFM:monomodalStopPlace:44877,780,0.6523718267795732,0.0
2313974,6,IDFM:463232,IDFM:22379,14,0.012880981112752678,0.0
2313975,6,IDFM:24126,IDFM:478979,180,0.11208243982860899,0.0
2313976,6,IDFM:21925,IDFM:21905,98,0.03998117884903546,0.0
2313977,6,IDFM:22151,IDFM:463104,10,0.009800561303211776,0.0
2313978,6,IDFM:486818,IDFM:486836,15,0.014377735867641385,0.0
2313979,6,IDFM:21932,IDFM:22030,343,0.309711757665323,0.0
2313980,6,IDFM:462991,IDFM:21950,12,0.011514210679902857,0.0
2313981,6,IDFM:monomodalStopPlace:462388,IDFM:422037,186,0.05315433323535553,0.0
2313982,6,IDFM:462993,IDFM:22136,14,0.013109565672868487,0.0
2313983,6,IDFM:494486,IDFM:monomodalStopPlace:46990,190,0.17224235932482582,0.0
2313984,6,IDFM:471958,IDFM:470860,7,0.006690795214899934,0.0
2313985,6,IDFM:472543,IDFM:monomodalStopPlace:427870,179,0.1624791163173208,0.0
2313986,6,IDFM:463060,IDFM:463160,293,0.22406905109901773,0.0
2313987,6,IDFM:463268,IDFM:21917,96,0.07501937259527854,0.0
2313988,6,IDFM:463032,IDFM:22107,122,0.13486282308324019,0.0
2313989,6,IDFM:463028,IDFM:22073,6,0.006047398540131815,0.0
2313990,6,IDFM:480290,IDFM:463212,180,0.03284992828886725,0.0
2313991,6,IDFM:22207,IDFM:22208,378,0.3420742786264283,0.0
2313992,6,IDFM:monomodalStopPlace:43157,IDFM:472625,35,0.032422560151846386,0.0
2313993,6,IDFM:479004,IDFM:479005,13,0.011814307783888386,0.0
2313994,6,IDFM:472211,IDFM:472857,60,0.010261404762029658,0.0
2313995,6,IDFM:monomodalStopPlace:45102,IDFM:463171,334,0.3016391573074859,0.0
2313996,6,IDFM:463160,IDFM:21966,240,0.10954458051615044,0.0
2313997,6,IDFM:463043,IDFM:463013,60,0.029331543875629543,0.0
2313998,6,IDFM:463159,IDFM:22087,180,0.17576092290325948,0.0
2313999,6,IDFM:463111,IDFM:463110,98,0.033526283508001874,0.0
2314000,6,IDFM:23300,IDFM:23296,9,0.008349361648904846,0.0
2314001,6,IDFM:monomodalStopPlace:43110,IDFM:478986,480,0.45589820130847347,0.0
2314002,6,IDFM:477286,IDFM:478663,10,0.009873355619871462,0.0
2314003,6,IDFM:463046,IDFM:463197,420,0.16255175571657188,0.0
2314004,6,IDFM:22199,IDFM:462946,180,0.0975072874771263,0.0
2314005,6,IDFM:25635,IDFM:25638,14,0.012991783549181634,0.0
2314006,6,IDFM:monomodalStopPlace:44514,IDFM:462429,249,0.14304363166898462,0.0
2314007,6,IDFM:25640,IDFM:25639,14,0.012850614771496727,0.0
2314008,6,IDFM:22155,IDFM:22131,90,0.011487857882671784,0.0
2314009,6,IDFM:463021,IDFM:monomodalStopPlace:470519,240,0.3735371003020006,0.0
2314010,6,IDFM:21905,IDFM:463048,282,0.2551646999985903,0.0
2314011,6,IDFM:490851,IDFM:490835,6,0.005847964398908778,0.0
2314012,6,IDFM:490835,IDFM:490851,6,0.005847964398908778,0.0
2314013,6,IDFM:monomodalStopPlace:470540,IDFM:463198,240,0.37721458291825716,0.0
2314014,6,IDFM:463025,IDFM:22365,126,0.07533124938573502,0.0
2314015,6,IDFM:463079,IDFM:21959,420,0.26484651300781775,0.0
2314016,6,IDFM:463055,IDFM:21908,12,0.01123886787258651,0.0
2314017,6,IDFM:462975,IDFM:22227,120,0.00810840380439733,0.0
2314018,6,IDFM:483898,IDFM:483904,6,0.005847149896340085,0.0
2314019,6,IDFM:22384,IDFM:463034,8,0.007506388090924184,0.0
2314020,6,IDFM:22301,IDFM:22300,15,0.013950873240443412,0.0
2314021,6,IDFM:463111,IDFM:21998,132,0.04465134059346058,0.0
2314022,6,IDFM:463102,IDFM:463042,366,0.3306564230370929,0.0
2314023,6,IDFM:22147,IDFM:463171,0,0.0,0.0
2314024,6,IDFM:462970,IDFM:471064,345,0.31215117274220633,0.0
2314025,6,IDFM:monomodalStopPlace:411467,IDFM:471308,30,0.02758946885783818,0.0
2314026,6,IDFM:22109,IDFM:463322,12,0.011025620279935075,0.0
2314027,6,IDFM:463185,IDFM:22084,10,0.009822106490880448,0.0
2314028,6,IDFM:463022,IDFM:463021,84,0.026785047108248007,0.0
2314029,6,IDFM:monomodalStopPlace:43176,IDFM:24417,483,0.5073571332996014,0.0
2314030,6,IDFM:42129,IDFM:42127,11,0.010583522446730873,0.0
2314031,6,IDFM:22199,IDFM:462962,13,0.012118753246434572,0.0
2314032,6,IDFM:462429,IDFM:monomodalStopPlace:44514,249,0.14304363166898462,0.0
2314033,6,IDFM:22146,IDFM:monomodalStopPlace:45102,180,0.12907125834607655,0.0
2314034,6,IDFM:24133,IDFM:22372,213,0.06979487094325265,0.0
2314035,6,IDFM:463042,IDFM:463043,59,0.18626438544493248,0.0
2314036,6,IDFM:462991,IDFM:21945,61,0.09942493062454584,0.0
2314037,6,IDFM:463189,IDFM:monomodalStopPlace:45873,259,0.23404996677229747,0.0
2314038,6,IDFM:28858,IDFM:28849,8,0.00802594234751791,0.0
2314039,6,IDFM:2333,IDFM:2327,13,0.012428480018570094,0.0
2314040,6,IDFM:472142,IDFM:471064,17,0.016093968841768246,0.0
2314041,6,IDFM:462441,IDFM:463278,206,0.06971337573598647,0.0
2314042,6,IDFM:monomodalStopPlace:58718,IDFM:463188,420,0.17851132794068567,0.0
2314043,6,IDFM:22368,IDFM:463074,313,0.28274471176878935,0.0
2314044,6,IDFM:490789,IDFM:490766,9,0.008131134641511942,0.0
2314045,6,IDFM:479013,IDFM:478992,6,0.006177850021615464,0.0
2314046,6,IDFM:22194,IDFM:463063,12,0.011367344892942131,0.0
2314047,6,IDFM:462441,IDFM:22219,206,0.05864664567747268,0.0
2314048,6,IDFM:463204,IDFM:22192,13,0.012191853616928918,0.0
2314049,6,IDFM:474424,IDFM:473828,237,0.21428122911793837,0.0
2314050,6,IDFM:22178,IDFM:463129,180,0.03505593175085818,0.0
2314051,6,IDFM:463198,IDFM:22193,180,0.14348552173888518,0.0
2314052,6,IDFM:22183,IDFM:463202,180,0.006149865264890291,0.0
2314053,6,IDFM:24111,IDFM:22042,198,0.05301263875796299,0.0
2314054,6,IDFM:21931,IDFM:22082,300,0.04626010727033795,0.0
2314055,6,IDFM:monomodalStopPlace:44877,IDFM:463160,780,0.757283249182481,0.0
2314056,6,IDFM:22141,IDFM:463073,12,0.011140970218942028,0.0
2314057,6,IDFM:463182,IDFM:462982,420,0.6660319866107713,0.0
2314058,6,IDFM:463095,IDFM:463008,292,0.26380933452940053,0.0
2314059,6,IDFM:463187,IDFM:21996,30,0.027930949960039374,0.0
2314060,6,IDFM:463144,IDFM:21932,11,0.01012449306745921,0.0
2314061,6,IDFM:463011,IDFM:463010,148,0.056074069308550765,0.0
2314062,6,IDFM:463109,IDFM:22233,10,0.009800125202359095,0.0
2314063,6,IDFM:463046,IDFM:monomodalStopPlace:470195,180,0.3194069049263619,0.0
2314064,6,IDFM:471341,IDFM:462969,375,0.33900352253485855,0.0
2314065,6,IDFM:463103,IDFM:22151,86,0.07062774239278279,0.0
2314066,6,IDFM:470761,IDFM:472625,8,0.0073547202193747175,0.0
2314067,6,IDFM:35930,IDFM:490851,360,0.1677800314009483,0.0
2314068,6,IDFM:463257,IDFM:monomodalStopPlace:415093,240,0.1690875348979274,0.0
2314069,6,IDFM:472142,IDFM:463066,374,0.33775550064025817,0.0
2314070,6,IDFM:463008,IDFM:463032,110,0.13360674902636654,0.0
2314071,6,IDFM:463142,IDFM:22210,31,0.028750879466077992,0.0
2314072,6,IDFM:462966,IDFM:21976,81,0.1053109173662146,0.0
2314073,6,IDFM:21983,IDFM:463306,373,0.3369851884830513,0.0
2314074,6,IDFM:monomodalStopPlace:470549,IDFM:22101,240,0.11860685785136231,0.0
2314075,6,IDFM:471887,IDFM:472968,11,0.010279208874893152,0.0
2314076,6,IDFM:490848,IDFM:490841,6,0.006177481035613846,0.0
2314077,6,IDFM:22239,IDFM:462976,10,0.009872881054743682,0.0
2314078,6,IDFM:21942,IDFM:463053,11,0.010600930014977038,0.0
2314079,6,IDFM:22233,IDFM:463109,10,0.009800125202359095,0.0
2314080,6,IDFM:22086,IDFM:463043,52,0.021636993129224888,0.0
2314081,6,IDFM:22006,IDFM:463003,42,0.03829256244923611,0.0
2314082,6,IDFM:29903,IDFM:22400,203,0.07607407932747233,0.0
2314083,6,IDFM:22092,IDFM:463060,264,0.37776440325952954,0.0
2314084,6,IDFM:463172,IDFM:22204,13,0.012106763381199905,0.0
2314085,6,IDFM:471607,IDFM:471604,20,0.01838220326279442,0.0
2314086,6,IDFM:22057,IDFM:463150,149,0.11811013157252177,0.0
2314087,6,IDFM:22184,IDFM:22181,180,0.057300896703402986,0.0
2314088,6,IDFM:463201,IDFM:22162,180,0.12933806849766755,0.0
2314089,6,IDFM:472308,IDFM:472325,13,0.012427915177403274,0.0
2314090,6,IDFM:monomodalStopPlace:43231,IDFM:472194,327,0.20731312206683136,0.0
2314091,6,IDFM:463182,IDFM:22007,12,0.010988956702046545,0.0
2314092,6,IDFM:22240,IDFM:22634,313,0.22542757876872882,0.0
2314093,6,IDFM:21963,IDFM:21911,480,0.3083443314745705,0.0
2314094,6,IDFM:472057,IDFM:monomodalStopPlace:43246,54,0.04913776477703405,0.0
2314095,6,IDFM:463059,IDFM:21925,106,0.04137644293691783,0.0
2314096,6,IDFM:462981,IDFM:21952,225,0.21214639849593486,0.0
2314097,6,IDFM:22012,IDFM:462999,12,0.010855899558390296,0.0
2314098,6,IDFM:470851,IDFM:472820,9,0.00813042365887211,0.0
2314099,6,IDFM:463311,IDFM:monomodalStopPlace:45705,420,0.379510534510277,0.0
2314100,6,IDFM:21959,IDFM:463159,14,0.012643165130462947,0.0
2314101,6,IDFM:462951,IDFM:462446,247,0.07785839893811712,0.0
2314102,6,IDFM:21937,IDFM:22026,345,0.312179307206875,0.0
2314103,6,IDFM:42129,IDFM:470851,180,0.10317267459495022,0.0
2314104,6,IDFM:28874,IDFM:28876,14,0.01285486360662275,0.0
2314105,6,IDFM:22030,IDFM:22195,180,0.14103153591534198,0.0
2314106,6,IDFM:463158,IDFM:21966,300,0.26588381382467163,0.0
2314107,6,IDFM:478980,IDFM:22373,248,0.09408981537906955,0.0
2314108,6,IDFM:22191,IDFM:463177,12,0.01091769254260236,0.0
2314109,6,IDFM:480290,IDFM:480330,13,0.01220366624574326,0.0
2314110,6,IDFM:23314,IDFM:22633,323,0.2915884308963644,0.0
2314111,6,IDFM:462972,IDFM:471064,313,0.282577901533594,0.0
2314112,6,IDFM:22042,IDFM:24114,213,0.040162006139247836,0.0
2314113,6,IDFM:24680,IDFM:22368,310,0.28017526322568576,0.0
2314114,6,IDFM:478977,IDFM:478997,125,0.11315888350580235,0.0
2314115,6,IDFM:490848,IDFM:24117,316,0.2854581496758072,0.0
2314116,6,IDFM:463123,IDFM:22060,12,0.011523196097513781,0.0
2314117,6,IDFM:22087,IDFM:463060,298,0.21971248732916246,0.0
2314118,6,IDFM:22185,IDFM:463198,11,0.010319858723102452,0.0
2314119,6,IDFM:481072,IDFM:monomodalStopPlace:47954,68,0.06151405645305878,0.0
2314120,6,IDFM:478980,IDFM:24126,180,0.10608242225569128,0.0
2314121,6,IDFM:22227,IDFM:478395,9,0.008349295394882496,0.0
2314122,6,IDFM:21932,IDFM:22388,107,0.03887639907627922,0.0
2314123,6,IDFM:486965,IDFM:486994,7,0.006701853694097835,0.0
2314124,6,IDFM:22135,IDFM:463016,30,0.02779581104726029,0.0
2314125,6,IDFM:41833,IDFM:10220,11,0.010318577750703535,0.0
2314126,6,IDFM:463180,IDFM:463181,300,0.05919099469405169,0.0
2314127,6,IDFM:490878,IDFM:490876,24,0.022057840808136074,0.0
2314128,6,IDFM:24426,IDFM:22395,199,0.06982983553686246,0.0
2314129,6,IDFM:486832,IDFM:486842,5,0.005140492621543957,0.0
2314130,6,IDFM:472273,IDFM:471064,34,0.031044341940723315,0.0
2314131,6,IDFM:486973,IDFM:486975,10,0.009875386786609094,0.0
2314132,6,IDFM:471604,IDFM:22387,375,0.3386993667364819,0.0
2314133,6,IDFM:463088,IDFM:463089,124,0.08761974667520796,0.0
2314134,6,IDFM:462971,IDFM:21911,480,0.2974720629869888,0.0
2314135,6,IDFM:22032,IDFM:471064,287,0.25959895638325087,0.0
2314136,6,IDFM:22087,IDFM:21966,250,0.10475043308371192,0.0
2314137,6,IDFM:463049,IDFM:463058,180,0.028113377929293408,0.0
2314138,6,IDFM:22113,IDFM:463230,13,0.011740904486554274,0.0
2314139,6,IDFM:22139,IDFM:21980,353,0.31900646634534635,0.0
2314140,6,IDFM:490841,IDFM:490848,6,0.006177481035613846,0.0
2314141,6,IDFM:28853,IDFM:28850,12,0.011693935826792833,0.0
2314142,6,IDFM:21937,IDFM:463316,348,0.3147059336096484,0.0
2314143,6,IDFM:22376,IDFM:22081,372,0.3359668516528827,0.0
2314144,6,IDFM:24114,IDFM:22042,213,0.040162006139247836,0.0
2314145,6,IDFM:24100,IDFM:monomodalStopPlace:473843,210,0.16973622715148495,0.0
2314146,6,IDFM:monomodalStopPlace:58566,IDFM:21963,240,0.3136212435757943,0.0
2314147,6,IDFM:463062,IDFM:22044,337,0.30463903711558915,0.0
2314148,6,IDFM:23314,IDFM:22634,323,0.2919264271877983,0.0
2314149,6,IDFM:35932,IDFM:460558,86,0.07773837741405064,0.0
2314150,6,IDFM:22170,IDFM:463042,348,0.31458997719396464,0.0
2314151,6,IDFM:463299,IDFM:21910,14,0.01269447227505742,0.0
2314152,6,IDFM:479001,IDFM:479000,12,0.011299763581797594,0.0
2314153,6,IDFM:463164,IDFM:463150,166,0.1284563155401548,0.0
2314154,6,IDFM:22114,IDFM:463089,131,0.09359246831200327,0.0
2314155,6,IDFM:463120,IDFM:22123,0,0.0,0.0
2314156,6,IDFM:463060,IDFM:21990,336,0.3035923140678646,0.0
2314157,6,IDFM:463268,IDFM:22164,12,0.011645082533730148,0.0
2314158,6,IDFM:21964,IDFM:462972,180,0.2878081874807908,0.0
2314159,6,IDFM:463026,IDFM:22365,2,0.0025655944963093908,0.0
2314160,6,IDFM:462971,IDFM:21964,297,0.2651685539018309,0.0
2314161,6,IDFM:22105,IDFM:monomodalStopPlace:43224,600,0.38879027141461664,0.0
2314162,6,IDFM:29900,IDFM:monomodalStopPlace:44787,258,0.20014743982521865,0.0
2314163,6,IDFM:478650,IDFM:478662,13,0.011973709798484422,0.0
2314164,6,IDFM:21965,IDFM:463081,12,0.011332495029731883,0.0
2314165,6,IDFM:monomodalStopPlace:46298,IDFM:478983,358,0.23611369412843158,0.0
2314166,6,IDFM:21990,IDFM:463060,336,0.3035923140678646,0.0
2314167,6,IDFM:480964,IDFM:24102,15,0.014377696051713277,0.0
2314168,6,IDFM:22194,IDFM:463064,180,0.13676385025791932,0.0
2314169,6,IDFM:463293,IDFM:22098,28,0.0253933030317978,0.0
2314170,6,IDFM:471341,IDFM:21962,318,0.2872374120381004,0.0
2314171,6,IDFM:462971,IDFM:21963,13,0.012228539728238981,0.0
2314172,6,IDFM:22095,IDFM:22094,180,0.16297379986186764,0.0
2314173,6,IDFM:monomodalStopPlace:58566,IDFM:471341,75,0.06816976514106599,0.0
2314174,6,IDFM:22032,IDFM:472142,303,0.27416187572658357,0.0
2314175,6,IDFM:478660,IDFM:478656,11,0.010826143346788842,0.0
2314176,6,IDFM:463031,IDFM:22394,11,0.010282964390847285,0.0
2314177,6,IDFM:471064,IDFM:472142,17,0.016093968841768246,0.0
2314178,6,IDFM:24426,IDFM:463200,199,0.06478176634308243,0.0
2314179,6,IDFM:monomodalStopPlace:470519,IDFM:463022,240,0.35579872473438573,0.0
2314180,6,IDFM:472194,IDFM:470688,12,0.011523434358441208,0.0
2314181,6,IDFM:472325,IDFM:monomodalStopPlace:43238,145,0.131717558874762,0.0
2314182,6,IDFM:monomodalStopPlace:45493,IDFM:480340,240,0.20668263495469083,0.0
2314183,6,IDFM:478656,IDFM:478660,11,0.010826143346788842,0.0
2314184,6,IDFM:471757,IDFM:472172,10,0.00988243410675074,0.0
2314185,6,IDFM:460563,IDFM:22077,226,0.14083132486033106,0.0
2314186,6,IDFM:486840,IDFM:486810,15,0.013951596740978078,0.0
2314187,6,IDFM:22157,IDFM:462954,15,0.013807919765712474,0.0
2314188,6,IDFM:22157,IDFM:462955,126,0.005830528995305045,0.0
2314189,6,IDFM:22077,IDFM:460560,222,0.13469584165286258,0.0
2314190,6,IDFM:22198,IDFM:463133,180,0.022269516394578057,0.0
2314191,6,IDFM:463104,IDFM:22158,118,0.0856451644293844,0.0
2314192,6,IDFM:22368,IDFM:22107,245,0.2729852220525921,0.0
2314193,6,IDFM:29903,IDFM:35946,12,0.011524735366798317,0.0
2314194,6,IDFM:462960,IDFM:21902,180,0.1097262175261119,0.0
2314195,6,IDFM:21902,IDFM:462960,180,0.1097262175261119,0.0
2314196,6,IDFM:486963,IDFM:486988,7,0.006692345347593123,0.0
2314197,6,IDFM:22040,IDFM:463116,355,0.32102797842324554,0.0
2314198,6,IDFM:463189,IDFM:monomodalStopPlace:58718,228,0.20670199895718172,0.0
2314199,6,IDFM:23307,IDFM:22261,10,0.00988265385292111,0.0
2314200,6,IDFM:463277,IDFM:24142,218,0.3906788934755427,0.0
2314201,6,IDFM:472273,IDFM:21964,352,0.31867133987423585,0.0
2314202,6,IDFM:24120,IDFM:22373,197,0.07390194734694878,0.0
2314203,6,IDFM:490881,IDFM:490879,14,0.013087723077670112,0.0
2314204,6,IDFM:463026,IDFM:463025,84,0.07600689753296284,0.0
2314205,6,IDFM:monomodalStopPlace:415093,IDFM:490882,60,0.05836649630956215,0.0
2314206,6,IDFM:463278,IDFM:462429,203,0.07437982809560029,0.0
2314207,6,IDFM:463061,IDFM:22091,175,0.14058707530582523,0.0
2314208,6,IDFM:42132,IDFM:42133,13,0.011973246375480112,0.0
2314209,6,IDFM:471604,IDFM:463182,251,0.22676687154283073,0.0
2314210,6,IDFM:463292,IDFM:22155,12,0.011627759960526085,0.0
2314211,6,IDFM:22190,IDFM:463162,17,0.015392790806777492,0.0
2314212,6,IDFM:472407,IDFM:472737,9,0.008370594913899104,0.0
2314213,6,IDFM:463110,IDFM:22128,96,0.04327869354591645,0.0
2314214,6,IDFM:21954,IDFM:463045,27,0.024762054202073717,0.0
2314215,6,IDFM:472857,IDFM:471825,60,0.014376341702046578,0.0
2314216,6,IDFM:24132,IDFM:24109,16,0.014542428239561301,0.0
2314217,6,IDFM:24139,IDFM:24107,13,0.011974284774618418,0.0
2314218,6,IDFM:481070,IDFM:480940,11,0.010383372140061265,0.0
2314219,6,IDFM:23427,IDFM:23429,32,0.02930123788460118,0.0
2314220,6,IDFM:490793,IDFM:490772,6,0.00574985718629877,0.0
2314221,6,IDFM:22090,IDFM:463010,6,0.006190499044447269,0.0
2314222,6,IDFM:462980,IDFM:22038,13,0.011832232325275038,0.0
2314223,6,IDFM:463092,IDFM:460547,203,0.07431678996147452,0.0
2314224,6,IDFM:24141,IDFM:24124,19,0.017473386218095816,0.0
2314225,6,IDFM:24403,IDFM:22003,393,0.3031681703513921,0.0
2314226,6,IDFM:471709,IDFM:472914,29,0.0267504220180225,0.0
2314227,6,IDFM:463260,IDFM:24128,206,0.15646139060023376,0.0
2314228,6,IDFM:24415,IDFM:21949,216,0.07870780533987291,0.0
2314229,6,IDFM:490895,IDFM:463258,60,0.04953078512520934,0.0
2314230,6,IDFM:22056,IDFM:463173,18,0.01646338845441671,0.0
2314231,6,IDFM:462997,IDFM:21945,0,0.0,0.0
2314232,6,IDFM:21947,IDFM:24415,216,0.019583175011037384,0.0
2314233,6,IDFM:28867,IDFM:28863,377,0.34086750907398,0.0
2314234,6,IDFM:463253,IDFM:463252,120,0.0888081680236557,0.0
2314235,6,IDFM:472077,IDFM:472657,9,0.008736037868667201,0.0
2314236,6,IDFM:463094,IDFM:22127,11,0.010154613164052176,0.0
2314237,6,IDFM:462445,IDFM:462438,16,0.014962292453318836,0.0
2314238,6,IDFM:462960,IDFM:21918,180,0.1606706935385441,0.0
2314239,6,IDFM:22004,IDFM:463289,13,0.012204916482748367,0.0
2314240,6,IDFM:471077,IDFM:471646,11,0.010262303521132802,0.0
2314241,6,IDFM:462955,IDFM:462980,396,0.3069769141772775,0.0
2314242,6,IDFM:monomodalStopPlace:43245,IDFM:471550,8,0.008074290529293624,0.0
2314243,6,IDFM:463262,IDFM:21947,14,0.013040007214134243,0.0
2314244,6,IDFM:22024,IDFM:462989,9,0.00875423639195316,0.0
2314245,6,IDFM:22082,IDFM:463181,9,0.008285450392177839,0.0
2314246,6,IDFM:480288,IDFM:monomodalStopPlace:43203,240,0.0835749430701475,0.0
2314247,6,IDFM:463190,IDFM:21927,13,0.012555160357263747,0.0
2314248,6,IDFM:462400,IDFM:monomodalStopPlace:46007,900,0.970499451630664,0.0
2314249,6,IDFM:monomodalStopPlace:412743,IDFM:24431,270,0.1810223586590777,0.0
2314250,6,IDFM:471341,IDFM:462972,313,0.2832658056266775,0.0
2314251,6,IDFM:21955,IDFM:monomodalStopPlace:45301,240,0.18266671858785963,0.0
2314252,6,IDFM:21959,IDFM:463160,180,0.1800623907544102,0.0
2314253,6,IDFM:463200,IDFM:22395,26,0.023979303289994355,0.0
2314254,6,IDFM:monomodalStopPlace:479059,IDFM:471422,74,0.06762738255983533,0.0
2314255,6,IDFM:23305,IDFM:22629,381,0.3440148371082598,0.0
2314256,6,IDFM:22057,IDFM:22085,109,0.11366314081798645,0.0
2314257,6,IDFM:463245,IDFM:462989,361,0.32648099111319745,0.0
2314258,6,IDFM:462954,IDFM:monomodalStopPlace:43238,240,0.614331478548744,0.0
2314259,6,IDFM:22220,IDFM:462951,10,0.009244679467730183,0.0
2314260,6,IDFM:463033,IDFM:24681,60,0.06911241488025989,0.0
2314261,6,IDFM:42106,IDFM:42115,10,0.009743299035323626,0.0
2314262,6,IDFM:471822,IDFM:472914,57,0.051625058164395096,0.0
2314263,6,IDFM:463126,IDFM:22240,11,0.010572296104802013,0.0
2314264,6,IDFM:22367,IDFM:471607,242,0.21929697958158872,0.0
2314265,6,IDFM:490876,IDFM:463256,240,0.3208390107428895,0.0
2314266,6,IDFM:22261,IDFM:23307,10,0.00988265385292111,0.0
2314267,6,IDFM:480341,IDFM:monomodalStopPlace:43203,240,0.07801303459171915,0.0
2314268,6,IDFM:28867,IDFM:28862,377,0.34043298375708214,0.0
2314269,6,IDFM:22370,IDFM:463267,28,0.025331514311238215,0.0
2314270,6,IDFM:monomodalStopPlace:473890,IDFM:22151,104,0.1315713816672017,0.0
2314271,6,IDFM:21983,IDFM:monomodalStopPlace:44877,300,0.2554099331327672,0.0
2314272,6,IDFM:486899,IDFM:486898,11,0.010321335035357352,0.0
2314273,6,IDFM:22008,IDFM:463146,229,0.20696153675344375,0.0
2314274,6,IDFM:29379,IDFM:463007,203,0.08329283342061994,0.0
2314275,6,IDFM:21962,IDFM:21963,180,0.08483905320304619,0.0
2314276,6,IDFM:462943,IDFM:462942,154,0.1745667382307075,0.0
2314277,6,IDFM:42111,IDFM:42113,18,0.017050775096929753,0.0
2314278,6,IDFM:486812,IDFM:2342,146,0.13225440638988967,0.0
2314279,6,IDFM:463316,IDFM:462961,284,0.256730399955531,0.0
2314280,6,IDFM:22005,IDFM:463027,33,0.02998706771109065,0.0
2314281,6,IDFM:23444,IDFM:22302,15,0.01380805566282887,0.0
2314282,6,IDFM:21903,IDFM:21918,134,0.09039016179587711,0.0
2314283,6,IDFM:463141,IDFM:22386,339,0.30685015667002186,0.0
2314284,6,IDFM:490835,IDFM:35930,360,0.16969120334402846,0.0
2314285,6,IDFM:22030,IDFM:463144,334,0.3018783226037754,0.0
2314286,6,IDFM:21975,IDFM:463237,13,0.012112072172475528,0.0
2314287,6,IDFM:463037,IDFM:22196,14,0.013091147068201383,0.0
2314288,6,IDFM:24680,IDFM:21952,161,0.12019038736762631,0.0
2314289,6,IDFM:463060,IDFM:21959,360,0.3718147192759785,0.0
2314290,6,IDFM:463320,IDFM:22226,12,0.011524007550014556,0.0
2314291,6,IDFM:monomodalStopPlace:43219,IDFM:472737,37,0.034181953339876545,0.0
2314292,6,IDFM:463304,IDFM:463062,330,0.29875459264124254,0.0
2314293,6,IDFM:22031,IDFM:22117,310,0.28063107230491163,0.0
2314294,6,IDFM:470966,IDFM:472416,51,0.04666371083513227,0.0
2314295,6,IDFM:monomodalStopPlace:43224,IDFM:463130,600,0.3774312216344262,0.0
2314296,6,IDFM:22101,IDFM:463193,9,0.008370139095215615,0.0
2314297,6,IDFM:463008,IDFM:463095,292,0.26380933452940053,0.0
2314298,6,IDFM:471473,IDFM:471335,202,0.18302927103505695,0.0
2314299,6,IDFM:22239,IDFM:490794,840,0.284757906570668,0.0
2314300,6,IDFM:490774,IDFM:22239,840,0.2710746429213878,0.0
2314301,6,IDFM:460563,IDFM:463012,226,0.1477805528226502,0.0
2314302,6,IDFM:463078,IDFM:463077,76,0.04327971733504519,0.0
2314303,6,IDFM:463108,IDFM:463122,99,0.0324518124980111,0.0
2314304,6,IDFM:22189,IDFM:463162,327,0.29583544205825757,0.0
2314305,6,IDFM:22398,IDFM:463107,13,0.012414830246903232,0.0
2314306,6,IDFM:480341,IDFM:480288,10,0.009872988831618527,0.0
2314307,6,IDFM:478979,IDFM:22373,250,0.09380707425062577,0.0
2314308,6,IDFM:472184,IDFM:471205,70,0.06407879565795678,0.0
2314309,6,IDFM:463133,IDFM:463115,180,0.005779910539981248,0.0
2314310,6,IDFM:463030,IDFM:24120,197,0.07074101158650754,0.0
2314311,6,IDFM:22060,IDFM:463123,12,0.011523196097513781,0.0
2314312,6,IDFM:463287,IDFM:21991,29,0.026837525536209994,0.0
2314313,6,IDFM:480908,IDFM:494486,2,0.0025700395218779485,0.0
2314314,6,IDFM:24116,IDFM:24101,120,0.10860909327091224,0.0
2314315,6,IDFM:462961,IDFM:462960,180,0.06097957301116842,0.0
2314316,6,IDFM:471064,IDFM:22218,358,0.3235921398819327,0.0
2314317,6,IDFM:23429,IDFM:23427,32,0.02930123788460118,0.0
2314318,6,IDFM:471604,IDFM:463183,290,0.26208915681189426,0.0
2314319,6,IDFM:463189,IDFM:21926,59,0.01691459733744421,0.0
2314320,6,IDFM:463025,IDFM:463026,162,0.07600689753296284,0.0
2314321,6,IDFM:22118,IDFM:21952,229,0.20728339382437774,0.0
2314322,6,IDFM:471825,IDFM:472211,60,0.004137792455991863,0.0
2314323,6,IDFM:22079,IDFM:463249,99,0.15264824897319695,0.0
2314324,6,IDFM:21902,IDFM:21903,101,0.07396613216095377,0.0
2314325,6,IDFM:21918,IDFM:462962,180,0.00420728681237048,0.0
2314326,6,IDFM:monomodalStopPlace:58759,IDFM:22094,240,0.11587032726923899,0.0
2314327,6,IDFM:monomodalStopPlace:45102,IDFM:463060,480,0.6308324495158789,0.0
2314328,6,IDFM:monomodalStopPlace:58759,IDFM:463042,240,0.07147136980972624,0.0
2314329,6,IDFM:monomodalStopPlace:43134,IDFM:471199,11,0.010433683596178179,0.0
2314330,6,IDFM:462996,IDFM:462954,338,0.3650536341164186,0.0
2314331,6,IDFM:490851,IDFM:35937,540,0.2428746993806886,0.0
2314332,6,IDFM:463121,IDFM:22088,16,0.014542221964250616,0.0
2314333,6,IDFM:462954,IDFM:462980,241,0.3207590808082926,0.0
2314334,6,IDFM:472104,IDFM:monomodalStopPlace:43219,49,0.04450691022151505,0.0
2314335,6,IDFM:473828,IDFM:29894,139,0.1262798929011494,0.0
2314336,6,IDFM:470851,IDFM:42129,180,0.10317267459495022,0.0
2314337,6,IDFM:42133,IDFM:42132,13,0.011973246375480112,0.0
2314338,6,IDFM:474397,IDFM:22224,10,0.009456937644020709,0.0
2314339,6,IDFM:462436,IDFM:462951,237,0.05900555771960364,0.0
2314340,6,IDFM:22087,IDFM:463158,130,0.17323092537788948,0.0
2314341,6,IDFM:463028,IDFM:462942,200,0.1396902859261366,0.0
2314342,6,IDFM:22365,IDFM:22168,116,0.10441856466021131,0.0
2314343,6,IDFM:472571,IDFM:monomodalStopPlace:411390,50,0.04547182733858154,0.0
2314344,6,IDFM:463181,IDFM:22082,9,0.008285450392177839,0.0
2314345,6,IDFM:22206,IDFM:463226,13,0.012223608759702723,0.0
2314346,6,IDFM:21903,IDFM:462946,60,0.06500074446922169,0.0
2314347,6,IDFM:22091,IDFM:463061,194,0.14058707530582523,0.0
2314348,6,IDFM:486991,IDFM:486976,9,0.008277500439892574,0.0
2314349,6,IDFM:29896,IDFM:29895,13,0.012415150343793225,0.0
2314350,6,IDFM:472652,IDFM:473004,8,0.008121143627532997,0.0
2314351,6,IDFM:460560,IDFM:26534,120,0.04443170380170701,0.0
2314352,6,IDFM:462942,IDFM:monomodalStopPlace:473875,153,0.0954582795960479,0.0
2314353,6,IDFM:21962,IDFM:462969,180,0.2815967111755039,0.0
2314354,6,IDFM:471289,IDFM:472618,9,0.00836979943064739,0.0
2314355,6,IDFM:22106,IDFM:462988,13,0.01261972847104682,0.0
2314356,6,IDFM:463186,IDFM:22173,9,0.00854817484190278,0.0
2314357,6,IDFM:471056,IDFM:monomodalStopPlace:43100,8,0.007990837075834414,0.0
2314358,6,IDFM:22037,IDFM:463174,38,0.0345027269265811,0.0
2314359,6,IDFM:463050,IDFM:24135,208,0.014539518784824923,0.0
2314360,6,IDFM:463179,IDFM:22393,12,0.011331201345791627,0.0
2314361,6,IDFM:40067,IDFM:24125,11,0.010573121555327527,0.0
2314362,6,IDFM:472968,IDFM:471887,11,0.010279208874893152,0.0
2314363,6,IDFM:462962,IDFM:462960,180,0.1571413789489152,0.0
2314364,6,IDFM:monomodalStopPlace:58718,IDFM:462972,300,0.3976925627003975,0.0
2314365,6,IDFM:462954,IDFM:462955,101,0.019637962811358288,0.0
2314366,6,IDFM:22098,IDFM:463293,28,0.0253933030317978,0.0
2314367,6,IDFM:42114,IDFM:42110,110,0.09958815540076153,0.0
2314368,6,IDFM:472273,IDFM:22225,255,0.23034515063742364,0.0
2314369,6,IDFM:21959,IDFM:463079,420,0.26484651300781775,0.0
2314370,6,IDFM:471422,IDFM:monomodalStopPlace:479059,74,0.06762738255983533,0.0
2314371,6,IDFM:463315,IDFM:21979,13,0.01222882955786911,0.0
2314372,6,IDFM:463160,IDFM:21990,368,0.3327809198302744,0.0
2314373,6,IDFM:490917,IDFM:490908,7,0.0064964571349773,0.0
2314374,6,IDFM:21918,IDFM:462963,23,0.021438364687208004,0.0
2314375,6,IDFM:35943,IDFM:35938,11,0.010263064738325577,0.0
2314376,6,IDFM:monomodalStopPlace:45437,IDFM:463256,240,0.35104626764935154,0.0
2314377,6,IDFM:462962,IDFM:462961,180,0.09635384047802374,0.0
2314378,6,IDFM:28854,IDFM:28859,369,0.33311989338682907,0.0
2314379,6,IDFM:463063,IDFM:21965,180,0.09412565829797383,0.0
2314380,6,IDFM:462946,IDFM:22026,265,0.24006379329566876,0.0
2314381,6,IDFM:monomodalStopPlace:45102,IDFM:22364,480,0.6207686033689158,0.0
2314382,6,IDFM:463208,IDFM:22146,11,0.010602275622041671,0.0
2314383,6,IDFM:462441,IDFM:480541,206,0.08085530335869894,0.0
2314384,6,IDFM:22388,IDFM:463244,381,0.3446728451508114,0.0
2314385,6,IDFM:463072,IDFM:463091,144,0.039905165266291794,0.0
2314386,6,IDFM:471958,IDFM:472625,52,0.04780586105462154,0.0
2314387,6,IDFM:22133,IDFM:22054,373,0.33759612690493146,0.0
2314388,6,IDFM:460558,IDFM:35932,86,0.07773837741405064,0.0
2314389,6,IDFM:463261,IDFM:25633,219,0.09459821158705857,0.0
2314390,6,IDFM:462982,IDFM:22007,420,0.6676960982426672,0.0
2314391,6,IDFM:21981,IDFM:471646,331,0.29889122158758086,0.0
2314392,6,IDFM:22080,IDFM:463028,90,0.06571970390985035,0.0
2314393,6,IDFM:22119,IDFM:463183,420,0.6836116064961026,0.0
2314394,6,IDFM:22630,IDFM:22631,10,0.009743492959589616,0.0
2314395,6,IDFM:472308,IDFM:472319,28,0.026176243908656204,0.0
2314396,6,IDFM:463157,IDFM:22391,13,0.012163568030340426,0.0
2314397,6,IDFM:22364,IDFM:463160,284,0.21353827242978568,0.0
2314398,6,IDFM:463043,IDFM:22094,12,0.011560890541134813,0.0
2314399,6,IDFM:471097,IDFM:monomodalStopPlace:411504,12,0.011430001052831444,0.0
2314400,6,IDFM:22128,IDFM:463110,95,0.04327869354591645,0.0
2314401,6,IDFM:21964,IDFM:471064,374,0.33842755211151926,0.0
2314402,6,IDFM:22039,IDFM:22166,115,0.0639910699455876,0.0
2314403,6,IDFM:22196,IDFM:22024,363,0.3279107159674808,0.0
2314404,6,IDFM:463117,IDFM:22122,13,0.011753831702491509,0.0
2314405,6,IDFM:monomodalStopPlace:470519,IDFM:463183,356,0.32166206404068526,0.0
2314406,6,IDFM:463252,IDFM:22129,75,0.0820526834069173,0.0
2314407,6,IDFM:24118,IDFM:22140,218,0.048829287468064475,0.0
2314408,6,IDFM:24408,IDFM:21913,224,0.07368064611648463,0.0
2314409,6,IDFM:24426,IDFM:22629,18,0.01707290772834392,0.0
2314410,6,IDFM:22225,IDFM:471341,269,0.2431273215531497,0.0
2314411,6,IDFM:22395,IDFM:23295,368,0.33252640503040315,0.0
2314412,6,IDFM:22096,IDFM:22057,180,0.1077477383881273,0.0
2314413,6,IDFM:486883,IDFM:494313,170,0.1543054912006879,0.0
2314414,6,IDFM:21937,IDFM:462961,180,0.058086276195906665,0.0
2314415,6,IDFM:22178,IDFM:463128,1,0.0016240401372475818,0.0
2314416,6,IDFM:25647,IDFM:23445,9,0.008349287283236147,0.0
2314417,6,IDFM:462996,IDFM:462980,108,0.044893311756241394,0.0
2314418,6,IDFM:25641,IDFM:monomodalStopPlace:470549,240,0.13678182140423928,0.0
2314419,6,IDFM:490848,IDFM:463224,180,0.13182955061785254,0.0
2314420,6,IDFM:21910,IDFM:463096,284,0.2569318370311378,0.0
2314421,6,IDFM:471399,IDFM:472483,67,0.06116821655804748,0.0
2314422,6,IDFM:463064,IDFM:21965,180,0.10183699878540205,0.0
2314423,6,IDFM:22018,IDFM:463072,120,0.04781213047317362,0.0
2314424,6,IDFM:462996,IDFM:22157,311,0.35502591157123076,0.0
2314425,6,IDFM:42111,IDFM:42106,352,0.31844705809522206,0.0
2314426,6,IDFM:2272,IDFM:2271,7,0.006899015210108094,0.0
2314427,6,IDFM:22118,IDFM:463132,379,0.34239387532992094,0.0
2314428,6,IDFM:monomodalStopPlace:470549,IDFM:463193,240,0.11584464308355927,0.0
2314429,6,IDFM:monomodalStopPlace:58718,IDFM:462970,300,0.340748843707475,0.0
2314430,6,IDFM:470860,IDFM:472625,53,0.048743285545364196,0.0
2314431,6,IDFM:22192,IDFM:463204,13,0.012191853616928918,0.0
2314432,6,IDFM:21980,IDFM:22139,353,0.31900646634534635,0.0
2314433,6,IDFM:463249,IDFM:463227,90,0.1501466090973888,0.0
2314434,6,IDFM:monomodalStopPlace:46007,IDFM:486834,186,0.1682629187498717,0.0
2314435,6,IDFM:monomodalStopPlace:470519,IDFM:22013,240,0.36107782064465693,0.0
2314436,6,IDFM:2342,IDFM:486839,159,0.14370136340913883,0.0
2314437,6,IDFM:22046,IDFM:463317,12,0.011048947061655295,0.0
2314438,6,IDFM:22237,IDFM:482428,209,0.09565972153685558,0.0
2314439,6,IDFM:22627,IDFM:22626,10,0.009264664450118492,0.0
2314440,6,IDFM:22224,IDFM:462957,55,0.04837768767193119,0.0
2314441,6,IDFM:22225,IDFM:471064,276,0.24928627584460614,0.0
2314442,6,IDFM:463067,IDFM:22072,11,0.010663949842956608,0.0
2314443,6,IDFM:463311,IDFM:22045,3,0.003248036861365288,0.0
2314444,6,IDFM:463132,IDFM:22118,379,0.34239387532992094,0.0
2314445,6,IDFM:22200,IDFM:21905,264,0.23849706808702897,0.0
2314446,6,IDFM:24126,IDFM:22373,199,0.07440710520335028,0.0
2314447,6,IDFM:24120,IDFM:463030,197,0.07074101158650754,0.0
2314448,6,IDFM:471363,IDFM:471199,19,0.017223534402046724,0.0
2314449,6,IDFM:22368,IDFM:463008,12,0.011051877263049393,0.0
2314450,6,IDFM:28850,IDFM:28853,12,0.011693935826792833,0.0
2314451,6,IDFM:463072,IDFM:22142,22,0.02002815578034118,0.0
2314452,6,IDFM:24681,IDFM:463034,6,0.005806930214135369,0.0
2314453,6,IDFM:463291,IDFM:22131,30,0.027194218938116164,0.0
2314454,6,IDFM:monomodalStopPlace:58566,IDFM:22218,240,0.28384567853121556,0.0
2314455,6,IDFM:21988,IDFM:463137,10,0.009636226400761682,0.0
2314456,6,IDFM:463244,IDFM:22195,10,0.00926014127996469,0.0
2314457,6,IDFM:463090,IDFM:22033,8,0.007271145753453663,0.0
2314458,6,IDFM:470800,IDFM:472536,4,0.0041414733268479685,0.0
2314459,6,IDFM:462959,IDFM:21977,29,0.02690463769127821,0.0
2314460,6,IDFM:472969,IDFM:monomodalStopPlace:43078,252,0.1366765515740735,0.0
2314461,6,IDFM:472742,IDFM:monomodalStopPlace:411467,30,0.02768516376592861,0.0
2314462,6,IDFM:462980,IDFM:monomodalStopPlace:43238,420,0.9309660771475906,0.0
2314463,6,IDFM:462963,IDFM:21937,180,0.1378586030583668,0.0
2314464,6,IDFM:22073,IDFM:463028,6,0.006047398540131815,0.0
2314465,6,IDFM:22118,IDFM:463074,143,0.09472316470171878,0.0
2314466,6,IDFM:22366,IDFM:463157,345,0.3119254361211646,0.0
2314467,6,IDFM:481068,IDFM:480925,7,0.0069941794762350285,0.0
2314468,6,IDFM:463224,IDFM:490841,180,0.1277059646897316,0.0
2314469,6,IDFM:463239,IDFM:21923,11,0.010810362478677683,0.0
2314470,6,IDFM:22196,IDFM:463036,180,0.066083889550455,0.0
2314471,6,IDFM:monomodalStopPlace:47917,IDFM:472379,120,0.10857122608988881,0.0
2314472,6,IDFM:22152,IDFM:463148,30,0.02766004986731959,0.0
2314473,6,IDFM:22027,IDFM:22106,72,0.03095751437731199,0.0
2314474,6,IDFM:478985,IDFM:478983,12,0.01132163980770308,0.0
2314475,6,IDFM:21925,IDFM:463048,285,0.2577723722987058,0.0
2314476,6,IDFM:463003,IDFM:463026,162,0.09360754997276935,0.0
2314477,6,IDFM:463081,IDFM:463064,180,0.09676226426062899,0.0
2314478,6,IDFM:24400,IDFM:24397,14,0.012665451481245248,0.0
2314479,6,IDFM:29894,IDFM:490917,780,0.537280234557369,0.0
2314480,6,IDFM:463252,IDFM:22115,12,0.01094764225406813,0.0
2314481,6,IDFM:2342,IDFM:2344,13,0.012414488779646503,0.0
2314482,6,IDFM:monomodalStopPlace:473890,IDFM:463104,192,0.14047822205842275,0.0
2314483,6,IDFM:471787,IDFM:472765,47,0.042777793767891904,0.0
2314484,6,IDFM:462966,IDFM:462967,99,0.08458605154837089,0.0
2314485,6,IDFM:21965,IDFM:21961,180,0.09015793901113628,0.0
2314486,6,IDFM:monomodalStopPlace:43080,IDFM:470824,8,0.007361378471193659,0.0
2314487,6,IDFM:463138,IDFM:22008,13,0.012248942125387885,0.0
2314488,6,IDFM:478662,IDFM:478650,13,0.011973709798484422,0.0
2314489,6,IDFM:463005,IDFM:monomodalStopPlace:58757,362,0.3269399134304451,0.0
2314490,6,IDFM:463316,IDFM:462960,350,0.31646843364239435,0.0
2314491,6,IDFM:21961,IDFM:463064,13,0.012285214687836518,0.0
2314492,6,IDFM:462981,IDFM:24680,133,0.09887413184214866,0.0
2314493,6,IDFM:21952,IDFM:463008,304,0.2745827035971434,0.0
2314494,6,IDFM:21930,IDFM:462956,13,0.01201436871974817,0.0
2314495,6,IDFM:470688,IDFM:472194,12,0.011523434358441208,0.0
2314496,6,IDFM:462440,IDFM:462430,11,0.010584137250943287,0.0
2314497,6,IDFM:486837,IDFM:486816,12,0.011479005682148574,0.0
2314498,6,IDFM:480330,IDFM:22243,180,0.01307609742571795,0.0
2314499,6,IDFM:463176,IDFM:21943,0,0.0,0.0
2314500,6,IDFM:22195,IDFM:monomodalStopPlace:45873,240,0.3057544583671252,0.0
2314501,6,IDFM:462971,IDFM:462970,108,0.05031939306442101,0.0
2314502,6,IDFM:462946,IDFM:21918,119,0.10486126952040517,0.0
2314503,6,IDFM:463019,IDFM:22010,96,0.1703067218032434,0.0
2314504,6,IDFM:22367,IDFM:470833,214,0.19359014330187063,0.0
2314505,6,IDFM:460560,IDFM:463012,222,0.14058841954716836,0.0
2314506,6,IDFM:463118,IDFM:22154,11,0.010445831946339345,0.0
2314507,6,IDFM:21961,IDFM:22194,180,0.12652202358031206,0.0
2314508,6,IDFM:478989,IDFM:478988,9,0.008737361805595147,0.0
2314509,6,IDFM:471837,IDFM:472376,10,0.009270910667076382,0.0
2314510,6,IDFM:21925,IDFM:463054,14,0.013396763812121095,0.0
2314511,6,IDFM:463128,IDFM:monomodalStopPlace:479035,240,0.44776085007762695,0.0
2314512,6,IDFM:22105,IDFM:463130,14,0.013456139679000945,0.0
2314513,6,IDFM:463069,IDFM:471064,294,0.26592128658901776,0.0
2314514,6,IDFM:22022,IDFM:463276,30,0.027602427589872566,0.0
2314515,6,IDFM:monomodalStopPlace:43072,IDFM:463023,240,0.33228014932961614,0.0
2314516,6,IDFM:463119,IDFM:22036,16,0.014630488337127821,0.0
2314517,6,IDFM:463282,IDFM:24410,360,0.24178877321765638,0.0
2314518,6,IDFM:463244,IDFM:22388,381,0.3446728451508114,0.0
2314519,6,IDFM:463246,IDFM:463245,160,0.19400903566341074,0.0
2314520,6,IDFM:463064,IDFM:21961,13,0.012285214687836518,0.0
2314521,6,IDFM:22298,IDFM:22299,26,0.023882337385068328,0.0
2314522,6,IDFM:462980,IDFM:22156,396,0.3102742096972792,0.0
2314523,6,IDFM:463082,IDFM:24679,14,0.01270121943541278,0.0
2314524,6,IDFM:monomodalStopPlace:462394,IDFM:462982,360,0.41918342815118936,0.0
2314525,6,IDFM:22364,IDFM:22087,300,0.2092855889032114,0.0
2314526,6,IDFM:462989,IDFM:463245,361,0.32648099111319745,0.0
2314527,6,IDFM:490841,IDFM:22380,312,0.28169726349446234,0.0
2314528,6,IDFM:460559,IDFM:35945,23,0.021180626969868954,0.0
2314529,6,IDFM:24409,IDFM:21947,194,0.01948701040222886,0.0
2314530,6,IDFM:21962,IDFM:22218,180,0.06173483128518761,0.0
2314531,6,IDFM:29894,IDFM:490908,780,0.5393887609625907,0.0
2314532,6,IDFM:490774,IDFM:monomodalStopPlace:43204,840,0.42408534030489037,0.0
2314533,6,IDFM:471077,IDFM:21981,331,0.29949618891096924,0.0
2314534,6,IDFM:486822,IDFM:486847,7,0.0064965868260055066,0.0
2314535,6,IDFM:462956,IDFM:463239,367,0.3321760152266214,0.0
2314536,6,IDFM:463304,IDFM:22050,331,0.2996374760869686,0.0
2314537,6,IDFM:22194,IDFM:21965,180,0.10399904402658777,0.0
2314538,6,IDFM:22214,IDFM:463047,13,0.01175942891743586,0.0
2314539,6,IDFM:21966,IDFM:22364,250,0.10680584383308853,0.0
2314540,6,IDFM:21966,IDFM:463060,250,0.11639448578490919,0.0
2314541,6,IDFM:462962,IDFM:22026,600,0.15835878729560524,0.0
2314542,6,IDFM:22022,IDFM:24419,225,0.11858803227285136,0.0
2314543,6,IDFM:29904,IDFM:29905,13,0.011975251195809933,0.0
2314544,6,IDFM:22190,IDFM:21987,352,0.3178592363346829,0.0
2314545,6,IDFM:478649,IDFM:478652,10,0.009172909132941972,0.0
2314546,6,IDFM:24117,IDFM:490841,320,0.2893979556859338,0.0
2314547,6,IDFM:21906,IDFM:463189,14,0.0131683503919399,0.0
2314548,6,IDFM:22073,IDFM:462943,200,0.053261052683281615,0.0
2314549,6,IDFM:22138,IDFM:22051,320,0.28921078707812886,0.0
2314550,6,IDFM:24141,IDFM:24137,354,0.3197378673643193,0.0
2314551,6,IDFM:22218,IDFM:463300,480,0.313176473430928,0.0
2314552,6,IDFM:42102,IDFM:42112,15,0.013846343618136497,0.0
2314553,6,IDFM:22013,IDFM:monomodalStopPlace:470519,240,0.36107782064465693,0.0
2314554,6,IDFM:22170,IDFM:463102,31,0.028378986107498526,0.0
2314555,6,IDFM:471744,IDFM:471001,12,0.01090986850122808,0.0
2314556,6,IDFM:monomodalStopPlace:43076,IDFM:486898,347,0.3138885391442355,0.0
2314557,6,IDFM:monomodalStopPlace:58572,IDFM:463183,240,0.22241914881886762,0.0
2314558,6,IDFM:486830,IDFM:486843,6,0.006191070727126711,0.0
2314559,6,IDFM:463060,IDFM:monomodalStopPlace:44877,780,0.5581286862354807,0.0
2314560,6,IDFM:463200,IDFM:22629,212,0.08184687284147045,0.0
2314561,6,IDFM:monomodalStopPlace:43251,IDFM:479384,217,0.11780546245912178,0.0
2314562,6,IDFM:480938,IDFM:481065,14,0.013109314389594312,0.0
2314563,6,IDFM:22385,IDFM:463224,120,0.010853458138211895,0.0
2314564,6,IDFM:24412,IDFM:24420,11,0.01041286547794905,0.0
2314565,6,IDFM:24422,IDFM:24421,90,0.08144133996425484,0.0
2314566,6,IDFM:463008,IDFM:22107,247,0.2651472250576285,0.0
2314567,6,IDFM:472172,IDFM:471757,10,0.00988243410675074,0.0
2314568,6,IDFM:463135,IDFM:22188,18,0.016325303937424693,0.0
2314569,6,IDFM:462973,IDFM:462974,188,0.0529012865456302,0.0
2314570,6,IDFM:463183,IDFM:462982,600,0.6949219125358914,0.0
2314571,6,IDFM:22024,IDFM:463245,360,0.3254528113562234,0.0
2314572,6,IDFM:monomodalStopPlace:47910,IDFM:471462,61,0.05581895700742282,0.0
2314573,6,IDFM:22204,IDFM:463172,13,0.012106763381199905,0.0
2314574,6,IDFM:24102,IDFM:480964,15,0.014377696051713277,0.0
2314575,6,IDFM:22183,IDFM:21969,180,0.02440857715513279,0.0
2314576,6,IDFM:462944,IDFM:monomodalStopPlace:44877,300,0.285215191752471,0.0
2314577,6,IDFM:monomodalStopPlace:412743,IDFM:42126,314,0.19754871520521328,0.0
2314578,6,IDFM:22006,IDFM:22168,47,0.04298416626359231,0.0
2314579,6,IDFM:21959,IDFM:22364,360,0.3639896999467011,0.0
2314580,6,IDFM:463060,IDFM:22087,309,0.21971248732916246,0.0
2314581,6,IDFM:483904,IDFM:483898,6,0.005847149896340085,0.0
2314582,6,IDFM:462969,IDFM:472142,375,0.3389401841891978,0.0
2314583,6,IDFM:21918,IDFM:21937,180,0.15804450337884862,0.0
2314584,6,IDFM:463077,IDFM:22386,85,0.04327971733504519,0.0
2314585,6,IDFM:monomodalStopPlace:47954,IDFM:480906,77,0.06971899352415542,0.0
2314586,6,IDFM:471646,IDFM:463023,350,0.3161598082187849,0.0
2314587,6,IDFM:462943,IDFM:22073,90,0.053261052683281615,0.0
2314588,6,IDFM:monomodalStopPlace:45705,IDFM:463311,420,0.379510534510277,0.0
2314589,6,IDFM:22374,IDFM:24399,221,0.06364507032936942,0.0
2314590,6,IDFM:24421,IDFM:24422,90,0.08144133996425484,0.0
2314591,6,IDFM:22624,IDFM:22015,226,0.08162442340715645,0.0
2314592,6,IDFM:463134,IDFM:24686,90,0.012659760482826136,0.0
2314593,6,IDFM:463040,IDFM:22103,9,0.008131371052128914,0.0
2314594,6,IDFM:22195,IDFM:463244,10,0.00926014127996469,0.0
2314595,6,IDFM:22089,IDFM:463018,75,0.15947445050314576,0.0
2314596,6,IDFM:monomodalStopPlace:58572,IDFM:22149,240,0.23213958037767035,0.0
2314597,6,IDFM:490848,IDFM:22385,180,0.13061233645143636,0.0
2314598,6,IDFM:22083,IDFM:463197,14,0.012701920403338904,0.0
2314599,6,IDFM:29902,IDFM:413057,12,0.011467320609407054,0.0
2314600,6,IDFM:22387,IDFM:22013,67,0.025532473755302328,0.0
2314601,6,IDFM:22013,IDFM:22148,117,0.0303145615509907,0.0
2314602,6,IDFM:monomodalStopPlace:45437,IDFM:22111,240,0.3112990490291208,0.0
2314603,6,IDFM:471097,IDFM:471890,25,0.022860001851663158,0.0
2314604,6,IDFM:463221,IDFM:21941,35,0.03240714175100696,0.0
2314605,6,IDFM:41851,IDFM:41854,14,0.012650792391930293,0.0
2314606,6,IDFM:21959,IDFM:463158,180,0.048172539266642576,0.0
2314607,6,IDFM:28869,IDFM:28870,10,0.00927018675980543,0.0
2314608,6,IDFM:463052,IDFM:21935,11,0.010601054813290009,0.0
2314609,6,IDFM:462983,IDFM:22126,29,0.026231096249945816,0.0
2314610,6,IDFM:22386,IDFM:463141,339,0.30685015667002186,0.0
2314611,6,IDFM:22158,IDFM:463103,11,0.009950333964884754,0.0
2314612,6,IDFM:21989,IDFM:463136,0,0.0,0.0
2314613,6,IDFM:24407,IDFM:24413,16,0.015124178237907777,0.0
2314614,6,IDFM:463160,IDFM:21959,420,0.1800623907544102,0.0
2314615,6,IDFM:463229,IDFM:22222,10,0.009882910334064085,0.0
2314616,6,IDFM:480541,IDFM:480531,6,0.006190136308366014,0.0
2314617,6,IDFM:22162,IDFM:463202,143,0.10840518735709204,0.0
2314618,6,IDFM:42117,IDFM:42125,14,0.012664554544027594,0.0
2314619,6,IDFM:22038,IDFM:462996,108,0.035403075109407225,0.0
2314620,6,IDFM:463023,IDFM:463024,98,0.08936594908781728,0.0
2314621,6,IDFM:22395,IDFM:24426,199,0.06982983553686246,0.0
2314622,6,IDFM:463129,IDFM:monomodalStopPlace:479035,240,0.4746305023721494,0.0
2314623,6,IDFM:28873,IDFM:28875,11,0.010278981990929267,0.0
2314624,6,IDFM:24106,IDFM:24120,374,0.3380990141041908,0.0
2314625,6,IDFM:413057,IDFM:29902,12,0.011467320609407054,0.0
2314626,6,IDFM:463246,IDFM:22388,334,0.30219417638363644,0.0
2314627,6,IDFM:463281,IDFM:22041,13,0.012208365919813976,0.0
2314628,6,IDFM:463244,IDFM:463246,180,0.13509815707549885,0.0
2314629,6,IDFM:463029,IDFM:22372,27,0.025183751230086798,0.0
2314630,6,IDFM:21920,IDFM:22159,180,0.004740755499161647,0.0
2314631,6,IDFM:486846,IDFM:486824,17,0.015639233746730694,0.0
2314632,6,IDFM:463057,IDFM:21784,2,0.002565713457059895,0.0
2314633,6,IDFM:25084,IDFM:22124,278,0.25143715937165206,0.0
2314634,6,IDFM:21909,IDFM:463058,180,0.033302639653903086,0.0
2314635,6,IDFM:462442,IDFM:462439,21,0.019271531780140145,0.0
2314636,6,IDFM:472376,IDFM:471837,10,0.009270910667076382,0.0
2314637,6,IDFM:478998,IDFM:478999,8,0.00769695130895624,0.0
2314638,6,IDFM:463184,IDFM:22230,14,0.012827910947963678,0.0
2314639,6,IDFM:486834,IDFM:monomodalStopPlace:46007,186,0.1682629187498717,0.0
2314640,6,IDFM:21923,IDFM:21930,366,0.33102849644211535,0.0
2314641,6,IDFM:22085,IDFM:463150,9,0.008285467412430686,0.0
2314642,6,IDFM:22136,IDFM:462993,14,0.013109565672868487,0.0
2314643,6,IDFM:412988,IDFM:463281,219,0.1308931624320397,0.0
2314644,6,IDFM:460560,IDFM:22077,222,0.13469584165286258,0.0
2314645,6,IDFM:463019,IDFM:463000,180,0.21052129797471866,0.0
2314646,6,IDFM:463078,IDFM:22386,0,0.0,0.0
2314647,6,IDFM:463217,IDFM:22100,14,0.01285602114390885,0.0
2314648,6,IDFM:21997,IDFM:463108,11,0.010616138503136634,0.0
2314649,6,IDFM:22087,IDFM:monomodalStopPlace:45102,300,0.411857142722062,0.0
2314650,6,IDFM:21984,IDFM:463077,342,0.3088362956358595,0.0
2314651,6,IDFM:471404,IDFM:471822,3,0.0034480487978170438,0.0
2314652,6,IDFM:462946,IDFM:462961,128,0.06878238082385865,0.0
2314653,6,IDFM:monomodalStopPlace:473890,IDFM:463103,130,0.14043922285568738,0.0
2314654,6,IDFM:22151,IDFM:monomodalStopPlace:473890,104,0.1315713816672017,0.0
2314655,6,IDFM:21943,IDFM:463176,0,0.0,0.0
2314656,6,IDFM:471064,IDFM:471341,14,0.013076125195212115,0.0
2314657,6,IDFM:22097,IDFM:22089,180,0.18743850782212965,0.0
2314658,6,IDFM:22207,IDFM:24134,271,0.17239592771683818,0.0
2314659,6,IDFM:472142,IDFM:471341,4,0.00413805733322593,0.0
2314660,6,IDFM:463198,IDFM:22185,11,0.010319858723102452,0.0
2314661,6,IDFM:22179,IDFM:463005,11,0.010234316361917845,0.0
2314662,6,IDFM:22032,IDFM:monomodalStopPlace:58566,272,0.24568563564440207,0.0
2314663,6,IDFM:24137,IDFM:24123,25,0.022597521619988795,0.0
2314664,6,IDFM:24415,IDFM:24409,15,0.013862005300095003,0.0
2314665,6,IDFM:462970,IDFM:monomodalStopPlace:58718,300,0.340748843707475,0.0
2314666,6,IDFM:21925,IDFM:22200,269,0.24317573069983472,0.0
2314667,6,IDFM:29899,IDFM:29898,34,0.031397777343412765,0.0
2314668,6,IDFM:22022,IDFM:24414,230,0.12079793509159961,0.0
2314669,6,IDFM:472924,IDFM:471471,5,0.004603124298831168,0.0
2314670,6,IDFM:463302,IDFM:22242,12,0.010905646743702278,0.0
2314671,6,IDFM:463245,IDFM:monomodalStopPlace:45873,300,0.35625860218726274,0.0
2314672,6,IDFM:463043,IDFM:22095,89,0.16182089403628347,0.0
2314673,6,IDFM:463116,IDFM:22114,301,0.2717424174225159,0.0
2314674,6,IDFM:2336,IDFM:482428,14,0.013456594643209032,0.0
2314675,6,IDFM:478975,IDFM:478976,10,0.009801183047056596,0.0
2314676,6,IDFM:21907,IDFM:21922,89,0.038226672537037376,0.0
2314677,6,IDFM:monomodalStopPlace:43072,IDFM:471646,70,0.06399083072035039,0.0
2314678,6,IDFM:463022,IDFM:463001,100,0.018769521243587172,0.0
2314679,6,IDFM:463033,IDFM:22384,84,0.07645275110126205,0.0
2314680,6,IDFM:22378,IDFM:463231,18,0.01645741967285517,0.0
2314681,6,IDFM:463126,IDFM:22634,313,0.2214698283397253,0.0
2314682,6,IDFM:23305,IDFM:23295,9,0.008285056971570188,0.0
2314683,6,IDFM:470800,IDFM:monomodalStopPlace:43178,21,0.019246831036478132,0.0
2314684,6,IDFM:22092,IDFM:463079,400,0.2691901030891003,0.0
2314685,6,IDFM:42105,IDFM:42116,11,0.010412501491530281,0.0
2314686,6,IDFM:22101,IDFM:25642,260,0.1191117769517601,0.0
2314687,6,IDFM:29893,IDFM:35928,12,0.011558254940716637,0.0
2314688,6,IDFM:480908,IDFM:monomodalStopPlace:46990,189,0.17147182375540937,0.0
2314689,6,IDFM:22094,IDFM:463043,12,0.011560890541134813,0.0
2314690,6,IDFM:22006,IDFM:463026,86,0.07786088600027655,0.0
2314691,6,IDFM:21968,IDFM:463077,12,0.01155717512608029,0.0
2314692,6,IDFM:463283,IDFM:463284,180,0.037710619434882624,0.0
2314693,6,IDFM:21968,IDFM:22386,75,0.032024077167040116,0.0
2314694,6,IDFM:22119,IDFM:22007,420,0.6562786291645523,0.0
2314695,6,IDFM:24427,IDFM:23302,15,0.013799155779877606,0.0
2314696,6,IDFM:472965,IDFM:monomodalStopPlace:47917,120,0.10857116215789944,0.0
2314697,6,IDFM:463056,IDFM:22213,0,0.0,0.0
2314698,6,IDFM:463001,IDFM:22387,12,0.011581744575494993,0.0
2314699,6,IDFM:22380,IDFM:24106,208,0.05888641443376166,0.0
2314700,6,IDFM:21959,IDFM:22092,180,0.03601539057867364,0.0
2314701,6,IDFM:21910,IDFM:22002,290,0.2626811522992317,0.0
2314702,6,IDFM:463007,IDFM:22374,12,0.01101678698882543,0.0
2314703,6,IDFM:monomodalStopPlace:43184,IDFM:22299,194,0.058868673942338856,0.0
2314704,6,IDFM:21964,IDFM:monomodalStopPlace:58718,300,0.13397700601159276,0.0
2314705,6,IDFM:21949,IDFM:24409,194,0.07772882260026862,0.0
2314706,6,IDFM:monomodalStopPlace:45102,IDFM:463158,288,0.260122236684364,0.0
2314707,6,IDFM:480541,IDFM:462441,206,0.08085530335869894,0.0
2314708,6,IDFM:462961,IDFM:22199,180,0.08488762124044806,0.0
2314709,6,IDFM:463066,IDFM:471341,378,0.3413973106294828,0.0
2314710,6,IDFM:463233,IDFM:23444,480,0.4403339934469443,0.0
2314711,6,IDFM:22241,IDFM:463301,13,0.011830844355458727,0.0
2314712,6,IDFM:24111,IDFM:24114,16,0.014944153540258917,0.0
2314713,6,IDFM:monomodalStopPlace:43100,IDFM:471174,3,0.003337802193070378,0.0
2314714,6,IDFM:463051,IDFM:24103,220,0.10812205987224477,0.0
2314715,6,IDFM:462960,IDFM:462962,180,0.1571413789489152,0.0
2314716,6,IDFM:22367,IDFM:471604,223,0.20166144967160235,0.0
2314717,6,IDFM:22056,IDFM:21970,366,0.33122283818981996,0.0
2314718,6,IDFM:471064,IDFM:463069,294,0.26592128658901776,0.0
2314719,6,IDFM:471205,IDFM:472184,70,0.06407879565795678,0.0
2314720,6,IDFM:22268,IDFM:490553,66,0.059643730113765656,0.0
2314721,6,IDFM:22134,IDFM:22159,180,0.0697954354504311,0.0
2314722,6,IDFM:21945,IDFM:462997,0,0.0,0.0
2314723,6,IDFM:471064,IDFM:22225,276,0.24928627584460614,0.0
2314724,6,IDFM:463144,IDFM:22195,356,0.3219171163323561,0.0
2314725,6,IDFM:22632,IDFM:22628,14,0.012855202323341886,0.0
2314726,6,IDFM:29901,IDFM:35935,340,0.30706525403902574,0.0
2314727,6,IDFM:monomodalStopPlace:45102,IDFM:463208,180,0.1205959596768582,0.0
2314728,6,IDFM:463211,IDFM:22187,26,0.023559078598963164,0.0
2314729,6,IDFM:463092,IDFM:24118,218,0.0593493311719246,0.0
2314730,6,IDFM:480531,IDFM:480541,6,0.006190136308366014,0.0
2314731,6,IDFM:463174,IDFM:22037,38,0.0345027269265811,0.0
2314732,6,IDFM:492416,IDFM:monomodalStopPlace:47322,39,0.03565034824584139,0.0
2314733,6,IDFM:471550,IDFM:monomodalStopPlace:43245,8,0.008074290529293624,0.0
2314734,6,IDFM:21911,IDFM:21962,140,0.2945278571809582,0.0
2314735,6,IDFM:22149,IDFM:471604,289,0.26138886148193563,0.0
2314736,6,IDFM:24406,IDFM:24408,14,0.01266559575765612,0.0
2314737,6,IDFM:463188,IDFM:21906,90,0.04111990235697235,0.0
2314738,6,IDFM:22058,IDFM:462949,2,0.0025655875423648807,0.0
2314739,6,IDFM:462943,IDFM:22072,83,0.11367583143656783,0.0
2314740,6,IDFM:22149,IDFM:471607,271,0.24477530570498224,0.0
2314741,6,IDFM:35939,IDFM:35934,349,0.315432139610827,0.0
2314742,6,IDFM:35930,IDFM:35929,11,0.010350878866736427,0.0
2314743,6,IDFM:463245,IDFM:463144,374,0.3383530742957033,0.0
2314744,6,IDFM:463163,IDFM:463162,325,0.2940710881070291,0.0
2314745,6,IDFM:490787,IDFM:490762,6,0.005749866529081222,0.0
2314746,6,IDFM:22089,IDFM:22010,73,0.1586158695743885,0.0
2314747,6,IDFM:463061,IDFM:463160,356,0.32195308913029536,0.0
2314748,6,IDFM:monomodalStopPlace:59302,IDFM:471383,97,0.08832701197804681,0.0
2314749,6,IDFM:22629,IDFM:22395,212,0.08589625390710928,0.0
2314750,6,IDFM:22134,IDFM:463313,15,0.013861606897367507,0.0
2314751,6,IDFM:monomodalStopPlace:43219,IDFM:472407,45,0.04099790597155097,0.0
2314752,6,IDFM:21963,IDFM:22218,108,0.029987400750888533,0.0
2314753,6,IDFM:22628,IDFM:22632,14,0.012855202323341886,0.0
2314754,6,IDFM:462969,IDFM:471341,375,0.33900352253485855,0.0
2314755,6,IDFM:463019,IDFM:463018,100,0.17108331594937437,0.0
2314756,6,IDFM:463316,IDFM:21918,174,0.15759320309702546,0.0
2314757,6,IDFM:monomodalStopPlace:411467,IDFM:472742,30,0.02768516376592861,0.0
2314758,6,IDFM:463240,IDFM:463068,321,0.29050276292888433,0.0
2314759,6,IDFM:463023,IDFM:471646,350,0.3161598082187849,0.0
2314760,6,IDFM:471925,IDFM:470860,62,0.05632745775533357,0.0
2314761,6,IDFM:463297,IDFM:22025,11,0.010601047860411768,0.0
2314762,6,IDFM:470860,IDFM:470761,55,0.050347747083135816,0.0
2314763,6,IDFM:24409,IDFM:21949,194,0.07772882260026862,0.0
2314764,6,IDFM:22131,IDFM:463291,30,0.027194218938116164,0.0
2314765,6,IDFM:42109,IDFM:42101,6,0.005862624820914728,0.0
2314766,6,IDFM:21982,IDFM:21971,368,0.3327303223282569,0.0
2314767,6,IDFM:471607,IDFM:463183,272,0.2458283549631382,0.0
2314768,6,IDFM:471949,IDFM:472678,10,0.009884977445113078,0.0
2314769,6,IDFM:471787,IDFM:monomodalStopPlace:47914,21,0.019764806194067095,0.0
2314770,6,IDFM:22386,IDFM:463078,0,0.0,0.0
2314771,6,IDFM:22634,IDFM:23314,323,0.2919264271877983,0.0
2314772,6,IDFM:21945,IDFM:21950,112,0.101441724954185,0.0
2314773,6,IDFM:486883,IDFM:monomodalStopPlace:58774,105,0.09501694743289223,0.0
2314774,6,IDFM:479383,IDFM:479384,8,0.007354619961383416,0.0
2314775,6,IDFM:463181,IDFM:21931,300,0.05449142935104686,0.0
2314776,6,IDFM:22094,IDFM:463013,62,0.025209181968291024,0.0
2314777,6,IDFM:21966,IDFM:463159,420,0.25902604533482254,0.0
2314778,6,IDFM:478652,IDFM:478649,10,0.009172909132941972,0.0
2314779,6,IDFM:monomodalStopPlace:43121,IDFM:471001,9,0.008293622031627585,0.0
2314780,6,IDFM:486980,IDFM:486978,10,0.009823818160651684,0.0
2314781,6,IDFM:471264,IDFM:472093,89,0.08057512925913295,0.0
2314782,6,IDFM:462971,IDFM:21906,348,0.3148574202895583,0.0
2314783,6,IDFM:490887,IDFM:490889,33,0.03005234859089154,0.0
2314784,6,IDFM:22010,IDFM:463018,11,0.010530873827262628,0.0
2314785,6,IDFM:42123,IDFM:42120,15,0.01384667308990779,0.0
2314786,6,IDFM:22134,IDFM:463312,180,0.06172615512395609,0.0
2314787,6,IDFM:28854,IDFM:28852,10,0.009263888621046991,0.0
2314788,6,IDFM:463000,IDFM:463018,180,0.07560592038788902,0.0
2314789,6,IDFM:22168,IDFM:463003,11,0.010656051350738634,0.0
2314790,6,IDFM:463159,IDFM:463060,360,0.3720781585840521,0.0
2314791,6,IDFM:462998,IDFM:22145,106,0.10199669491516496,0.0
2314792,6,IDFM:22157,IDFM:462996,400,0.35502591157123076,0.0
2314793,6,IDFM:monomodalStopPlace:58566,IDFM:22032,272,0.24568563564440207,0.0
2314794,6,IDFM:463005,IDFM:22179,11,0.010234316361917845,0.0
2314795,6,IDFM:462972,IDFM:462969,180,0.2898000472037019,0.0
2314796,6,IDFM:472914,IDFM:471404,59,0.05376820352042367,0.0
2314797,6,IDFM:42126,IDFM:monomodalStopPlace:412743,314,0.19754871520521328,0.0
2314798,6,IDFM:22107,IDFM:463008,301,0.2651472250576285,0.0
2314799,6,IDFM:21972,IDFM:monomodalStopPlace:45346,240,0.12539836632364637,0.0
2314800,6,IDFM:490841,IDFM:24117,320,0.2893979556859338,0.0
2314801,6,IDFM:21984,IDFM:22386,339,0.30685015667002186,0.0
2314802,6,IDFM:462985,IDFM:22035,12,0.011647197129774889,0.0
2314803,6,IDFM:24418,IDFM:24410,13,0.011813657650934001,0.0
2314804,6,IDFM:21964,IDFM:22218,131,0.24317978498028742,0.0
2314805,6,IDFM:463285,IDFM:463286,95,0.13633992936550923,0.0
2314806,6,IDFM:24131,IDFM:24113,150,0.13600147027200268,0.0
2314807,6,IDFM:463131,IDFM:22015,25,0.02304683517286417,0.0
2314808,6,IDFM:22161,IDFM:463288,11,0.010410966974379834,0.0
2314809,6,IDFM:462951,IDFM:22220,10,0.009244679467730183,0.0
2314810,6,IDFM:22021,IDFM:490896,374,0.33849247095329765,0.0
2314811,6,IDFM:41674,IDFM:41673,70,0.06372254001035049,0.0
2314812,6,IDFM:21934,IDFM:463143,13,0.01242542842542798,0.0
2314813,6,IDFM:22111,IDFM:490876,240,0.28584718920370833,0.0
2314814,6,IDFM:471399,IDFM:monomodalStopPlace:427870,115,0.10438892167939495,0.0
2314815,6,IDFM:22042,IDFM:25631,220,0.09620736703749312,0.0
2314816,6,IDFM:21926,IDFM:monomodalStopPlace:58718,420,0.18979102161060582,0.0
2314817,6,IDFM:470860,IDFM:471958,7,0.006690795214899934,0.0
2314818,6,IDFM:22013,IDFM:463001,15,0.014616148390040265,0.0
2314819,6,IDFM:463061,IDFM:22364,317,0.28673269764590653,0.0
2314820,6,IDFM:480531,IDFM:462429,203,0.08329988027307801,0.0
2314821,6,IDFM:21963,IDFM:463188,337,0.30497378974667455,0.0
2314822,6,IDFM:22098,IDFM:22076,180,0.1722456558413162,0.0
2314823,6,IDFM:monomodalStopPlace:58718,IDFM:21926,420,0.18979102161060582,0.0
2314824,6,IDFM:463314,IDFM:463315,309,0.27976477512058995,0.0
2314825,6,IDFM:22375,IDFM:463284,180,0.02866390138242688,0.0
2314826,6,IDFM:463140,IDFM:22176,8,0.0073124884662727286,0.0
2314827,6,IDFM:monomodalStopPlace:58774,IDFM:494313,263,0.23799274020198927,0.0
2314828,6,IDFM:21926,IDFM:462969,273,0.24701862552247927,0.0
2314829,6,IDFM:463145,IDFM:463144,133,0.05638504073076774,0.0
2314830,6,IDFM:479005,IDFM:479004,13,0.011814307783888386,0.0
2314831,6,IDFM:35927,IDFM:473828,133,0.12019055395178453,0.0
2314832,6,IDFM:22087,IDFM:463061,358,0.3232487161508659,0.0
2314833,6,IDFM:463150,IDFM:463164,119,0.1284563155401548,0.0
2314834,6,IDFM:23445,IDFM:25647,9,0.008349287283236147,0.0
2314835,6,IDFM:463193,IDFM:25641,268,0.11324261026525254,0.0
2314836,6,IDFM:463115,IDFM:21933,180,0.020699718797643957,0.0
2314837,6,IDFM:22137,IDFM:21983,372,0.3363713067724114,0.0
2314838,6,IDFM:463006,IDFM:470833,216,0.19555160162861757,0.0
2314839,6,IDFM:21903,IDFM:22199,180,0.07546063734507732,0.0
2314840,6,IDFM:monomodalStopPlace:45102,IDFM:463160,300,0.4079592092557437,0.0
2314841,6,IDFM:463158,IDFM:21959,180,0.048172539266642576,0.0
2314842,6,IDFM:463202,IDFM:463194,167,0.1007691026027922,0.0
2314843,6,IDFM:24126,IDFM:463030,199,0.0726336111977446,0.0
2314844,6,IDFM:22087,IDFM:21990,370,0.33409331799269587,0.0
2314845,6,IDFM:21947,IDFM:21949,140,0.0961309929466338,0.0
2314846,6,IDFM:monomodalStopPlace:45301,IDFM:21955,240,0.18266671858785963,0.0
2314847,6,IDFM:22118,IDFM:24680,133,0.09678895821492126,0.0
2314848,6,IDFM:24409,IDFM:463263,194,0.07772882260026862,0.0
2314849,6,IDFM:463053,IDFM:21942,11,0.010600930014977038,0.0
2314850,6,IDFM:463263,IDFM:24415,216,0.07870780533987291,0.0
2314851,6,IDFM:22040,IDFM:463089,2,0.0025654911907350485,0.0
2314852,6,IDFM:472104,IDFM:472407,72,0.06536240374206687,0.0
2314853,6,IDFM:monomodalStopPlace:58718,IDFM:monomodalStopPlace:45873,300,0.34941494618302427,0.0
2314854,6,IDFM:21981,IDFM:monomodalStopPlace:43072,240,0.31394478422932315,0.0
2314855,6,IDFM:21920,IDFM:22134,136,0.07289450209551246,0.0
2314856,6,IDFM:462946,IDFM:462960,180,0.09856808650652328,0.0
2314857,6,IDFM:monomodalStopPlace:411479,IDFM:472924,21,0.01969730148900334,0.0
2314858,6,IDFM:monomodalStopPlace:44877,IDFM:463158,780,0.86903791886351,0.0
2314859,6,IDFM:24406,IDFM:463279,228,0.06261636356662481,0.0
2314860,6,IDFM:471471,IDFM:monomodalStopPlace:411479,16,0.01513502089057965,0.0
2314861,6,IDFM:24120,IDFM:478979,180,0.10350826492394834,0.0
2314862,6,IDFM:22006,IDFM:22365,85,0.07743954672832543,0.0
2314863,6,IDFM:463078,IDFM:21984,339,0.30685015667002186,0.0
2314864,6,IDFM:22389,IDFM:463152,0,0.0,0.0
2314865,6,IDFM:21921,IDFM:22196,180,0.052749938879438046,0.0
2314866,6,IDFM:463108,IDFM:21994,118,0.025253146399971626,0.0
2314867,6,IDFM:28859,IDFM:28856,86,0.07795778478364279,0.0
2314868,6,IDFM:21961,IDFM:21965,180,0.09015793901113628,0.0
2314869,6,IDFM:29901,IDFM:35934,14,0.013401769454572459,0.0
2314870,6,IDFM:21959,IDFM:monomodalStopPlace:44877,780,0.837443716549534,0.0
2314871,6,IDFM:462960,IDFM:463316,350,0.31646843364239435,0.0
2314872,6,IDFM:22625,IDFM:22015,227,0.08031097082765142,0.0
2314873,6,IDFM:42113,IDFM:42111,18,0.017050775096929753,0.0
2314874,6,IDFM:470833,IDFM:463182,259,0.23429676018846435,0.0
2314875,6,IDFM:463107,IDFM:22398,13,0.012414830246903232,0.0
2314876,6,IDFM:462948,IDFM:22039,121,0.06273577335001083,0.0
2314877,6,IDFM:463074,IDFM:22368,313,0.28274471176878935,0.0
2314878,6,IDFM:463088,IDFM:22114,10,0.009822008717133204,0.0
2314879,6,IDFM:24123,IDFM:monomodalStopPlace:45301,180,0.5191672290596724,0.0
2314880,6,IDFM:462969,IDFM:22218,141,0.24260416506439259,0.0
2314881,6,IDFM:463073,IDFM:22141,12,0.011140970218942028,0.0
2314882,6,IDFM:463029,IDFM:24110,217,0.08546924922884604,0.0
2314883,6,IDFM:463237,IDFM:21983,336,0.30395370481403305,0.0
2314884,6,IDFM:monomodalStopPlace:43176,IDFM:24398,484,0.5044814015135154,0.0
2314885,6,IDFM:462971,IDFM:463300,480,0.2941976833078149,0.0
2314886,6,IDFM:463294,IDFM:22098,180,0.1765860089939178,0.0
2314887,6,IDFM:462955,IDFM:462996,368,0.3509325395244747,0.0
2314888,6,IDFM:463244,IDFM:22030,180,0.13228884772418045,0.0
2314889,6,IDFM:462446,IDFM:22220,247,0.06904414271947842,0.0
2314890,6,IDFM:24134,IDFM:22207,271,0.17239592771683818,0.0
2314891,6,IDFM:478646,IDFM:478651,10,0.009199647082552201,0.0
2314892,6,IDFM:22008,IDFM:22202,220,0.19926281616692101,0.0
2314893,6,IDFM:490792,IDFM:490770,8,0.007350236215273517,0.0
2314894,6,IDFM:monomodalStopPlace:411317,IDFM:471822,29,0.026780555151969934,0.0
2314895,6,IDFM:10216,IDFM:10217,14,0.012663971669063556,0.0
2314896,6,IDFM:478659,IDFM:478655,8,0.007709718969212541,0.0
2314897,6,IDFM:463067,IDFM:463028,90,0.07288693847017144,0.0
2314898,6,IDFM:472273,IDFM:471341,20,0.018382221603322414,0.0
2314899,6,IDFM:22374,IDFM:29379,191,0.07229694853972553,0.0
2314900,6,IDFM:463025,IDFM:463003,90,0.04630056691438555,0.0
2314901,6,IDFM:23433,IDFM:24432,12,0.01169468896744906,0.0
2314902,6,IDFM:463059,IDFM:22200,275,0.24893121950002653,0.0
2314903,6,IDFM:22029,IDFM:462986,9,0.008754251770408058,0.0
2314904,6,IDFM:monomodalStopPlace:411507,IDFM:472592,21,0.019798569648436164,0.0
2314905,6,IDFM:22149,IDFM:monomodalStopPlace:470519,355,0.3207052665758129,0.0
2314906,6,IDFM:463244,IDFM:463144,350,0.31610603556547934,0.0
2314907,6,IDFM:463285,IDFM:22020,89,0.13657457825995725,0.0
2314908,6,IDFM:22635,IDFM:24431,16,0.01494890182303707,0.0
2314909,6,IDFM:463316,IDFM:22199,600,0.17359171131078746,0.0
2314910,6,IDFM:22380,IDFM:24117,206,0.04714077265286009,0.0
2314911,6,IDFM:478973,IDFM:478987,10,0.009457849544841475,0.0
2314912,6,IDFM:23295,IDFM:22629,381,0.34481103425753906,0.0
2314913,6,IDFM:463309,IDFM:22200,304,0.27465641896798043,0.0
2314914,6,IDFM:22176,IDFM:463140,8,0.0073124884662727286,0.0
2314915,6,IDFM:463028,IDFM:462943,90,0.05785393639950571,0.0
2314916,6,IDFM:22240,IDFM:463126,11,0.010572296104802013,0.0
2314917,6,IDFM:463145,IDFM:463246,336,0.3040439154587273,0.0
2314918,6,IDFM:24133,IDFM:463029,213,0.09484638320805128,0.0
2314919,6,IDFM:35929,IDFM:35930,11,0.010350878866736427,0.0
2314920,6,IDFM:22629,IDFM:23295,381,0.34481103425753906,0.0
2314921,6,IDFM:25638,IDFM:monomodalStopPlace:462357,195,0.13109506337270116,0.0
2314922,6,IDFM:472273,IDFM:22218,360,0.32585795522643296,0.0
2314923,6,IDFM:462915,IDFM:21912,12,0.011397601441175782,0.0
2314924,6,IDFM:490892,IDFM:22078,120,0.10852410198251164,0.0
2314925,6,IDFM:monomodalStopPlace:473875,IDFM:22080,255,0.09403748193184547,0.0
2314926,6,IDFM:monomodalStopPlace:45102,IDFM:22147,334,0.3016391573074859,0.0
2314927,6,IDFM:463279,IDFM:24406,228,0.06261636356662481,0.0
2314928,6,IDFM:462996,IDFM:22156,381,0.35392339358068076,0.0
2314929,6,IDFM:463162,IDFM:463124,364,0.3287158164472429,0.0
2314930,6,IDFM:463278,IDFM:monomodalStopPlace:44514,240,0.20710214015100092,0.0
2314931,6,IDFM:42131,IDFM:42128,12,0.011465658339334144,0.0
2314932,6,IDFM:22114,IDFM:463116,301,0.2717424174225159,0.0
2314933,6,IDFM:22148,IDFM:463021,92,0.03189533015502665,0.0
2314934,6,IDFM:24106,IDFM:490841,335,0.3029136590852101,0.0
2314935,6,IDFM:22219,IDFM:462429,203,0.06427613383708358,0.0
2314936,6,IDFM:463077,IDFM:463078,76,0.04327971733504519,0.0
2314937,6,IDFM:474424,IDFM:35927,205,0.18577626928577307,0.0
2314938,6,IDFM:22007,IDFM:22119,420,0.6562786291645523,0.0
2314939,6,IDFM:22150,IDFM:463306,356,0.3220035482939027,0.0
2314940,6,IDFM:24118,IDFM:463092,218,0.0593493311719246,0.0
2314941,6,IDFM:22163,IDFM:21979,311,0.28080807848709366,0.0
2314942,6,IDFM:462962,IDFM:462946,180,0.10343131423703421,0.0
2314943,6,IDFM:22124,IDFM:463125,12,0.010970493083177595,0.0
2314944,6,IDFM:22295,IDFM:24103,300,0.36448382659412887,0.0
2314945,6,IDFM:463022,IDFM:22387,71,0.01988327920365184,0.0
2314946,6,IDFM:22077,IDFM:24396,222,0.13898221956542242,0.0
2314947,6,IDFM:463069,IDFM:472273,326,0.29452135247769873,0.0
2314948,6,IDFM:22150,IDFM:22137,359,0.3245592702251985,0.0
2314949,6,IDFM:486810,IDFM:486840,15,0.013951596740978078,0.0
2314950,6,IDFM:463164,IDFM:463151,180,0.1077583516059094,0.0
2314951,6,IDFM:28860,IDFM:28851,8,0.008025961134760645,0.0
2314952,6,IDFM:monomodalStopPlace:462394,IDFM:463182,137,0.3403166010936864,0.0
2314953,6,IDFM:462971,IDFM:462972,180,0.09707439274363171,0.0
2314954,6,IDFM:2346,IDFM:2343,12,0.01150072106152974,0.0
2314955,6,IDFM:478993,IDFM:478996,11,0.010262636773753525,0.0
2314956,6,IDFM:490766,IDFM:490789,9,0.008131134641511942,0.0
2314957,6,IDFM:471825,IDFM:472857,60,0.014376341702046578,0.0
2314958,6,IDFM:41952,IDFM:2337,9,0.00897124606281867,0.0
2314959,6,IDFM:480541,IDFM:monomodalStopPlace:44514,240,0.21098427896803706,0.0
2314960,6,IDFM:463095,IDFM:463074,174,0.12684513855174157,0.0
2314961,6,IDFM:21958,IDFM:monomodalStopPlace:470195,180,0.34132595685092665,0.0
2314962,6,IDFM:21938,IDFM:22302,480,0.45509353542334235,0.0
2314963,6,IDFM:22381,IDFM:462989,372,0.33657780477717447,0.0
2314964,6,IDFM:463051,IDFM:22296,480,0.456130004511624,0.0
2314965,6,IDFM:472142,IDFM:22218,359,0.32444045971886604,0.0
2314966,6,IDFM:22097,IDFM:463019,180,0.19900135183887746,0.0
2314967,6,IDFM:24126,IDFM:24106,369,0.3334346968058702,0.0
2314968,6,IDFM:471473,IDFM:21981,334,0.3017513302162506,0.0
2314969,6,IDFM:22156,IDFM:22038,396,0.321582584743168,0.0
2314970,6,IDFM:463089,IDFM:22114,129,0.09359246831200327,0.0
2314971,6,IDFM:422039,IDFM:monomodalStopPlace:46689,194,0.08771017948519608,0.0
2314972,6,IDFM:462945,IDFM:21992,0,0.0,0.0
2314973,6,IDFM:24683,IDFM:463156,12,0.011085161568911987,0.0
2314974,6,IDFM:462970,IDFM:462971,114,0.05031939306442101,0.0
2314975,6,IDFM:463028,IDFM:21919,200,0.12785041876818903,0.0
2314976,6,IDFM:479010,IDFM:479012,9,0.008737422085056215,0.0
2314977,6,IDFM:22095,IDFM:22086,198,0.1789418060212447,0.0
2314978,6,IDFM:463024,IDFM:21967,16,0.014701577430414699,0.0
2314979,6,IDFM:463023,IDFM:21981,20,0.018690842992237038,0.0
2314980,6,IDFM:21965,IDFM:463064,180,0.10183699878540205,0.0
2314981,6,IDFM:24115,IDFM:24100,105,0.09544618304101453,0.0
2314982,6,IDFM:22218,IDFM:472273,360,0.32585795522643296,0.0
2314983,6,IDFM:471607,IDFM:monomodalStopPlace:58572,295,0.26661086044859067,0.0
2314984,6,IDFM:22007,IDFM:22149,180,0.04488948359934937,0.0
2314985,6,IDFM:22372,IDFM:24133,213,0.06979487094325265,0.0
2314986,6,IDFM:22034,IDFM:463210,12,0.010923681603044603,0.0
2314987,6,IDFM:472737,IDFM:monomodalStopPlace:43219,37,0.034181953339876545,0.0
2314988,6,IDFM:22094,IDFM:22095,81,0.16297379986186764,0.0
2314989,6,IDFM:monomodalStopPlace:479035,IDFM:463128,240,0.44776085007762695,0.0
2314990,6,IDFM:463009,IDFM:463008,301,0.2627904839490071,0.0
2314991,6,IDFM:463034,IDFM:463033,70,0.07173382913422063,0.0
2314992,6,IDFM:463215,IDFM:21936,11,0.010381068644902833,0.0
2314993,6,IDFM:462943,IDFM:463028,90,0.05785393639950571,0.0
2314994,6,IDFM:24119,IDFM:24122,15,0.014377858924143248,0.0
2314995,6,IDFM:463286,IDFM:22112,100,0.1416967681158353,0.0
2314996,6,IDFM:22373,IDFM:24120,197,0.07390194734694878,0.0
2314997,6,IDFM:463000,IDFM:22010,180,0.06640837796571317,0.0
2314998,6,IDFM:463074,IDFM:22118,156,0.09472316470171878,0.0
2314999,6,IDFM:480288,IDFM:480341,10,0.009872988831618527,0.0
2315000,6,IDFM:472142,IDFM:21964,363,0.3280001924931051,0.0
2315001,6,IDFM:470824,IDFM:471897,7,0.006702503537509768,0.0
2315002,6,IDFM:22634,IDFM:22240,313,0.22542757876872882,0.0
2315003,6,IDFM:22044,IDFM:463304,13,0.011998024627489147,0.0
2315004,6,IDFM:41855,IDFM:41856,13,0.012428370134843358,0.0
2315005,6,IDFM:478980,IDFM:463030,248,0.08334111830996543,0.0
2315006,6,IDFM:22399,IDFM:463323,12,0.011664158967468334,0.0
2315007,6,IDFM:480942,IDFM:481038,14,0.013076030524230689,0.0
2315008,6,IDFM:463264,IDFM:463313,116,0.04844747138144061,0.0
2315009,6,IDFM:471925,IDFM:472217,78,0.07080019220870584,0.0
2315010,6,IDFM:471335,IDFM:471077,180,0.16307970870249106,0.0
2315011,6,IDFM:22218,IDFM:463188,354,0.32025496883898935,0.0
2315012,6,IDFM:22072,IDFM:21919,200,0.05662362036963987,0.0
2315013,6,IDFM:22074,IDFM:463307,14,0.01270181214290487,0.0
2315014,6,IDFM:463301,IDFM:22241,13,0.011830844355458727,0.0
2315015,6,IDFM:490908,IDFM:29894,780,0.5393887609625907,0.0
2315016,6,IDFM:monomodalStopPlace:43096,IDFM:479491,236,0.21349482840520356,0.0
2315017,6,IDFM:24124,IDFM:24123,357,0.32276059026531706,0.0
2315018,6,IDFM:21967,IDFM:monomodalStopPlace:43072,240,0.37982632234461133,0.0
2315019,6,IDFM:486899,IDFM:monomodalStopPlace:43076,337,0.30499475757021827,0.0
2315020,6,IDFM:462958,IDFM:21972,180,0.012384586754379279,0.0
2315021,6,IDFM:462943,IDFM:monomodalStopPlace:473875,230,0.08304710642031797,0.0
2315022,6,IDFM:29900,IDFM:35942,12,0.011299893819623501,0.0
2315023,6,IDFM:471660,IDFM:471383,27,0.02458683660338618,0.0
2315024,6,IDFM:463228,IDFM:22021,12,0.011042101751430212,0.0
2315025,6,IDFM:21980,IDFM:462966,2,0.0025655553909508526,0.0
2315026,6,IDFM:28862,IDFM:28867,377,0.34043298375708214,0.0
2315027,6,IDFM:21993,IDFM:463319,2,0.00256550008071208,0.0
2315028,6,IDFM:463284,IDFM:21960,12,0.01161916413774968,0.0
2315029,6,IDFM:25642,IDFM:monomodalStopPlace:470549,240,0.12360811968324668,0.0
2315030,6,IDFM:22043,IDFM:462950,2,0.0025655465508170987,0.0
2315031,6,IDFM:463245,IDFM:22195,180,0.050593096306684335,0.0
2315032,6,IDFM:471604,IDFM:monomodalStopPlace:470519,66,0.0598471136482489,0.0
2315033,6,IDFM:22089,IDFM:463000,180,0.1990537488117974,0.0
2315034,6,IDFM:21956,IDFM:463165,14,0.013458566425091025,0.0
2315035,6,IDFM:monomodalStopPlace:470519,IDFM:monomodalStopPlace:58572,350,0.31664531019564723,0.0
2315036,6,IDFM:monomodalStopPlace:43238,IDFM:22156,240,0.6213288414549714,0.0
2315037,6,IDFM:472142,IDFM:472273,16,0.014950489481236067,0.0
2315038,6,IDFM:21957,IDFM:monomodalStopPlace:479035,240,0.46721320495821034,0.0
2315039,6,IDFM:monomodalStopPlace:44877,IDFM:463060,780,0.5581286862354807,0.0
2315040,6,IDFM:463161,IDFM:463306,448,0.33038799115432343,0.0
2315041,6,IDFM:21921,IDFM:463037,180,0.0642928937088489,0.0
2315042,6,IDFM:22095,IDFM:monomodalStopPlace:58759,218,0.04710347509736587,0.0
2315043,6,IDFM:35945,IDFM:460559,23,0.021180626969868954,0.0
2315044,6,IDFM:22021,IDFM:463228,12,0.011042101751430212,0.0
2315045,6,IDFM:463006,IDFM:471607,245,0.2213038910025766,0.0
2315046,6,IDFM:22196,IDFM:462989,353,0.31931112155271296,0.0
2315047,6,IDFM:24420,IDFM:24412,11,0.01041286547794905,0.0
2315048,6,IDFM:471958,IDFM:monomodalStopPlace:43157,57,0.05153610881125525,0.0
2315049,6,IDFM:22295,IDFM:22296,15,0.014400459581120031,0.0
2315050,6,IDFM:28846,IDFM:22267,120,0.054462375111118254,0.0
2315051,6,IDFM:22400,IDFM:29903,203,0.07607407932747233,0.0
2315052,6,IDFM:21930,IDFM:463239,367,0.33204480633248207,0.0
2315053,6,IDFM:471335,IDFM:471646,169,0.1531619238499603,0.0
2315054,6,IDFM:463020,IDFM:22009,26,0.02394869796240859,0.0
2315055,6,IDFM:486898,IDFM:486899,11,0.010321335035357352,0.0
2315056,6,IDFM:463281,IDFM:412987,241,0.14478067323742783,0.0
2315057,6,IDFM:21906,IDFM:462970,375,0.3386225881751459,0.0
2315058,6,IDFM:471607,IDFM:22367,242,0.21929697958158872,0.0
2315059,6,IDFM:463138,IDFM:22202,233,0.21096577994858953,0.0
2315060,6,IDFM:22025,IDFM:463297,11,0.010601047860411768,0.0
2315061,6,IDFM:35926,IDFM:462937,4,0.004138414295555765,0.0
2315062,6,IDFM:21903,IDFM:463316,273,0.2469883432692675,0.0
2315063,6,IDFM:463023,IDFM:monomodalStopPlace:43072,240,0.33228014932961614,0.0
2315064,6,IDFM:42111,IDFM:42115,361,0.3266238718601071,0.0
2315065,6,IDFM:21981,IDFM:463023,20,0.018690842992237038,0.0
2315066,6,IDFM:479383,IDFM:monomodalStopPlace:43251,222,0.1250659302377796,0.0
2315067,6,IDFM:24137,IDFM:24141,354,0.3197378673643193,0.0
2315068,6,IDFM:463246,IDFM:21932,330,0.2986900345211773,0.0
2315069,6,IDFM:21926,IDFM:21963,342,0.30943569599906273,0.0
2315070,6,IDFM:21937,IDFM:22199,180,0.14280729684368726,0.0
2315071,6,IDFM:462960,IDFM:22026,348,0.31422047122510655,0.0
2315072,6,IDFM:monomodalStopPlace:470519,IDFM:22007,329,0.29723846240290797,0.0
2315073,6,IDFM:22207,IDFM:463277,376,0.3397409351785847,0.0
2315074,6,IDFM:22041,IDFM:463281,13,0.012208365919813976,0.0
2315075,6,IDFM:monomodalStopPlace:58759,IDFM:22095,218,0.04710347509736587,0.0
2315076,6,IDFM:22139,IDFM:462992,33,0.030106165847853753,0.0
2315077,6,IDFM:42119,IDFM:42124,13,0.012203378918571248,0.0
2315078,6,IDFM:24121,IDFM:24104,17,0.015942356402049995,0.0
2315079,6,IDFM:462446,IDFM:462436,30,0.02775227116547664,0.0
2315080,6,IDFM:463300,IDFM:21911,12,0.011042202168828737,0.0
2315081,6,IDFM:22195,IDFM:463144,356,0.3219171163323561,0.0
2315082,6,IDFM:42123,IDFM:22241,211,0.09345339529708038,0.0
2315083,6,IDFM:422039,IDFM:422040,27,0.02522738943301448,0.0
2315084,6,IDFM:463112,IDFM:monomodalStopPlace:45301,240,0.1712579704117806,0.0
2315085,6,IDFM:10217,IDFM:10216,14,0.012663971669063556,0.0
2315086,6,IDFM:471064,IDFM:462970,345,0.31215117274220633,0.0
2315087,6,IDFM:22231,IDFM:462978,9,0.00827602788451771,0.0
2315088,6,IDFM:24129,IDFM:463260,236,0.15252592298606196,0.0
2315089,6,IDFM:463257,IDFM:490882,120,0.13639895656075077,0.0
2315090,6,IDFM:463312,IDFM:21920,180,0.015987199541342756,0.0
2315091,6,IDFM:462997,IDFM:462991,61,0.09942493062454584,0.0
2315092,6,IDFM:472290,IDFM:monomodalStopPlace:411396,36,0.03283494854372664,0.0
2315093,6,IDFM:22187,IDFM:463211,26,0.023559078598963164,0.0
2315094,6,IDFM:463074,IDFM:463095,174,0.12684513855174157,0.0
2315095,6,IDFM:monomodalStopPlace:470195,IDFM:463046,180,0.3194069049263619,0.0
2315096,6,IDFM:463183,IDFM:monomodalStopPlace:58572,240,0.22241914881886762,0.0
2315097,6,IDFM:463009,IDFM:22107,11,0.009978673881167376,0.0
2315098,6,IDFM:471084,IDFM:472592,7,0.006497615808874244,0.0
2315099,6,IDFM:462970,IDFM:monomodalStopPlace:58566,240,0.27235997441490933,0.0
2315100,6,IDFM:21973,IDFM:462994,17,0.015637582471921947,0.0
2315101,6,IDFM:463262,IDFM:463263,92,0.08377924917431612,0.0
2315102,6,IDFM:478988,IDFM:478989,9,0.008737361805595147,0.0
2315103,6,IDFM:22137,IDFM:22150,359,0.3245592702251985,0.0
2315104,6,IDFM:471646,IDFM:21981,331,0.29889122158758086,0.0
2315105,6,IDFM:22130,IDFM:463093,11,0.01016165768771687,0.0
2315106,6,IDFM:21932,IDFM:463244,360,0.325881095919025,0.0
2315107,6,IDFM:486841,IDFM:monomodalStopPlace:46007,180,0.16252713708850403,0.0
2315108,6,IDFM:22219,IDFM:480531,180,0.021111603738678496,0.0
2315109,6,IDFM:463060,IDFM:22364,13,0.012033928692554733,0.0
2315110,6,IDFM:463264,IDFM:21920,23,0.021047642837519743,0.0
2315111,6,IDFM:22635,IDFM:monomodalStopPlace:412743,276,0.1927495056925969,0.0
2315112,6,IDFM:22223,IDFM:463085,11,0.010584652571871555,0.0
2315113,6,IDFM:463042,IDFM:22170,348,0.31458997719396464,0.0
2315114,6,IDFM:463162,IDFM:21987,354,0.31957946552403355,0.0
2315115,6,IDFM:21959,IDFM:monomodalStopPlace:45102,240,0.2911625541911131,0.0
2315116,6,IDFM:462997,IDFM:21950,107,0.101441724954185,0.0
2315117,6,IDFM:463314,IDFM:21979,308,0.2783640794273224,0.0
2315118,6,IDFM:22218,IDFM:monomodalStopPlace:58718,300,0.3393298944353982,0.0
2315119,6,IDFM:22015,IDFM:22625,227,0.08031097082765142,0.0
2315120,6,IDFM:21949,IDFM:463263,0,0.0,0.0
2315121,6,IDFM:21906,IDFM:monomodalStopPlace:45873,258,0.23366546948533107,0.0
2315122,6,IDFM:22159,IDFM:21920,180,0.004740755499161647,0.0
2315123,6,IDFM:2331,IDFM:2332,19,0.01721945214185766,0.0
2315124,6,IDFM:42113,IDFM:42106,334,0.3015732999611965,0.0
2315125,6,IDFM:24142,IDFM:22208,218,0.39021142171193063,0.0
2315126,6,IDFM:monomodalStopPlace:411504,IDFM:471890,12,0.011430000798831712,0.0
2315127,6,IDFM:21937,IDFM:21902,180,0.11380520030115555,0.0
2315128,6,IDFM:25641,IDFM:22101,268,0.1216122666842517,0.0
2315129,6,IDFM:monomodalStopPlace:470519,IDFM:463182,317,0.28660728532656304,0.0
2315130,6,IDFM:22026,IDFM:462963,194,0.17546582692826465,0.0
2315131,6,IDFM:monomodalStopPlace:58572,IDFM:471607,295,0.26661086044859067,0.0
2315132,6,IDFM:462988,IDFM:22106,13,0.01261972847104682,0.0
2315133,6,IDFM:22072,IDFM:462942,200,0.0681411439723136,0.0
2315134,6,IDFM:460550,IDFM:460549,7,0.006495644954743975,0.0
2315135,6,IDFM:24418,IDFM:463282,360,0.23437364631273827,0.0
2315136,6,IDFM:22208,IDFM:24142,218,0.39021142171193063,0.0
2315137,6,IDFM:490916,IDFM:490906,2,0.0022934204924826627,0.0
2315138,6,IDFM:462968,IDFM:463308,190,0.17179370961110438,0.0
2315139,6,IDFM:22381,IDFM:463246,95,0.18960797623599665,0.0
2315140,6,IDFM:22238,IDFM:463086,6,0.006177281272263604,0.0
2315141,6,IDFM:480936,IDFM:481075,15,0.013760384787413475,0.0
2315142,6,IDFM:486848,IDFM:486820,9,0.008286172823670694,0.0
2315143,6,IDFM:22052,IDFM:462974,181,0.04270556523353198,0.0
2315144,6,IDFM:22118,IDFM:24685,376,0.34021357264357377,0.0
2315145,6,IDFM:486898,IDFM:486878,17,0.01609661284425033,0.0
2315146,6,IDFM:463158,IDFM:463079,360,0.27250287323717687,0.0
2315147,6,IDFM:463283,IDFM:21960,180,0.029473795557558278,0.0
2315148,6,IDFM:463171,IDFM:22146,323,0.29166799932914883,0.0
2315149,6,IDFM:463277,IDFM:24138,245,0.4024623556151024,0.0
2315150,6,IDFM:22041,IDFM:412988,219,0.1372962241771757,0.0
2315151,6,IDFM:463079,IDFM:22087,240,0.11440349185403759,0.0
2315152,6,IDFM:463042,IDFM:463102,366,0.3306564230370929,0.0
2315153,6,IDFM:24682,IDFM:21951,75,0.03136703010554525,0.0
2315154,6,IDFM:22055,IDFM:463205,11,0.010348980295223017,0.0
2315155,6,IDFM:42102,IDFM:monomodalStopPlace:43077,379,0.2613890743153583,0.0
2315156,6,IDFM:24126,IDFM:24120,10,0.009743954765191142,0.0
2315157,6,IDFM:22159,IDFM:22134,180,0.0697954354504311,0.0
2315158,6,IDFM:35940,IDFM:35936,12,0.011368569747870792,0.0
2315159,6,IDFM:monomodalStopPlace:46007,IDFM:462400,900,0.970499451630664,0.0
2315160,6,IDFM:22050,IDFM:22044,338,0.3056045536796208,0.0
2315161,6,IDFM:22007,IDFM:470833,271,0.24495619187341364,0.0
2315162,6,IDFM:486975,IDFM:486973,10,0.009875386786609094,0.0
2315163,6,IDFM:463060,IDFM:463061,326,0.29478228448024507,0.0
2315164,6,IDFM:463243,IDFM:22116,12,0.011199284554725644,0.0
2315165,6,IDFM:463269,IDFM:35946,217,0.07959769432132145,0.0
2315166,6,IDFM:22007,IDFM:463183,180,0.03706437014246256,0.0
2315167,6,IDFM:22032,IDFM:471341,301,0.2722650779805829,0.0
2315168,6,IDFM:462978,IDFM:22231,9,0.00827602788451771,0.0
2315169,6,IDFM:22199,IDFM:462961,180,0.08488762124044806,0.0
2315170,6,IDFM:463136,IDFM:25644,660,0.6278023892505409,0.0
2315171,6,IDFM:21906,IDFM:22218,366,0.3304799867469885,0.0
2315172,6,IDFM:24114,IDFM:25633,120,0.11697757429352733,0.0
2315173,6,IDFM:472319,IDFM:472325,16,0.014912880678098796,0.0
2315174,6,IDFM:23435,IDFM:23434,12,0.011523707678859685,0.0
2315175,6,IDFM:22147,IDFM:22146,323,0.29166799932914883,0.0
2315176,6,IDFM:22026,IDFM:21918,171,0.15449679615465037,0.0
2315177,6,IDFM:22024,IDFM:22381,371,0.3353963448863664,0.0
2315178,6,IDFM:463245,IDFM:22381,12,0.011599169414735995,0.0
2315179,6,IDFM:22026,IDFM:462961,281,0.2541183089440393,0.0
2315180,6,IDFM:22218,IDFM:21906,366,0.3304799867469885,0.0
2315181,6,IDFM:monomodalStopPlace:44877,IDFM:462944,300,0.285215191752471,0.0
2315182,6,IDFM:462954,IDFM:22156,113,0.02668468052868851,0.0
2315183,6,IDFM:463122,IDFM:21994,12,0.010884935623901488,0.0
2315184,6,IDFM:22162,IDFM:463194,10,0.009663414816366825,0.0
2315185,6,IDFM:24106,IDFM:24126,369,0.3334346968058702,0.0
2315186,6,IDFM:22368,IDFM:24680,310,0.28017526322568576,0.0
2315187,6,IDFM:22200,IDFM:463309,304,0.27465641896798043,0.0
2315188,6,IDFM:462972,IDFM:462971,180,0.09707439274363171,0.0
2315189,6,IDFM:478976,IDFM:478997,366,0.33059480119885903,0.0
2315190,6,IDFM:463210,IDFM:22034,12,0.010923681603044603,0.0
2315191,6,IDFM:22081,IDFM:22376,372,0.3359668516528827,0.0
2315192,6,IDFM:479007,IDFM:479006,13,0.011814283213219211,0.0
2315193,6,IDFM:22049,IDFM:462968,29,0.02680513821000262,0.0
2315194,6,IDFM:35941,IDFM:490851,540,0.24597320980659856,0.0
2315195,6,IDFM:24103,IDFM:22296,300,0.37888220429527825,0.0
2315196,6,IDFM:463269,IDFM:29903,203,0.06895243359328043,0.0
2315197,6,IDFM:471604,IDFM:22149,289,0.26138886148193563,0.0
2315198,6,IDFM:22092,IDFM:monomodalStopPlace:44877,780,0.8604660751551949,0.0
2315199,6,IDFM:471066,IDFM:471320,50,0.04558445317760431,0.0
2315200,6,IDFM:21938,IDFM:463233,2,0.0025701001355279522,0.0
2315201,6,IDFM:22076,IDFM:22098,180,0.1722456558413162,0.0
2315202,6,IDFM:21994,IDFM:463122,12,0.010884935623901488,0.0
2315203,6,IDFM:463026,IDFM:22006,118,0.07786088600027655,0.0
2315204,6,IDFM:21961,IDFM:463063,180,0.11567505563835043,0.0
2315205,6,IDFM:463091,IDFM:22142,79,0.05832481172596656,0.0
2315206,6,IDFM:21919,IDFM:463067,176,0.055234836122027564,0.0
2315207,6,IDFM:24684,IDFM:24410,360,0.24178877321765638,0.0
2315208,6,IDFM:463182,IDFM:471604,251,0.22676687154283073,0.0
2315209,6,IDFM:24110,IDFM:22372,217,0.060459367929913,0.0
2315210,6,IDFM:monomodalStopPlace:46689,IDFM:422040,215,0.11257964517130024,0.0
2315211,6,IDFM:monomodalStopPlace:462398,IDFM:2271,300,0.04459233068731333,0.0
2315212,6,IDFM:470833,IDFM:22149,298,0.2693040314743822,0.0
2315213,6,IDFM:470808,IDFM:monomodalStopPlace:46736,22,0.020179613422810914,0.0
2315214,6,IDFM:463158,IDFM:monomodalStopPlace:44877,780,0.86903791886351,0.0
2315215,6,IDFM:471822,IDFM:471709,27,0.025168269953192254,0.0
2315216,6,IDFM:21967,IDFM:21981,100,0.09094328705325516,0.0
2315217,6,IDFM:463313,IDFM:22134,15,0.013861606897367507,0.0
2315218,6,IDFM:462960,IDFM:21937,10,0.009735473006348774,0.0
2315219,6,IDFM:23295,IDFM:23305,9,0.008285056971570188,0.0
2315220,6,IDFM:463244,IDFM:22381,180,0.05465201582999366,0.0
2315221,6,IDFM:471675,IDFM:monomodalStopPlace:43179,240,0.42350080996196265,0.0
2315222,6,IDFM:monomodalStopPlace:43157,IDFM:472217,40,0.03692329170002245,0.0
2315223,6,IDFM:22110,IDFM:463296,13,0.012070730298578488,0.0
2315224,6,IDFM:monomodalStopPlace:47914,IDFM:472765,28,0.02561024080984625,0.0
2315225,6,IDFM:463281,IDFM:412988,219,0.1308931624320397,0.0
2315226,6,IDFM:463218,IDFM:463249,370,0.3347681503099583,0.0
2315227,6,IDFM:463324,IDFM:22401,12,0.011524655719586902,0.0
2315228,6,IDFM:21970,IDFM:463084,12,0.010947994335582757,0.0
2315229,6,IDFM:463081,IDFM:21961,180,0.08474071240647459,0.0
2315230,6,IDFM:monomodalStopPlace:43077,IDFM:472920,226,0.0960819648477234,0.0
2315231,6,IDFM:22188,IDFM:463135,18,0.016325303937424693,0.0
2315232,6,IDFM:463124,IDFM:22190,361,0.32673349153168707,0.0
2315233,6,IDFM:463067,IDFM:22073,300,0.07155927365834615,0.0
2315234,6,IDFM:472924,IDFM:monomodalStopPlace:411479,21,0.01969730148900334,0.0
2315235,6,IDFM:22226,IDFM:463320,12,0.011524007550014556,0.0
2315236,6,IDFM:463160,IDFM:22092,89,0.17167992069198149,0.0
2315237,6,IDFM:22624,IDFM:22625,11,0.010412796765538437,0.0
2315238,6,IDFM:462969,IDFM:21911,480,0.5593224392357747,0.0
2315239,6,IDFM:21924,IDFM:462957,11,0.010709305493089858,0.0
2315240,6,IDFM:monomodalStopPlace:461504,IDFM:472731,36,0.032985439540703716,0.0
2315241,6,IDFM:463064,IDFM:463081,180,0.09676226426062899,0.0
2315242,6,IDFM:24410,IDFM:24418,13,0.011813657650934001,0.0
2315243,6,IDFM:471473,IDFM:471077,22,0.02052460804782561,0.0
2315244,6,IDFM:471982,IDFM:monomodalStopPlace:43096,244,0.22044554078741302,0.0
2315245,6,IDFM:471553,IDFM:470812,10,0.009820097745044248,0.0
2315246,6,IDFM:monomodalStopPlace:58566,IDFM:monomodalStopPlace:58718,360,0.47489821782289643,0.0
2315247,6,IDFM:463182,IDFM:22119,420,0.6545721515483127,0.0
2315248,6,IDFM:462962,IDFM:463316,600,0.16154348934409082,0.0
2315249,6,IDFM:28875,IDFM:28873,11,0.010278981990929267,0.0
2315250,6,IDFM:25644,IDFM:25643,9,0.00834957054908199,0.0
2315251,6,IDFM:463308,IDFM:22049,199,0.18043485106037369,0.0
2315252,6,IDFM:21936,IDFM:463215,11,0.010381068644902833,0.0
2315253,6,IDFM:22393,IDFM:463179,12,0.011331201345791627,0.0
2315254,6,IDFM:463115,IDFM:463133,180,0.005779910539981248,0.0
2315255,6,IDFM:22157,IDFM:22143,400,0.34620827117361996,0.0
2315256,6,IDFM:463039,IDFM:463125,290,0.2618556569403875,0.0
2315257,6,IDFM:462956,IDFM:21923,366,0.3307703887393357,0.0
2315258,6,IDFM:462969,IDFM:21906,301,0.2719863102348507,0.0
2315259,6,IDFM:21918,IDFM:462961,130,0.09997842299119984,0.0
2315260,6,IDFM:462970,IDFM:462972,180,0.06453842630133261,0.0
2315261,6,IDFM:462980,IDFM:462955,396,0.3069769141772775,0.0
2315262,6,IDFM:22010,IDFM:463000,180,0.06640837796571317,0.0
2315263,6,IDFM:463249,IDFM:22079,109,0.15264824897319695,0.0
2315264,6,IDFM:21958,IDFM:22083,420,0.21999613167781398,0.0
2315265,6,IDFM:463189,IDFM:21906,14,0.0131683503919399,0.0
2315266,6,IDFM:462951,IDFM:462436,237,0.05900555771960364,0.0
2315267,6,IDFM:463263,IDFM:21947,106,0.0961309929466338,0.0
2315268,6,IDFM:21962,IDFM:472142,321,0.29048420844081,0.0
2315269,6,IDFM:24111,IDFM:463261,198,0.038293830999075726,0.0
2315270,6,IDFM:463145,IDFM:21932,99,0.04923242354150972,0.0
2315271,6,IDFM:22143,IDFM:22157,400,0.34620827117361996,0.0
2315272,6,IDFM:490841,IDFM:463224,180,0.1277059646897316,0.0
2315273,6,IDFM:monomodalStopPlace:411511,IDFM:472652,7,0.0064152283863090215,0.0
2315274,6,IDFM:22234,IDFM:462953,9,0.008736353483323129,0.0
2315275,6,IDFM:24415,IDFM:463263,216,0.07870780533987291,0.0
2315276,6,IDFM:462989,IDFM:22024,9,0.00875423639195316,0.0
2315277,6,IDFM:463310,IDFM:463065,373,0.33759612690493146,0.0
2315278,6,IDFM:462969,IDFM:21962,180,0.2815967111755039,0.0
2315279,6,IDFM:463087,IDFM:482428,209,0.08503771274489853,0.0
2315280,6,IDFM:462429,IDFM:463278,203,0.07437982809560029,0.0
2315281,6,IDFM:21902,IDFM:462961,153,0.07851102344725068,0.0
2315282,6,IDFM:24102,IDFM:monomodalStopPlace:58798,286,0.12603970524929595,0.0
2315283,6,IDFM:monomodalStopPlace:470549,IDFM:25641,240,0.13678182140423928,0.0
2315284,6,IDFM:472217,IDFM:470761,38,0.034514881827438906,0.0
2315285,6,IDFM:463183,IDFM:22149,12,0.010906609532716677,0.0
2315286,6,IDFM:22183,IDFM:463201,33,0.030205397789203427,0.0
2315287,6,IDFM:22159,IDFM:463264,180,0.016362635882014444,0.0
2315288,6,IDFM:22160,IDFM:463305,9,0.008955073242595465,0.0
2315289,6,IDFM:463182,IDFM:monomodalStopPlace:58572,240,0.18395665321229204,0.0
2315290,6,IDFM:463047,IDFM:22214,13,0.01175942891743586,0.0
2315291,6,IDFM:28863,IDFM:28867,377,0.34086750907398,0.0
2315292,6,IDFM:463246,IDFM:22030,12,0.011529418473275129,0.0
2315293,6,IDFM:471970,IDFM:monomodalStopPlace:59038,27,0.02440034496517015,0.0
2315294,6,IDFM:462964,IDFM:22048,17,0.016011574883112795,0.0
2315295,6,IDFM:monomodalStopPlace:43078,IDFM:470874,262,0.14733455923498656,0.0
2315296,6,IDFM:463077,IDFM:21968,12,0.01155717512608029,0.0
2315297,6,IDFM:463227,IDFM:463249,89,0.1501466090973888,0.0
2315298,6,IDFM:463312,IDFM:463313,180,0.05244198582844902,0.0
2315299,6,IDFM:28855,IDFM:28861,10,0.009456197234067442,0.0
2315300,6,IDFM:monomodalStopPlace:45873,IDFM:463244,240,0.29713365478859605,0.0
2315301,6,IDFM:486841,IDFM:486834,6,0.005744292125061487,0.0
2315302,6,IDFM:monomodalStopPlace:44514,IDFM:462441,273,0.15802365960123824,0.0
2315303,6,IDFM:490895,IDFM:22023,60,0.05282853428485991,0.0
2315304,6,IDFM:monomodalStopPlace:58498,IDFM:24531,334,0.13653980392948684,0.0
2315305,6,IDFM:22164,IDFM:463268,12,0.011645082533730148,0.0
2315306,6,IDFM:42102,IDFM:472920,300,0.1681861883125109,0.0
2315307,6,IDFM:monomodalStopPlace:427870,IDFM:472543,179,0.1624791163173208,0.0
2315308,6,IDFM:21952,IDFM:463074,168,0.12106658389792241,0.0
2315309,6,IDFM:463108,IDFM:21997,11,0.010616138503136634,0.0
2315310,6,IDFM:463299,IDFM:463096,298,0.269404574616944,0.0
2315311,6,IDFM:monomodalStopPlace:45453,IDFM:463203,180,0.15411922552965,0.0
2315312,6,IDFM:22221,IDFM:24128,206,0.16515815023969785,0.0
2315313,6,IDFM:462977,IDFM:22244,10,0.00917287855687822,0.0
2315314,6,IDFM:35927,IDFM:490908,780,0.5496936597842952,0.0
2315315,6,IDFM:28856,IDFM:28859,86,0.07795778478364279,0.0
2315316,6,IDFM:25639,IDFM:25640,14,0.012850614771496727,0.0
2315317,6,IDFM:monomodalStopPlace:43204,IDFM:490794,840,0.40520576354947446,0.0
2315318,6,IDFM:monomodalStopPlace:46984,IDFM:471553,5,0.004910048787744344,0.0
2315319,6,IDFM:486960,IDFM:486962,8,0.008109429912197286,0.0
2315320,6,IDFM:monomodalStopPlace:46984,IDFM:470812,5,0.004910048957299905,0.0
2315321,6,IDFM:24416,IDFM:24404,13,0.01197418108593326,0.0
2315322,6,IDFM:monomodalStopPlace:43072,IDFM:21981,240,0.31394478422932315,0.0
2315323,6,IDFM:463242,IDFM:22144,11,0.009967033260380112,0.0
2315324,6,IDFM:462970,IDFM:21963,108,0.04146284584909948,0.0
2315325,6,IDFM:22038,IDFM:22156,307,0.321582584743168,0.0
2315326,6,IDFM:490876,IDFM:22111,240,0.28584718920370833,0.0
2315327,6,IDFM:472986,IDFM:472920,9,0.008965398845805297,0.0
2315328,6,IDFM:29894,IDFM:35927,11,0.010574219609143726,0.0
2315329,6,IDFM:22115,IDFM:463253,125,0.08543188574236266,0.0
2315330,6,IDFM:463286,IDFM:463285,94,0.13633992936550923,0.0
2315331,6,IDFM:22156,IDFM:462980,396,0.3102742096972792,0.0
2315332,6,IDFM:26602,IDFM:463222,9,0.008349746947155878,0.0
2315333,6,IDFM:42127,IDFM:42129,11,0.010583522446730873,0.0
2315334,6,IDFM:22366,IDFM:463106,14,0.012753533868542782,0.0
2315335,6,IDFM:460563,IDFM:26534,120,0.05664159023899881,0.0
2315336,6,IDFM:2341,IDFM:2340,12,0.011321231798112882,0.0
2315337,6,IDFM:22139,IDFM:462966,351,0.3169171249085447,0.0
2315338,6,IDFM:463136,IDFM:21989,0,0.0,0.0
2315339,6,IDFM:monomodalStopPlace:473890,IDFM:463305,364,0.32895477447857685,0.0
2315340,6,IDFM:463306,IDFM:monomodalStopPlace:44877,300,0.10932246192175211,0.0
2315341,6,IDFM:35935,IDFM:29901,340,0.30706525403902574,0.0
2315342,6,IDFM:463009,IDFM:463032,121,0.1342341856555942,0.0
2315343,6,IDFM:monomodalStopPlace:411362,IDFM:471477,24,0.022489538341358917,0.0
2315344,6,IDFM:472142,IDFM:462972,317,0.28659857337857547,0.0
2315345,6,IDFM:22633,IDFM:23314,322,0.2915884308963644,0.0
2315346,6,IDFM:22219,IDFM:463278,12,0.011367786347238274,0.0
2315347,6,IDFM:monomodalStopPlace:43100,IDFM:471056,8,0.007990837075834414,0.0
2315348,6,IDFM:463152,IDFM:22389,0,0.0,0.0
2315349,6,IDFM:22167,IDFM:463098,12,0.01116330798238401,0.0
2315350,6,IDFM:23437,IDFM:23436,14,0.012827224736452291,0.0
2315351,6,IDFM:22218,IDFM:472142,359,0.32444045971886604,0.0
2315352,6,IDFM:463164,IDFM:22096,180,0.09672424772225241,0.0
2315353,6,IDFM:463171,IDFM:monomodalStopPlace:45102,334,0.3016391573074859,0.0
2315354,6,IDFM:463245,IDFM:463244,180,0.05912901413009271,0.0
2315355,6,IDFM:22020,IDFM:22112,93,0.1426482502433973,0.0
2315356,6,IDFM:22220,IDFM:462446,247,0.06904414271947842,0.0
2315357,6,IDFM:22013,IDFM:463022,107,0.020820479909419105,0.0
2315358,6,IDFM:22368,IDFM:21952,291,0.26354851098980353,0.0
2315359,6,IDFM:29897,IDFM:35931,11,0.010826967105282054,0.0
2315360,6,IDFM:490794,IDFM:490774,28,0.02569790218003232,0.0
2315361,6,IDFM:462949,IDFM:22058,2,0.0025655875423648807,0.0
2315362,6,IDFM:22134,IDFM:21920,119,0.07289450209551246,0.0
2315363,6,IDFM:472325,IDFM:472319,16,0.014912880678098796,0.0
2315364,6,IDFM:24115,IDFM:monomodalStopPlace:473843,210,0.14186839793676434,0.0
2315365,6,IDFM:22057,IDFM:22096,180,0.1077477383881273,0.0
2315366,6,IDFM:24142,IDFM:463277,218,0.3906788934755427,0.0
2315367,6,IDFM:486900,IDFM:486902,6,0.006191759525060696,0.0
2315368,6,IDFM:21950,IDFM:462997,112,0.101441724954185,0.0
2315369,6,IDFM:22137,IDFM:463306,2,0.002565549894182808,0.0
2315370,6,IDFM:463180,IDFM:21931,11,0.010739444646489226,0.0
2315371,6,IDFM:42112,IDFM:472920,300,0.15526229117109888,0.0
2315372,6,IDFM:monomodalStopPlace:44314,IDFM:463228,240,0.19021403003032125,0.0
2315373,6,IDFM:21963,IDFM:monomodalStopPlace:58566,240,0.3136212435757943,0.0
2315374,6,IDFM:463194,IDFM:463201,180,0.12233593585716997,0.0
2315375,6,IDFM:42130,IDFM:42134,12,0.011725461811988407,0.0
2315376,6,IDFM:monomodalStopPlace:43219,IDFM:472104,49,0.04450691022151505,0.0
2315377,6,IDFM:463306,IDFM:21983,373,0.3369851884830513,0.0
2315378,6,IDFM:42126,IDFM:22635,180,0.3224236757073246,0.0
2315379,6,IDFM:22032,IDFM:472273,318,0.28786836250608794,0.0
2315380,6,IDFM:463133,IDFM:22198,180,0.022269516394578057,0.0
2315381,6,IDFM:463261,IDFM:24111,198,0.038293830999075726,0.0
2315382,6,IDFM:22115,IDFM:22129,119,0.07795122453840855,0.0
2315383,6,IDFM:29901,IDFM:35939,339,0.3061003985423092,0.0
2315384,6,IDFM:472536,IDFM:monomodalStopPlace:43178,25,0.023354401370426513,0.0
2315385,6,IDFM:472273,IDFM:22032,318,0.28786836250608794,0.0
2315386,6,IDFM:463066,IDFM:22225,133,0.12076902504141315,0.0
2315387,6,IDFM:463277,IDFM:22208,26,0.023697144930353534,0.0
2315388,6,IDFM:463181,IDFM:463180,300,0.05919099469405169,0.0
2315389,6,IDFM:463131,IDFM:22624,226,0.05999802449738089,0.0
2315390,6,IDFM:21932,IDFM:463246,330,0.2986900345211773,0.0
2315391,6,IDFM:463071,IDFM:21946,14,0.012827084829693379,0.0
2315392,6,IDFM:462974,IDFM:22132,12,0.011466225794742253,0.0
2315393,6,IDFM:471320,IDFM:471066,50,0.04558445317760431,0.0
2315394,6,IDFM:monomodalStopPlace:411317,IDFM:471404,32,0.029323336201027214,0.0
2315395,6,IDFM:21912,IDFM:462915,12,0.011397601441175782,0.0
2315396,6,IDFM:478395,IDFM:22227,9,0.008349295394882496,0.0
2315397,6,IDFM:22375,IDFM:21960,180,0.023558590184888064,0.0
2315398,6,IDFM:22228,IDFM:462952,8,0.0073504875840946894,0.0
2315399,6,IDFM:462942,IDFM:22072,149,0.0681411439723136,0.0
2315400,6,IDFM:472678,IDFM:monomodalStopPlace:411501,8,0.007474011770528582,0.0
2315401,6,IDFM:21962,IDFM:462971,180,0.08768093891917904,0.0
2315402,6,IDFM:22007,IDFM:462982,420,0.6676960982426672,0.0
2315403,6,IDFM:37466,IDFM:24425,7,0.006899680563968515,0.0
2315404,6,IDFM:462998,IDFM:21978,12,0.01159601509656142,0.0
2315405,6,IDFM:42128,IDFM:42131,12,0.011465658339334144,0.0
2315406,6,IDFM:22303,IDFM:22304,13,0.012413576675562673,0.0
2315407,6,IDFM:463231,IDFM:22378,18,0.01645741967285517,0.0
2315408,6,IDFM:2344,IDFM:2342,13,0.012414488779646503,0.0
2315409,6,IDFM:463014,IDFM:462400,1,0.0016241596596786245,0.0
2315410,6,IDFM:monomodalStopPlace:462357,IDFM:25635,186,0.12972270489673676,0.0
2315411,6,IDFM:22207,IDFM:463050,13,0.01220183693187861,0.0
2315412,6,IDFM:28859,IDFM:28852,366,0.3304731797163164,0.0
2315413,6,IDFM:486886,IDFM:486888,9,0.008286782652440183,0.0
2315414,6,IDFM:463198,IDFM:463199,180,0.09513677569841901,0.0
2315415,6,IDFM:490890,IDFM:490895,29,0.026992250992946117,0.0
2315416,6,IDFM:21902,IDFM:22199,180,0.09807347552112856,0.0
2315417,6,IDFM:463233,IDFM:21938,2,0.0025701001355279522,0.0
2315418,6,IDFM:463066,IDFM:472273,367,0.332123973171022,0.0
2315419,6,IDFM:463188,IDFM:462971,342,0.30930806435407254,0.0
2315420,6,IDFM:22020,IDFM:463285,87,0.13657457825995725,0.0
2315421,6,IDFM:21987,IDFM:22190,352,0.3178592363346829,0.0
2315422,6,IDFM:monomodalStopPlace:415093,IDFM:490892,60,0.0693895476004808,0.0
2315423,6,IDFM:471341,IDFM:462970,343,0.3102857609034481,0.0
2315424,6,IDFM:monomodalStopPlace:58566,IDFM:472273,94,0.084919795531476,0.0
2315425,6,IDFM:22128,IDFM:463111,19,0.017958559584894892,0.0
2315426,6,IDFM:478657,IDFM:478654,14,0.012649392984356722,0.0
2315427,6,IDFM:monomodalStopPlace:43238,IDFM:472319,144,0.13087079523132675,0.0
2315428,6,IDFM:23443,IDFM:23442,11,0.01057326596329182,0.0
2315429,6,IDFM:22296,IDFM:24103,300,0.37888220429527825,0.0
2315430,6,IDFM:462400,IDFM:monomodalStopPlace:43066,150,0.022667070956024025,0.0
2315431,6,IDFM:monomodalStopPlace:45102,IDFM:463079,420,0.522858470613725,0.0
2315432,6,IDFM:22019,IDFM:463250,12,0.010906745311609003,0.0
2315433,6,IDFM:21963,IDFM:21926,342,0.30943569599906273,0.0
2315434,6,IDFM:22093,IDFM:463011,8,0.008026510125397759,0.0
2315435,6,IDFM:21919,IDFM:22073,200,0.1267555645269511,0.0
2315436,6,IDFM:22178,IDFM:monomodalStopPlace:479035,240,0.44824644786149664,0.0
2315437,6,IDFM:463239,IDFM:21930,367,0.33204480633248207,0.0
2315438,6,IDFM:463073,IDFM:462414,225,0.07868858038315595,0.0
2315439,6,IDFM:463084,IDFM:22229,166,0.14995502519255524,0.0
2315440,6,IDFM:486969,IDFM:486967,51,0.046236738159966484,0.0
2315441,6,IDFM:486898,IDFM:monomodalStopPlace:43076,347,0.3138885391442355,0.0
2315442,6,IDFM:22122,IDFM:463117,13,0.011753831702491509,0.0
2315443,6,IDFM:24410,IDFM:24684,360,0.24178877321765638,0.0
2315444,6,IDFM:23444,IDFM:21938,480,0.4419989379502732,0.0
2315445,6,IDFM:21966,IDFM:463061,335,0.3024444452415028,0.0
2315446,6,IDFM:2334,IDFM:2330,12,0.011557864697272765,0.0
2315447,6,IDFM:463016,IDFM:463100,370,0.33491625132321556,0.0
2315448,6,IDFM:22026,IDFM:462960,348,0.31422047122510655,0.0
2315449,6,IDFM:21935,IDFM:463052,11,0.010601054813290009,0.0
2315450,6,IDFM:462962,IDFM:462963,180,0.017324752497749438,0.0
2315451,6,IDFM:24684,IDFM:24418,360,0.23437364631273827,0.0
2315452,6,IDFM:29898,IDFM:29899,34,0.031397777343412765,0.0
2315453,6,IDFM:463116,IDFM:22059,2,0.0025654861302547216,0.0
2315454,6,IDFM:490917,IDFM:35927,780,0.5475576845300022,0.0
2315455,6,IDFM:462980,IDFM:22157,370,0.31095758862186607,0.0
2315456,6,IDFM:462957,IDFM:21924,11,0.010709305493089858,0.0
2315457,6,IDFM:472625,IDFM:monomodalStopPlace:43157,35,0.032422560151846386,0.0
2315458,6,IDFM:463284,IDFM:463283,180,0.037710619434882624,0.0
2315459,6,IDFM:463262,IDFM:24415,216,0.013139969163525443,0.0
2315460,6,IDFM:463245,IDFM:463246,125,0.19400903566341074,0.0
2315461,6,IDFM:462942,IDFM:22080,163,0.18605893686799246,0.0
2315462,6,IDFM:22631,IDFM:22630,10,0.009743492959589616,0.0
2315463,6,IDFM:22007,IDFM:471604,262,0.2373918843680855,0.0
2315464,6,IDFM:21984,IDFM:21968,343,0.30997719638388965,0.0
2315465,6,IDFM:463103,IDFM:463104,85,0.07647523391686473,0.0
2315466,6,IDFM:22213,IDFM:463056,0,0.0,0.0
2315467,6,IDFM:22129,IDFM:22115,152,0.07795122453840855,0.0
2315468,6,IDFM:21922,IDFM:21907,42,0.038226672537037376,0.0
2315469,6,IDFM:463313,IDFM:463312,180,0.05244198582844902,0.0
2315470,6,IDFM:463194,IDFM:22183,180,0.09638050727844824,0.0
2315471,6,IDFM:463062,IDFM:22050,2,0.002565503644823614,0.0
2315472,6,IDFM:463039,IDFM:22124,278,0.25143715937165206,0.0
2315473,6,IDFM:22142,IDFM:463091,158,0.05832481172596656,0.0
2315474,6,IDFM:463048,IDFM:21905,282,0.2551646999985903,0.0
2315475,6,IDFM:21913,IDFM:463279,11,0.010413293455618058,0.0
2315476,6,IDFM:463208,IDFM:22147,315,0.2844471740449482,0.0
2315477,6,IDFM:22373,IDFM:463030,11,0.010749514207958067,0.0
2315478,6,IDFM:monomodalStopPlace:473890,IDFM:22158,156,0.14703525062625675,0.0
2315479,6,IDFM:472820,IDFM:42127,180,0.09178261720533473,0.0
2315480,6,IDFM:479003,IDFM:479002,9,0.008737264207639534,0.0
2315481,6,IDFM:472625,IDFM:471958,52,0.04780586105462154,0.0
2315482,6,IDFM:22156,IDFM:monomodalStopPlace:43238,240,0.6213288414549714,0.0
2315483,6,IDFM:22076,IDFM:463294,11,0.010279824856363935,0.0
2315484,6,IDFM:463084,IDFM:22056,354,0.3203734151831192,0.0
2315485,6,IDFM:463169,IDFM:22181,14,0.013225682608806754,0.0
2315486,6,IDFM:2332,IDFM:2331,19,0.01721945214185766,0.0
2315487,6,IDFM:462976,IDFM:22239,10,0.009872881054743682,0.0
2315488,6,IDFM:21918,IDFM:22199,180,0.016240038080182848,0.0
2315489,6,IDFM:21941,IDFM:463221,35,0.03240714175100696,0.0
2315490,6,IDFM:22077,IDFM:463012,16,0.014993970204966407,0.0
2315491,6,IDFM:463060,IDFM:463159,360,0.3720781585840521,0.0
2315492,6,IDFM:22225,IDFM:472273,255,0.23034515063742364,0.0
2315493,6,IDFM:471174,IDFM:471056,8,0.00811886325307724,0.0
2315494,6,IDFM:490896,IDFM:monomodalStopPlace:44314,299,0.27073115402646764,0.0
2315495,6,IDFM:22003,IDFM:24403,393,0.3031681703513921,0.0
2315496,6,IDFM:22173,IDFM:463186,9,0.00854817484190278,0.0
2315497,6,IDFM:471084,IDFM:monomodalStopPlace:411507,20,0.018682774419214322,0.0
2315498,6,IDFM:35929,IDFM:490851,360,0.15885090608258182,0.0
2315499,6,IDFM:24431,IDFM:42126,180,0.31804953883320003,0.0
2315500,6,IDFM:22212,IDFM:463167,5,0.004872310903691023,0.0
2315501,6,IDFM:472407,IDFM:monomodalStopPlace:43219,45,0.04099790597155097,0.0
2315502,6,IDFM:22364,IDFM:monomodalStopPlace:45102,480,0.6207686033689158,0.0
2315503,6,IDFM:monomodalStopPlace:44514,IDFM:480531,240,0.21349344707818238,0.0
2315504,6,IDFM:462431,IDFM:463073,218,0.07222978843667,0.0
2315505,6,IDFM:monomodalStopPlace:58566,IDFM:472142,80,0.07230301938578979,0.0
2315506,6,IDFM:22170,IDFM:22095,374,0.3382925698246988,0.0
2315507,6,IDFM:22156,IDFM:462954,126,0.02668468052868851,0.0
2315508,6,IDFM:24429,IDFM:23303,9,0.008369868124201154,0.0
2315509,6,IDFM:463027,IDFM:22005,33,0.02998706771109065,0.0
2315510,6,IDFM:22241,IDFM:42123,211,0.09345339529708038,0.0
2315511,6,IDFM:monomodalStopPlace:43076,IDFM:486899,337,0.30499475757021827,0.0
2315512,6,IDFM:463160,IDFM:monomodalStopPlace:45102,300,0.4079592092557437,0.0
2315513,6,IDFM:463030,IDFM:478979,250,0.08313100516815945,0.0
2315514,6,IDFM:22138,IDFM:463308,19,0.01780422318931729,0.0
2315515,6,IDFM:22024,IDFM:22196,363,0.3279107159674808,0.0
2315516,6,IDFM:22006,IDFM:463025,8,0.008026738445672244,0.0
2315517,6,IDFM:22158,IDFM:22151,101,0.0801446191950449,0.0
2315518,6,IDFM:22111,IDFM:490878,180,0.26502959858027925,0.0
2315519,6,IDFM:471008,IDFM:471005,10,0.009882472492775175,0.0
2315520,6,IDFM:monomodalStopPlace:45873,IDFM:22381,300,0.3508518181975762,0.0
2315521,6,IDFM:472273,IDFM:monomodalStopPlace:58566,94,0.084919795531476,0.0
2315522,6,IDFM:486812,IDFM:486839,15,0.01380862655045947,0.0
2315523,6,IDFM:24110,IDFM:24133,21,0.019226690455989365,0.0
2315524,6,IDFM:monomodalStopPlace:58798,IDFM:480964,278,0.12547806791732688,0.0
2315525,6,IDFM:462998,IDFM:462995,105,0.10085773895622524,0.0
2315526,6,IDFM:462954,IDFM:22143,343,0.3563241417151657,0.0
2315527,6,IDFM:478987,IDFM:478973,10,0.009457849544841475,0.0
2315528,6,IDFM:486843,IDFM:486830,6,0.006191070727126711,0.0
2315529,6,IDFM:22129,IDFM:463252,120,0.0820526834069173,0.0
2315530,6,IDFM:22092,IDFM:21966,400,0.26298312490090836,0.0
2315531,6,IDFM:21990,IDFM:463080,168,0.13290245391714262,0.0
2315532,6,IDFM:462946,IDFM:462962,180,0.10343131423703421,0.0
2315533,6,IDFM:21963,IDFM:462969,280,0.25158466284293424,0.0
2315534,6,IDFM:462972,IDFM:21911,140,0.2906620639093122,0.0
2315535,6,IDFM:463201,IDFM:22183,33,0.030205397789203427,0.0
2315536,6,IDFM:463144,IDFM:463246,322,0.29093195077673384,0.0
2315537,6,IDFM:2271,IDFM:monomodalStopPlace:462398,300,0.04459233068731333,0.0
2315538,6,IDFM:monomodalStopPlace:45873,IDFM:21926,264,0.23858993770963427,0.0
2315539,6,IDFM:22040,IDFM:22059,353,0.319200012767882,0.0
2315540,6,IDFM:480904,IDFM:monomodalStopPlace:43198,180,0.3652275673059794,0.0
2315541,6,IDFM:462968,IDFM:22049,29,0.02680513821000262,0.0
2315542,6,IDFM:472271,IDFM:monomodalStopPlace:411396,33,0.030464554543311876,0.0
2315543,6,IDFM:472217,IDFM:471925,78,0.07080019220870584,0.0
2315544,6,IDFM:monomodalStopPlace:470549,IDFM:25642,240,0.12360811968324668,0.0
2315545,6,IDFM:463104,IDFM:monomodalStopPlace:473890,192,0.14047822205842275,0.0
2315546,6,IDFM:463169,IDFM:22184,180,0.05124478049467036,0.0
2315547,6,IDFM:463008,IDFM:22001,127,0.13360674902636654,0.0
2315548,6,IDFM:463164,IDFM:22085,125,0.1242224009977781,0.0
2315549,6,IDFM:463278,IDFM:480541,180,0.013455589595859036,0.0
2315550,6,IDFM:462955,IDFM:22038,396,0.3181659252983941,0.0
2315551,6,IDFM:22115,IDFM:463252,12,0.01094764225406813,0.0
2315552,6,IDFM:22380,IDFM:463235,12,0.010840794096408772,0.0
2315553,6,IDFM:471064,IDFM:22032,287,0.25959895638325087,0.0
2315554,6,IDFM:463267,IDFM:22370,28,0.025331514311238215,0.0
2315555,6,IDFM:472648,IDFM:monomodalStopPlace:46736,38,0.03435665690641575,0.0
2315556,6,IDFM:42122,IDFM:monomodalStopPlace:412743,324,0.20872964544084913,0.0
2315557,6,IDFM:22120,IDFM:462984,11,0.010826424159856364,0.0
2315558,6,IDFM:22395,IDFM:463200,26,0.023979303289994355,0.0
2315559,6,IDFM:463300,IDFM:21964,480,0.5562896998938017,0.0
2315560,6,IDFM:24130,IDFM:24105,12,0.011726857664392234,0.0
2315561,6,IDFM:22218,IDFM:21911,480,0.31760340516165375,0.0
2315562,6,IDFM:21984,IDFM:463141,0,0.0,0.0
2315563,6,IDFM:21962,IDFM:462970,180,0.053962673920695835,0.0
2315564,6,IDFM:471341,IDFM:472142,4,0.00413805733322593,0.0
2315565,6,IDFM:463144,IDFM:463245,374,0.3383530742957033,0.0
2315566,6,IDFM:463290,IDFM:21915,29,0.02621840486939953,0.0
2315567,6,IDFM:462942,IDFM:463067,176,0.06727561161713688,0.0
2315568,6,IDFM:24531,IDFM:24530,14,0.01270132645805162,0.0
2315569,6,IDFM:463001,IDFM:22148,118,0.031209644452038787,0.0
2315570,6,IDFM:21971,IDFM:21985,356,0.32174121546178863,0.0
2315571,6,IDFM:22130,IDFM:463094,130,0.09802872286838223,0.0
2315572,6,IDFM:21986,IDFM:463076,34,0.031050250730732847,0.0
2315573,6,IDFM:24402,IDFM:24401,11,0.010600511923202386,0.0
2315574,6,IDFM:23314,IDFM:23312,72,0.06575054634497914,0.0
2315575,6,IDFM:42104,IDFM:42108,13,0.012002575594659096,0.0
2315576,6,IDFM:463161,IDFM:22137,448,0.3329479545641779,0.0
2315577,6,IDFM:463079,IDFM:21990,353,0.31900612234581577,0.0
2315578,6,IDFM:42116,IDFM:42105,11,0.010412501491530281,0.0
2315579,6,IDFM:478654,IDFM:478657,14,0.012649392984356722,0.0
2315580,6,IDFM:24118,IDFM:460547,130,0.11801353135335435,0.0
2315581,6,IDFM:22143,IDFM:462954,400,0.3563241417151657,0.0
2315582,6,IDFM:22101,IDFM:25641,268,0.1216122666842517,0.0
2315583,6,IDFM:462957,IDFM:474397,58,0.04752045047855987,0.0
2315584,6,IDFM:monomodalStopPlace:43072,IDFM:471473,104,0.09445468789377519,0.0
2315585,6,IDFM:24108,IDFM:24103,153,0.13861950909189055,0.0
2315586,6,IDFM:472273,IDFM:463066,367,0.332123973171022,0.0
2315587,6,IDFM:471646,IDFM:471335,169,0.1531619238499603,0.0
2315588,6,IDFM:463076,IDFM:21986,34,0.031050250730732847,0.0
2315589,6,IDFM:472319,IDFM:monomodalStopPlace:43238,144,0.13087079523132675,0.0
2315590,6,IDFM:28857,IDFM:28848,11,0.01038285556293194,0.0
2315591,6,IDFM:463085,IDFM:22223,11,0.010584652571871555,0.0
2315592,6,IDFM:463298,IDFM:22442,37,0.03375784299083125,0.0
2315593,6,IDFM:472642,IDFM:470693,12,0.011523559303404218,0.0
2315594,6,IDFM:463300,IDFM:21962,140,0.28828900952432596,0.0
2315595,6,IDFM:21969,IDFM:463201,180,0.006030286530988597,0.0
2315596,6,IDFM:21911,IDFM:462972,140,0.2906620639093122,0.0
2315597,6,IDFM:463160,IDFM:463061,356,0.32195308913029536,0.0
2315598,6,IDFM:471399,IDFM:472543,294,0.2661793644209527,0.0
2315599,6,IDFM:22382,IDFM:463206,16,0.01454178831072647,0.0
2315600,6,IDFM:22023,IDFM:490895,60,0.05282853428485991,0.0
2315601,6,IDFM:463189,IDFM:21964,303,0.2737842862149979,0.0
2315602,6,IDFM:22171,IDFM:463099,4,0.00414279453338129,0.0
2315603,6,IDFM:21978,IDFM:22145,80,0.09739676035256514,0.0
2315604,6,IDFM:21952,IDFM:24680,161,0.12019038736762631,0.0
2315605,6,IDFM:463318,IDFM:463268,90,0.07586986893138861,0.0
2315606,6,IDFM:470860,IDFM:471925,62,0.05632745775533357,0.0
2315607,6,IDFM:472731,IDFM:monomodalStopPlace:461504,36,0.032985439540703716,0.0
2315608,6,IDFM:monomodalStopPlace:470195,IDFM:22083,219,0.3806338803163037,0.0
2315609,6,IDFM:22202,IDFM:463138,233,0.21096577994858953,0.0
2315610,6,IDFM:462981,IDFM:463095,231,0.2198495494252737,0.0
2315611,6,IDFM:monomodalStopPlace:470519,IDFM:471607,84,0.07593679766094677,0.0
2315612,6,IDFM:22133,IDFM:463065,373,0.33759612690493146,0.0
2315613,6,IDFM:486990,IDFM:486957,8,0.007356335476425976,0.0
2315614,6,IDFM:478663,IDFM:477286,10,0.009873355619871462,0.0
2315615,6,IDFM:2342,IDFM:486812,146,0.13225440638988967,0.0
2315616,6,IDFM:22177,IDFM:463127,0,0.0,0.0
2315617,6,IDFM:22018,IDFM:463091,14,0.012868632346970358,0.0
2315618,6,IDFM:22026,IDFM:463316,10,0.009481322730038133,0.0
2315619,6,IDFM:22080,IDFM:22073,90,0.061710345710316764,0.0
2315620,6,IDFM:monomodalStopPlace:43169,IDFM:monomodalStopPlace:487011,300,0.37102541412997225,0.0
2315621,6,IDFM:22035,IDFM:462985,12,0.011647197129774889,0.0
2315622,6,IDFM:482428,IDFM:463087,209,0.08503771274489853,0.0
2315623,6,IDFM:24530,IDFM:24531,14,0.01270132645805162,0.0
2315624,6,IDFM:463188,IDFM:21926,12,0.011726354246555621,0.0
2315625,6,IDFM:21963,IDFM:monomodalStopPlace:58718,300,0.33974450093555436,0.0
2315626,6,IDFM:463054,IDFM:22200,284,0.25656344063245873,0.0
2315627,6,IDFM:24409,IDFM:463262,194,0.0064472782809558175,0.0
2315628,6,IDFM:463197,IDFM:22083,14,0.012701920403338904,0.0
2315629,6,IDFM:462988,IDFM:22027,72,0.018349202980277195,0.0
2315630,6,IDFM:490908,IDFM:35927,780,0.5496936597842952,0.0
2315631,6,IDFM:462982,IDFM:22119,420,0.011726235448022308,0.0
2315632,6,IDFM:28861,IDFM:28855,10,0.009456197234067442,0.0
2315633,6,IDFM:22013,IDFM:22387,55,0.025532473755302328,0.0
2315634,6,IDFM:22149,IDFM:22119,420,0.6944050006458382,0.0
2315635,6,IDFM:23428,IDFM:23430,18,0.01655182679505562,0.0
2315636,6,IDFM:463084,IDFM:463173,336,0.3040350575175118,0.0
2315637,6,IDFM:22051,IDFM:22138,320,0.28921078707812886,0.0
2315638,6,IDFM:463159,IDFM:463079,420,0.2643784218592969,0.0
2315639,6,IDFM:463220,IDFM:22396,0,0.0,0.0
2315640,6,IDFM:21989,IDFM:25644,660,0.6278023892505409,0.0
2315641,6,IDFM:463054,IDFM:21925,14,0.013396763812121095,0.0
2315642,6,IDFM:22130,IDFM:22127,128,0.09507415628827434,0.0
2315643,6,IDFM:463208,IDFM:monomodalStopPlace:45102,180,0.1205959596768582,0.0
2315644,6,IDFM:22156,IDFM:462996,468,0.35392339358068076,0.0
2315645,6,IDFM:monomodalStopPlace:58572,IDFM:monomodalStopPlace:470519,350,0.31664531019564723,0.0
2315646,6,IDFM:25643,IDFM:21989,660,0.6196835429820432,0.0
2315647,6,IDFM:412987,IDFM:412988,15,0.01388781519805882,0.0
2315648,6,IDFM:monomodalStopPlace:45873,IDFM:22195,240,0.3057544583671252,0.0
2315649,6,IDFM:22001,IDFM:22107,127,0.13486282308324019,0.0
2315650,6,IDFM:22365,IDFM:22006,129,0.07743954672832543,0.0
2315651,6,IDFM:22080,IDFM:462943,12,0.01155705616328336,0.0
2315652,6,IDFM:463219,IDFM:22062,25,0.023000642529996805,0.0
2315653,6,IDFM:21903,IDFM:22026,270,0.24441434833948542,0.0
2315654,6,IDFM:21914,IDFM:463259,24,0.02216959963749981,0.0
2315655,6,IDFM:21990,IDFM:22364,327,0.2957339636298587,0.0
2315656,6,IDFM:21911,IDFM:463300,12,0.011042202168828737,0.0
2315657,6,IDFM:463128,IDFM:463129,180,0.03647323766750086,0.0
2315658,6,IDFM:41670,IDFM:2338,10,0.00988318251334055,0.0
2315659,6,IDFM:463099,IDFM:22171,4,0.00414279453338129,0.0
2315660,6,IDFM:22302,IDFM:23444,15,0.01380805566282887,0.0
2315661,6,IDFM:463308,IDFM:22138,19,0.01780422318931729,0.0
2315662,6,IDFM:471077,IDFM:471473,22,0.02052460804782561,0.0
2315663,6,IDFM:28847,IDFM:24112,14,0.013401005946455736,0.0
2315664,6,IDFM:463203,IDFM:monomodalStopPlace:45453,180,0.15411922552965,0.0
2315665,6,IDFM:471744,IDFM:monomodalStopPlace:43121,3,0.0028795421888005244,0.0
2315666,6,IDFM:463013,IDFM:22094,62,0.025209181968291024,0.0
2315667,6,IDFM:462965,IDFM:22051,12,0.01102295678937171,0.0
2315668,6,IDFM:463037,IDFM:21921,180,0.0642928937088489,0.0
2315669,6,IDFM:22208,IDFM:22207,378,0.3420742786264283,0.0
2315670,6,IDFM:463308,IDFM:462968,190,0.17179370961110438,0.0
2315671,6,IDFM:463278,IDFM:22219,12,0.011367786347238274,0.0
2315672,6,IDFM:22044,IDFM:22050,338,0.3056045536796208,0.0
2315673,6,IDFM:463300,IDFM:462971,480,0.2941976833078149,0.0
2315674,6,IDFM:22365,IDFM:463003,112,0.09422683898950264,0.0
2315675,6,IDFM:463065,IDFM:463310,373,0.33759612690493146,0.0
2315676,6,IDFM:471308,IDFM:monomodalStopPlace:411467,30,0.02758946885783818,0.0
2315677,6,IDFM:462971,IDFM:22218,147,0.03924522857407891,0.0
2315678,6,IDFM:22148,IDFM:463022,13,0.012511581184627215,0.0
2315679,6,IDFM:25643,IDFM:25644,9,0.00834957054908199,0.0
2315680,6,IDFM:22181,IDFM:463168,180,0.057300896703402986,0.0
2315681,6,IDFM:486899,IDFM:486878,6,0.0058483497270589505,0.0
2315682,6,IDFM:21967,IDFM:463023,85,0.07696447917783726,0.0
2315683,6,IDFM:463325,IDFM:21916,19,0.017517294903314815,0.0
2315684,6,IDFM:22114,IDFM:22040,114,0.09613795916942117,0.0
2315685,6,IDFM:22003,IDFM:24423,405,0.3173410461861394,0.0
2315686,6,IDFM:463061,IDFM:463080,192,0.14366481870083853,0.0
2315687,6,IDFM:463246,IDFM:22195,180,0.14405872327450442,0.0
2315688,6,IDFM:22224,IDFM:474397,10,0.009456937644020709,0.0
2315689,6,IDFM:479006,IDFM:479007,13,0.011814283213219211,0.0
2315690,6,IDFM:monomodalStopPlace:59302,IDFM:471660,123,0.11186493191781514,0.0
2315691,6,IDFM:21919,IDFM:monomodalStopPlace:473875,193,0.08337752031068586,0.0
2315692,6,IDFM:471477,IDFM:470928,18,0.0167400179997147,0.0
2315693,6,IDFM:22008,IDFM:463138,13,0.012248942125387885,0.0
2315694,6,IDFM:490788,IDFM:490764,16,0.014993576089889712,0.0
2315695,6,IDFM:463029,IDFM:24133,213,0.09484638320805128,0.0
2315696,6,IDFM:monomodalStopPlace:45102,IDFM:21959,240,0.2911625541911131,0.0
2315697,6,IDFM:22087,IDFM:463079,210,0.11440349185403759,0.0
2315698,6,IDFM:2336,IDFM:463087,220,0.09479606138261755,0.0
2315699,6,IDFM:21906,IDFM:462971,348,0.3148574202895583,0.0
2315700,6,IDFM:21902,IDFM:21937,180,0.11380520030115555,0.0
2315701,6,IDFM:24409,IDFM:24415,15,0.013862005300095003,0.0
2315702,6,IDFM:463028,IDFM:22080,90,0.06571970390985035,0.0
2315703,6,IDFM:481075,IDFM:480936,15,0.013760384787413475,0.0
2315704,6,IDFM:22219,IDFM:480541,180,0.024239830365099718,0.0
2315705,6,IDFM:463043,IDFM:463042,206,0.18626438544493248,0.0
2315706,6,IDFM:22026,IDFM:21903,270,0.24441434833948542,0.0
2315707,6,IDFM:22079,IDFM:22376,71,0.14564241078303222,0.0
2315708,6,IDFM:463162,IDFM:463163,325,0.2940710881070291,0.0
2315709,6,IDFM:460549,IDFM:460550,7,0.006495644954743975,0.0
2315710,6,IDFM:463153,IDFM:22061,0,0.0,0.0
2315711,6,IDFM:2347,IDFM:2348,12,0.010882103891996519,0.0
2315712,6,IDFM:463000,IDFM:22097,15,0.014416258293311378,0.0
2315713,6,IDFM:21984,IDFM:463078,339,0.30685015667002186,0.0
2315714,6,IDFM:470761,IDFM:470860,55,0.050347747083135816,0.0
2315715,6,IDFM:463009,IDFM:22368,249,0.2709062006442851,0.0
2315716,6,IDFM:22235,IDFM:463213,7,0.0067004765118401045,0.0
2315717,6,IDFM:473828,IDFM:35927,133,0.12019055395178453,0.0
2315718,6,IDFM:480531,IDFM:monomodalStopPlace:44514,240,0.21349344707818238,0.0
2315719,6,IDFM:22051,IDFM:463308,306,0.27704171991838045,0.0
2315720,6,IDFM:22373,IDFM:478980,248,0.09408981537906955,0.0
2315721,6,IDFM:463182,IDFM:22149,203,0.0529116825676816,0.0
2315722,6,IDFM:21962,IDFM:monomodalStopPlace:58718,300,0.38837056292408595,0.0
2315723,6,IDFM:monomodalStopPlace:473364,IDFM:10218,300,0.09310881711842624,0.0
2315724,6,IDFM:463263,IDFM:463262,156,0.08377924917431612,0.0
2315725,6,IDFM:22218,IDFM:462971,118,0.03924522857407891,0.0
2315726,6,IDFM:486839,IDFM:486812,15,0.01380862655045947,0.0
2315727,6,IDFM:463245,IDFM:22024,360,0.3254528113562234,0.0
2315728,6,IDFM:21903,IDFM:462963,124,0.07065759071740581,0.0
2315729,6,IDFM:462984,IDFM:22120,11,0.010826424159856364,0.0
2315730,6,IDFM:22218,IDFM:monomodalStopPlace:58566,240,0.28384567853121556,0.0
2315731,6,IDFM:42107,IDFM:42103,180,0.16272816553800856,0.0
2315732,6,IDFM:monomodalStopPlace:58718,IDFM:21906,243,0.21962448346209715,0.0
2315733,6,IDFM:22010,IDFM:22097,180,0.0522374269108994,0.0
2315734,6,IDFM:463080,IDFM:22091,14,0.012856284616720342,0.0
2315735,6,IDFM:22140,IDFM:463092,12,0.011332911722336782,0.0
2315736,6,IDFM:22189,IDFM:463163,12,0.01131922736256707,0.0
2315737,6,IDFM:462960,IDFM:462963,180,0.14097451623399498,0.0
2315738,6,IDFM:23436,IDFM:23437,14,0.012827224736452291,0.0
2315739,6,IDFM:22083,IDFM:monomodalStopPlace:470195,219,0.3806338803163037,0.0
2315740,6,IDFM:463042,IDFM:22086,74,0.20261006243862803,0.0
2315741,6,IDFM:21976,IDFM:21980,70,0.10297625505605694,0.0
2315742,6,IDFM:21947,IDFM:463262,14,0.013040007214134243,0.0
2315743,6,IDFM:463075,IDFM:22182,12,0.010925162246902832,0.0
2315744,6,IDFM:22131,IDFM:22155,90,0.011487857882671784,0.0
2315745,6,IDFM:486897,IDFM:486895,8,0.007711120130559988,0.0
2315746,6,IDFM:412987,IDFM:463281,241,0.14478067323742783,0.0
2315747,6,IDFM:462956,IDFM:21930,13,0.01201436871974817,0.0
2315748,6,IDFM:22092,IDFM:21959,180,0.03601539057867364,0.0
2315749,6,IDFM:483903,IDFM:483900,11,0.010584477170323934,0.0
2315750,6,IDFM:22232,IDFM:463207,11,0.010261633829898668,0.0
2315751,6,IDFM:22030,IDFM:463245,125,0.1914102178498209,0.0
2315752,6,IDFM:462971,IDFM:21926,347,0.31336336360428774,0.0
2315753,6,IDFM:21929,IDFM:monomodalStopPlace:45453,180,0.15411922552965,0.0
2315754,6,IDFM:463137,IDFM:21988,10,0.009636226400761682,0.0
2315755,6,IDFM:463025,IDFM:22168,90,0.050923113030737856,0.0
2315756,6,IDFM:22026,IDFM:21937,345,0.312179307206875,0.0
2315757,6,IDFM:monomodalStopPlace:43134,IDFM:471363,8,0.007326102377759211,0.0
2315758,6,IDFM:22296,IDFM:463051,480,0.456130004511624,0.0
2315759,6,IDFM:470812,IDFM:monomodalStopPlace:46984,5,0.004910048957299905,0.0
2315760,6,IDFM:22054,IDFM:22133,373,0.33759612690493146,0.0
2315761,6,IDFM:490896,IDFM:22021,374,0.33849247095329765,0.0
2315762,6,IDFM:22149,IDFM:470833,298,0.2693040314743822,0.0
2315763,6,IDFM:monomodalStopPlace:43071,IDFM:472363,242,0.07208786193722246,0.0
2315764,6,IDFM:22369,IDFM:463265,13,0.011780004468634557,0.0
2315765,6,IDFM:21980,IDFM:462967,57,0.08211873093347447,0.0
2315766,6,IDFM:22138,IDFM:462965,327,0.29526953569456865,0.0
2315767,6,IDFM:463017,IDFM:22017,30,0.027639840829522335,0.0
2315768,6,IDFM:463295,IDFM:22371,11,0.010128864005517643,0.0
2315769,6,IDFM:monomodalStopPlace:462398,IDFM:2272,300,0.04801840812052105,0.0
2315770,6,IDFM:463216,IDFM:22383,12,0.011561788565541919,0.0
2315771,6,IDFM:463276,IDFM:24414,230,0.14805086746008098,0.0
2315772,6,IDFM:486978,IDFM:486980,10,0.009823818160651684,0.0
2315773,6,IDFM:471205,IDFM:monomodalStopPlace:43165,42,0.03869970737988061,0.0
2315774,6,IDFM:24133,IDFM:24110,21,0.019226690455989365,0.0
2315775,6,IDFM:463188,IDFM:462969,261,0.23567455992881303,0.0
2315776,6,IDFM:22267,IDFM:28846,120,0.054462375111118254,0.0
2315777,6,IDFM:471607,IDFM:22149,271,0.24477530570498224,0.0
2315778,6,IDFM:21963,IDFM:462971,13,0.012228539728238981,0.0
2315779,6,IDFM:462996,IDFM:22143,10,0.009380912783667976,0.0
2315780,6,IDFM:25635,IDFM:monomodalStopPlace:462357,186,0.12972270489673676,0.0
2315781,6,IDFM:472503,IDFM:471878,12,0.011477953261863696,0.0
2315782,6,IDFM:monomodalStopPlace:58759,IDFM:22086,437,0.13183974159400016,0.0
2315783,6,IDFM:monomodalStopPlace:473875,IDFM:22073,200,0.04376495157347173,0.0
2315784,6,IDFM:490882,IDFM:490892,26,0.024079330575567787,0.0
2315785,6,IDFM:463028,IDFM:22072,90,0.07188983037154417,0.0
2315786,6,IDFM:463312,IDFM:22134,180,0.06172615512395609,0.0
2315787,6,IDFM:22624,IDFM:463131,226,0.05999802449738089,0.0
2315788,6,IDFM:463116,IDFM:463088,311,0.28112042437785156,0.0
2315789,6,IDFM:471335,IDFM:monomodalStopPlace:43072,99,0.0896340940204527,0.0
2315790,6,IDFM:22138,IDFM:22049,202,0.18299775533703422,0.0
2315791,6,IDFM:22373,IDFM:478979,250,0.09380707425062577,0.0
2315792,6,IDFM:463018,IDFM:463000,180,0.07560592038788902,0.0
2315793,6,IDFM:42102,IDFM:472986,178,0.16089590128432085,0.0
2315794,6,IDFM:463235,IDFM:22380,12,0.010840794096408772,0.0
2315795,6,IDFM:monomodalStopPlace:43110,IDFM:478978,480,0.46616071154748695,0.0
2315796,6,IDFM:25641,IDFM:25642,15,0.014376386981424195,0.0
2315797,6,IDFM:22104,IDFM:463149,14,0.013109645918294522,0.0
2315798,6,IDFM:24399,IDFM:29379,10,0.009821572064480668,0.0
2315799,6,IDFM:21976,IDFM:462967,27,0.02503795868977561,0.0
2315800,6,IDFM:41858,IDFM:41857,16,0.014508908259959374,0.0
2315801,6,IDFM:462441,IDFM:480531,206,0.0792669912895098,0.0
2315802,6,IDFM:monomodalStopPlace:58718,IDFM:21963,300,0.33974450093555436,0.0
2315803,6,IDFM:463141,IDFM:463078,339,0.30685015667002186,0.0
2315804,6,IDFM:462968,IDFM:22138,195,0.17687376622320014,0.0
2315805,6,IDFM:462961,IDFM:21903,10,0.009780761985061422,0.0
2315806,6,IDFM:42123,IDFM:463301,211,0.10192164929082394,0.0
2315807,6,IDFM:474397,IDFM:21924,68,0.05709130486543161,0.0
2315808,6,IDFM:22374,IDFM:463007,12,0.01101678698882543,0.0
2315809,6,IDFM:22189,IDFM:22190,325,0.2939153197590583,0.0
2315810,6,IDFM:22377,IDFM:463255,13,0.011804404589268505,0.0
2315811,6,IDFM:24404,IDFM:24416,13,0.01197418108593326,0.0
2315812,6,IDFM:463116,IDFM:22040,355,0.32102797842324554,0.0
2315813,6,IDFM:472217,IDFM:monomodalStopPlace:43157,40,0.03692329170002245,0.0
2315814,6,IDFM:462954,IDFM:22157,15,0.013807919765712474,0.0
2315815,6,IDFM:480930,IDFM:481071,9,0.008275698600707572,0.0
2315816,6,IDFM:monomodalStopPlace:46007,IDFM:486841,180,0.16252713708850403,0.0
2315817,6,IDFM:463285,IDFM:22112,11,0.010323658523075053,0.0
2315818,6,IDFM:462969,IDFM:463189,289,0.2616720212738177,0.0
2315819,6,IDFM:24111,IDFM:25633,120,0.1314340539737831,0.0
2315820,6,IDFM:463091,IDFM:463072,137,0.039905165266291794,0.0
2315821,6,IDFM:22143,IDFM:22038,108,0.02887366724905737,0.0
2315822,6,IDFM:22367,IDFM:monomodalStopPlace:470519,160,0.14500148801721963,0.0
2315823,6,IDFM:463042,IDFM:monomodalStopPlace:58759,240,0.07147136980972624,0.0
2315824,6,IDFM:463158,IDFM:463159,180,0.03567649588967137,0.0
2315825,6,IDFM:23312,IDFM:23314,72,0.06575054634497914,0.0
2315826,6,IDFM:463283,IDFM:22375,13,0.012349442138428776,0.0
2315827,6,IDFM:490882,IDFM:22078,120,0.13246903320226236,0.0
2315828,6,IDFM:21962,IDFM:471341,318,0.2872374120381004,0.0
2315829,6,IDFM:2337,IDFM:41952,9,0.00897124606281867,0.0
2315830,6,IDFM:21966,IDFM:463160,250,0.10954458051615044,0.0
2315831,6,IDFM:471341,IDFM:22225,269,0.2431273215531497,0.0
2315832,6,IDFM:490833,IDFM:monomodalStopPlace:47907,420,0.20534783548655078,0.0
2315833,6,IDFM:42126,IDFM:24431,180,0.31804953883320003,0.0
2315834,6,IDFM:471607,IDFM:22387,366,0.33072029758999805,0.0
2315835,6,IDFM:463256,IDFM:monomodalStopPlace:45437,240,0.35104626764935154,0.0
2315836,6,IDFM:22146,IDFM:463208,11,0.010602275622041671,0.0
2315837,6,IDFM:monomodalStopPlace:42356,IDFM:490793,240,0.07421150201822319,0.0
2315838,6,IDFM:21958,IDFM:463046,81,0.07316315396801557,0.0
2315839,6,IDFM:monomodalStopPlace:45437,IDFM:490878,60,0.06729770878960276,0.0
2315840,6,IDFM:28867,IDFM:28866,12,0.01129808146595559,0.0
2315841,6,IDFM:monomodalStopPlace:47412,IDFM:23436,305,0.2758612511861233,0.0
2315842,6,IDFM:24396,IDFM:26534,14,0.01265009297513566,0.0
2315843,6,IDFM:463000,IDFM:22089,180,0.1990537488117974,0.0
2315844,6,IDFM:486972,IDFM:486970,16,0.01508532820018116,0.0
2315845,6,IDFM:463218,IDFM:22081,9,0.008754301608878133,0.0
2315846,6,IDFM:486878,IDFM:486898,17,0.01609661284425033,0.0
2315847,6,IDFM:481074,IDFM:480934,6,0.006190533768319882,0.0
2315848,6,IDFM:22038,IDFM:462955,293,0.3181659252983941,0.0
2315849,6,IDFM:monomodalStopPlace:46832,IDFM:472093,44,0.04028756426288898,0.0
2315850,6,IDFM:471341,IDFM:21964,363,0.328131538125703,0.0
2315851,6,IDFM:24686,IDFM:463134,14,0.012659760482826136,0.0
2315852,6,IDFM:463293,IDFM:463294,180,0.15677453556343215,0.0
2315853,6,IDFM:463036,IDFM:22196,180,0.066083889550455,0.0
2315854,6,IDFM:22199,IDFM:21902,180,0.09807347552112856,0.0
2315855,6,IDFM:22364,IDFM:21990,327,0.2957339636298587,0.0
2315856,6,IDFM:463305,IDFM:monomodalStopPlace:473890,364,0.32895477447857685,0.0
2315857,6,IDFM:21906,IDFM:462969,301,0.2719863102348507,0.0
2315858,6,IDFM:22225,IDFM:472142,264,0.23911762468532188,0.0
2315859,6,IDFM:463143,IDFM:21934,13,0.01242542842542798,0.0
2315860,6,IDFM:22062,IDFM:463219,25,0.023000642529996805,0.0
2315861,6,IDFM:21964,IDFM:462970,139,0.24093924869186795,0.0
2315862,6,IDFM:472483,IDFM:monomodalStopPlace:427870,179,0.16247900927394543,0.0
2315863,6,IDFM:21945,IDFM:462991,110,0.09942493062454584,0.0
2315864,6,IDFM:462992,IDFM:22139,33,0.030106165847853753,0.0
2315865,6,IDFM:24109,IDFM:24132,16,0.014542428239561301,0.0
2315866,6,IDFM:463306,IDFM:22137,2,0.002565549894182808,0.0
2315867,6,IDFM:22023,IDFM:463258,27,0.0246790801108293,0.0
2315868,6,IDFM:monomodalStopPlace:44877,IDFM:463079,780,0.6413435220558749,0.0
2315869,6,IDFM:463301,IDFM:42120,225,0.09940021275510313,0.0
2315870,6,IDFM:463079,IDFM:463060,300,0.10887961133172706,0.0
2315871,6,IDFM:473827,IDFM:492974,4,0.004138545662930402,0.0
2315872,6,IDFM:494313,IDFM:486883,170,0.1543054912006879,0.0
2315873,6,IDFM:462946,IDFM:21902,12,0.011207752106368795,0.0
2315874,6,IDFM:24680,IDFM:463074,2,0.002569875620111296,0.0
2315875,6,IDFM:21963,IDFM:21964,275,0.2535514179548385,0.0
2315876,6,IDFM:472308,IDFM:monomodalStopPlace:43238,140,0.12651874066170718,0.0
2315877,6,IDFM:462947,IDFM:22166,81,0.045179282743350375,0.0
2315878,6,IDFM:22096,IDFM:463164,180,0.09672424772225241,0.0
2315879,6,IDFM:462969,IDFM:monomodalStopPlace:58566,240,0.3505010670908611,0.0
2315880,6,IDFM:463158,IDFM:22087,141,0.17323092537788948,0.0
2315881,6,IDFM:22390,IDFM:463139,13,0.012081802556527025,0.0
2315882,6,IDFM:494313,IDFM:monomodalStopPlace:58774,263,0.23799274020198927,0.0
2315883,6,IDFM:22038,IDFM:22157,235,0.3220931323795097,0.0
2315884,6,IDFM:22381,IDFM:22195,180,0.04556781919051425,0.0
2315885,6,IDFM:22117,IDFM:22031,310,0.28063107230491163,0.0
2315886,6,IDFM:22091,IDFM:463080,14,0.012856284616720342,0.0
2315887,6,IDFM:463188,IDFM:monomodalStopPlace:58718,420,0.17851132794068567,0.0
2315888,6,IDFM:463163,IDFM:22190,322,0.291573894960277,0.0
2315889,6,IDFM:463008,IDFM:24680,321,0.29045225002139546,0.0
2315890,6,IDFM:22001,IDFM:463032,0,0.0,0.0
2315891,6,IDFM:483314,IDFM:483423,4,0.004138116105468047,0.0
2315892,6,IDFM:22386,IDFM:21984,339,0.30685015667002186,0.0
2315893,6,IDFM:480340,IDFM:480286,16,0.014906131498443224,0.0
2315894,6,IDFM:463307,IDFM:22074,14,0.01270181214290487,0.0
2315895,6,IDFM:471404,IDFM:471709,30,0.027644401690584287,0.0
2315896,6,IDFM:463315,IDFM:463314,309,0.27976477512058995,0.0
2315897,6,IDFM:22121,IDFM:463154,0,0.0,0.0
2315898,6,IDFM:471822,IDFM:471404,3,0.0034480487978170438,0.0
2315899,6,IDFM:29903,IDFM:463269,203,0.06895243359328043,0.0
2315900,6,IDFM:monomodalStopPlace:43238,IDFM:472325,145,0.131717558874762,0.0
2315901,6,IDFM:monomodalStopPlace:43245,IDFM:471867,21,0.019417400341996918,0.0
2315902,6,IDFM:490851,IDFM:35930,360,0.1677800314009483,0.0
2315903,6,IDFM:22010,IDFM:22089,68,0.1586158695743885,0.0
2315904,6,IDFM:22042,IDFM:463261,47,0.04314818418025725,0.0
2315905,6,IDFM:22388,IDFM:463145,11,0.010356298595809036,0.0
2315906,6,IDFM:472678,IDFM:471949,10,0.009884977445113078,0.0
2315907,6,IDFM:29895,IDFM:29896,13,0.012415150343793225,0.0
2315908,6,IDFM:478982,IDFM:478990,4,0.0036273832030224652,0.0
2315909,6,IDFM:monomodalStopPlace:473890,IDFM:22160,368,0.33291860842410176,0.0
2315910,6,IDFM:472986,IDFM:monomodalStopPlace:43077,233,0.10181209585219579,0.0
2315911,6,IDFM:35942,IDFM:29900,12,0.011299893819623501,0.0
2315912,6,IDFM:22186,IDFM:24103,220,0.10186696631797701,0.0
2315913,6,IDFM:479491,IDFM:monomodalStopPlace:43096,236,0.21349482840520356,0.0
2315914,6,IDFM:471925,IDFM:472625,76,0.0692619769352341,0.0
2315915,6,IDFM:463079,IDFM:463160,240,0.11935628130132432,0.0
2315916,6,IDFM:21919,IDFM:462943,176,0.16238498129260193,0.0
2315917,6,IDFM:22132,IDFM:22052,177,0.03337334240946738,0.0
2315918,6,IDFM:24111,IDFM:25631,120,0.13225816318469985,0.0
2315919,6,IDFM:22442,IDFM:463298,37,0.03375784299083125,0.0
2315920,6,IDFM:monomodalStopPlace:470519,IDFM:463001,240,0.3468331116424794,0.0
2315921,6,IDFM:490835,IDFM:35937,540,0.24219272122945934,0.0
2315922,6,IDFM:22072,IDFM:462943,72,0.11367583143656783,0.0
2315923,6,IDFM:28848,IDFM:28857,11,0.01038285556293194,0.0
2315924,6,IDFM:21978,IDFM:462998,12,0.01159601509656142,0.0
2315925,6,IDFM:22629,IDFM:463200,212,0.08184687284147045,0.0
2315926,6,IDFM:463194,IDFM:22162,10,0.009663414816366825,0.0
2315927,6,IDFM:21992,IDFM:462945,0,0.0,0.0
2315928,6,IDFM:463081,IDFM:463063,180,0.08352878023383484,0.0
2315929,6,IDFM:24403,IDFM:24423,15,0.014185545798479634,0.0
2315930,6,IDFM:462955,IDFM:462954,126,0.019637962811358288,0.0
2315931,6,IDFM:463159,IDFM:22364,360,0.3639436590097248,0.0
2315932,6,IDFM:462961,IDFM:21918,156,0.09997842299119984,0.0
2315933,6,IDFM:463078,IDFM:21968,14,0.032024077167040116,0.0
2315934,6,IDFM:463147,IDFM:22174,2,0.0025699822670848644,0.0
2315935,6,IDFM:490553,IDFM:22268,66,0.059643730113765656,0.0
2315936,6,IDFM:22368,IDFM:22001,125,0.14027867839935626,0.0
2315937,6,IDFM:35936,IDFM:35940,12,0.011368569747870792,0.0
2315938,6,IDFM:22201,IDFM:463048,299,0.2707916960537142,0.0
2315939,6,IDFM:463048,IDFM:22200,22,0.020323638901020617,0.0
2315940,6,IDFM:22078,IDFM:463257,6,0.005744019927668799,0.0
2315941,6,IDFM:462942,IDFM:462943,153,0.1745667382307075,0.0
2315942,6,IDFM:463170,IDFM:22102,10,0.009264920930399793,0.0
2315943,6,IDFM:472194,IDFM:monomodalStopPlace:43231,327,0.20731312206683136,0.0
2315944,6,IDFM:22077,IDFM:26534,222,0.1377726731732787,0.0
2315945,6,IDFM:22297,IDFM:23440,15,0.013830086635035406,0.0
2315946,6,IDFM:463036,IDFM:21921,14,0.013410687664472292,0.0
2315947,6,IDFM:463069,IDFM:472142,310,0.2806667511164989,0.0
2315948,6,IDFM:463061,IDFM:463079,341,0.30852845714467353,0.0
2315949,6,IDFM:463194,IDFM:21969,133,0.11645808252468559,0.0
2315950,6,IDFM:463168,IDFM:22181,180,0.057300896703402986,0.0
2315951,6,IDFM:22028,IDFM:463070,12,0.011678758833603257,0.0
2315952,6,IDFM:21906,IDFM:monomodalStopPlace:58718,243,0.21962448346209715,0.0
2315953,6,IDFM:21903,IDFM:462960,180,0.07035217980933689,0.0
2315954,6,IDFM:22198,IDFM:21933,180,0.006975242773203328,0.0
2315955,6,IDFM:463144,IDFM:22030,334,0.3018783226037754,0.0
2315956,6,IDFM:22633,IDFM:22634,8,0.00811952765829077,0.0
2315957,6,IDFM:22072,IDFM:22073,90,0.07144764176183861,0.0
2315958,6,IDFM:463061,IDFM:21966,335,0.3024444452415028,0.0
2315959,6,IDFM:42120,IDFM:22241,225,0.09218668647736694,0.0
2315960,6,IDFM:22030,IDFM:22381,150,0.18638796749766987,0.0
2315961,6,IDFM:24135,IDFM:24134,174,0.15764729686437315,0.0
2315962,6,IDFM:21947,IDFM:463263,139,0.0961309929466338,0.0
2315963,6,IDFM:22145,IDFM:462998,118,0.10199669491516496,0.0
2315964,6,IDFM:463192,IDFM:21995,0,0.0,0.0
2315965,6,IDFM:463086,IDFM:22238,6,0.006177281272263604,0.0
2315966,6,IDFM:24419,IDFM:24414,10,0.009457027288107813,0.0
2315967,6,IDFM:21964,IDFM:472273,353,0.31867133987423585,0.0
2315968,6,IDFM:471064,IDFM:21962,317,0.28699504617528754,0.0
2315969,6,IDFM:22222,IDFM:463229,10,0.009882910334064085,0.0
2315970,6,IDFM:462954,IDFM:462996,289,0.3650536341164186,0.0
2315971,6,IDFM:462952,IDFM:22228,8,0.0073504875840946894,0.0
2315972,6,IDFM:22198,IDFM:463115,22,0.02072528301372675,0.0
2315973,6,IDFM:463077,IDFM:463141,342,0.3088362956358595,0.0
2315974,6,IDFM:2348,IDFM:2347,12,0.010882103891996519,0.0
2315975,6,IDFM:21933,IDFM:463115,180,0.020699718797643957,0.0
2315976,6,IDFM:490892,IDFM:463257,120,0.11255415690886007,0.0
2315977,6,IDFM:22194,IDFM:21961,180,0.12652202358031206,0.0
2315978,6,IDFM:463264,IDFM:22134,107,0.05836271877737729,0.0
2315979,6,IDFM:463058,IDFM:21909,180,0.033302639653903086,0.0
2315980,6,IDFM:35927,IDFM:490917,780,0.5475576845300022,0.0
2315981,6,IDFM:22097,IDFM:463000,15,0.014416258293311378,0.0
2315982,6,IDFM:463095,IDFM:21952,13,0.012380415591962476,0.0
2315983,6,IDFM:463154,IDFM:22121,0,0.0,0.0
2315984,6,IDFM:21990,IDFM:463079,353,0.31900612234581577,0.0
2315985,6,IDFM:21959,IDFM:22087,180,0.18049195951067992,0.0
2315986,6,IDFM:22400,IDFM:463269,12,0.011236286998241305,0.0
2315987,6,IDFM:463189,IDFM:463188,67,0.028350485981807158,0.0
2315988,6,IDFM:463193,IDFM:monomodalStopPlace:470549,240,0.11584464308355927,0.0
2315989,6,IDFM:490876,IDFM:monomodalStopPlace:45437,120,0.06390828844395009,0.0
2315990,6,IDFM:22372,IDFM:24110,217,0.060459367929913,0.0
2315991,6,IDFM:22157,IDFM:22156,126,0.01461563675843918,0.0
2315992,6,IDFM:463079,IDFM:monomodalStopPlace:44877,780,0.6413435220558749,0.0
2315993,6,IDFM:462961,IDFM:462962,180,0.09635384047802374,0.0
2315994,6,IDFM:463201,IDFM:463194,180,0.12233593585716997,0.0
2315995,6,IDFM:490851,IDFM:35929,360,0.15885090608258182,0.0
2315996,6,IDFM:monomodalStopPlace:470519,IDFM:22367,160,0.14500148801721963,0.0
2315997,6,IDFM:463128,IDFM:21957,180,0.02451569278578061,0.0
2315998,6,IDFM:472920,IDFM:42112,171,0.15526229117109888,0.0
2315999,6,IDFM:463233,IDFM:22302,480,0.45344770442611,0.0
2316000,6,IDFM:24106,IDFM:22380,208,0.05888641443376166,0.0
2316001,6,IDFM:463288,IDFM:22161,11,0.010410966974379834,0.0
2316002,6,IDFM:22096,IDFM:463151,12,0.011034898104879523,0.0
2316003,6,IDFM:463144,IDFM:463244,350,0.31610603556547934,0.0
2316004,6,IDFM:41671,IDFM:41672,23,0.020768444788275168,0.0
2316005,6,IDFM:24117,IDFM:24126,378,0.34162015924887623,0.0
2316006,6,IDFM:463069,IDFM:471341,308,0.2786725357379958,0.0
2316007,6,IDFM:462989,IDFM:22381,372,0.33657780477717447,0.0
2316008,6,IDFM:462443,IDFM:462437,12,0.01155652603656886,0.0
2316009,6,IDFM:22160,IDFM:monomodalStopPlace:473890,368,0.33291860842410176,0.0
2316010,6,IDFM:463189,IDFM:22218,364,0.3293202458022816,0.0
2316011,6,IDFM:24105,IDFM:24130,12,0.011726857664392234,0.0
2316012,6,IDFM:471308,IDFM:472742,5,0.004603088992901156,0.0
2316013,6,IDFM:21962,IDFM:21911,140,0.2945278571809582,0.0
2316014,6,IDFM:463092,IDFM:22140,12,0.011332911722336782,0.0
2316015,6,IDFM:22380,IDFM:490848,308,0.2785888586620696,0.0
2316016,6,IDFM:480531,IDFM:462441,206,0.0792669912895098,0.0
2316017,6,IDFM:463313,IDFM:21920,105,0.06544208516633286,0.0
2316018,6,IDFM:21911,IDFM:21964,480,0.5605076253285021,0.0
2316019,6,IDFM:22295,IDFM:463051,480,0.442022642212617,0.0
2316020,6,IDFM:22186,IDFM:22295,480,0.4435537943093034,0.0
2316021,6,IDFM:monomodalStopPlace:43157,IDFM:471925,43,0.039068903154243356,0.0
2316022,6,IDFM:21964,IDFM:21911,480,0.5605076253285021,0.0
2316023,6,IDFM:463150,IDFM:22085,9,0.008285467412430686,0.0
2316024,6,IDFM:22098,IDFM:463294,180,0.1765860089939178,0.0
2316025,6,IDFM:22080,IDFM:22072,102,0.12467578321284967,0.0
2316026,6,IDFM:462961,IDFM:462963,143,0.08001704008256677,0.0
2316027,6,IDFM:monomodalStopPlace:411507,IDFM:471084,20,0.018682774419214322,0.0
2316028,6,IDFM:462942,IDFM:22073,200,0.13871648669481756,0.0
2316029,6,IDFM:22168,IDFM:22006,90,0.04298416626359231,0.0
2316030,6,IDFM:22155,IDFM:463292,12,0.011627759960526085,0.0
2316031,6,IDFM:463300,IDFM:462969,480,0.5553279295903448,0.0
2316032,6,IDFM:463246,IDFM:463145,336,0.3040439154587273,0.0
2316033,6,IDFM:42127,IDFM:472820,180,0.09178261720533473,0.0
2316034,6,IDFM:460562,IDFM:24533,14,0.013076268790281467,0.0
2316035,6,IDFM:22080,IDFM:monomodalStopPlace:473875,255,0.09403748193184547,0.0
2316036,6,IDFM:24417,IDFM:24398,14,0.012701431834135751,0.0
2316037,6,IDFM:22041,IDFM:412987,241,0.1511526227935564,0.0
2316038,6,IDFM:463156,IDFM:24683,12,0.011085161568911987,0.0
2316039,6,IDFM:471341,IDFM:463066,378,0.3413973106294828,0.0
2316040,6,IDFM:24117,IDFM:24106,17,0.015446925143468935,0.0
2316041,6,IDFM:21991,IDFM:463287,29,0.026837525536209994,0.0
2316042,6,IDFM:463245,IDFM:22030,119,0.1914102178498209,0.0
2316043,6,IDFM:monomodalStopPlace:43246,IDFM:472386,54,0.04913776255311271,0.0
2316044,6,IDFM:24428,IDFM:23301,5,0.005139731235500997,0.0
2316045,6,IDFM:21911,IDFM:21963,480,0.3083443314745705,0.0
2316046,6,IDFM:490794,IDFM:22239,840,0.284757906570668,0.0
2316047,6,IDFM:463160,IDFM:22364,255,0.21353827242978568,0.0
2316048,6,IDFM:24414,IDFM:24419,10,0.009457027288107813,0.0
2316049,6,IDFM:462969,IDFM:462971,263,0.26301136868212005,0.0
2316050,6,IDFM:490884,IDFM:490886,14,0.012826942892161054,0.0
2316051,6,IDFM:22092,IDFM:monomodalStopPlace:45102,296,0.2679537090899057,0.0
2316052,6,IDFM:472142,IDFM:22225,264,0.23911762468532188,0.0
2316053,6,IDFM:22299,IDFM:monomodalStopPlace:43184,194,0.058868673942338856,0.0
2316054,6,IDFM:22182,IDFM:463075,12,0.010925162246902832,0.0
2316055,6,IDFM:463129,IDFM:463128,180,0.03647323766750086,0.0
2316056,6,IDFM:462960,IDFM:462961,180,0.06097957301116842,0.0
2316057,6,IDFM:22201,IDFM:463309,23,0.021146297684043226,0.0
2316058,6,IDFM:463129,IDFM:21957,13,0.012318047619822359,0.0
2316059,6,IDFM:21911,IDFM:462971,480,0.2974720629869888,0.0
2316060,6,IDFM:22086,IDFM:463042,224,0.20261006243862803,0.0
2316061,6,IDFM:21967,IDFM:463024,16,0.014701577430414699,0.0
2316062,6,IDFM:monomodalStopPlace:462394,IDFM:22119,360,0.409973805080775,0.0
2316063,6,IDFM:22383,IDFM:463216,12,0.011561788565541919,0.0
2316064,6,IDFM:463160,IDFM:463079,241,0.11935628130132432,0.0
2316065,6,IDFM:463164,IDFM:22057,12,0.011076760050373648,0.0
2316066,6,IDFM:463051,IDFM:22186,13,0.012539348322249382,0.0
2316067,6,IDFM:463256,IDFM:22111,50,0.04574225442940056,0.0
2316068,6,IDFM:463089,IDFM:463116,353,0.3192000099612792,0.0
2316069,6,IDFM:478978,IDFM:478986,12,0.011299683629195149,0.0
2316070,6,IDFM:463046,IDFM:21958,81,0.07316315396801557,0.0
2316071,6,IDFM:monomodalStopPlace:43165,IDFM:472184,30,0.027377127499706277,0.0
2316072,6,IDFM:22387,IDFM:470833,377,0.3409415045454911,0.0
2316073,6,IDFM:463168,IDFM:22184,0,0.0,0.0
2316074,6,IDFM:462976,IDFM:490774,840,0.2627741477825894,0.0
2316075,6,IDFM:463162,IDFM:22189,327,0.29583544205825757,0.0
2316076,6,IDFM:462963,IDFM:21902,118,0.09643796904533701,0.0
2316077,6,IDFM:463316,IDFM:21902,258,0.23338312231160319,0.0
2316078,6,IDFM:486895,IDFM:486897,8,0.007711120130559988,0.0
2316079,6,IDFM:478976,IDFM:478975,10,0.009801183047056596,0.0
2316080,6,IDFM:23434,IDFM:23435,12,0.011523707678859685,0.0
2316081,6,IDFM:22078,IDFM:monomodalStopPlace:415093,240,0.1640198063081132,0.0
2316082,6,IDFM:22073,IDFM:22072,90,0.07144764176183861,0.0
2316083,6,IDFM:24405,IDFM:24394,15,0.014010398672343605,0.0
2316084,6,IDFM:22038,IDFM:22143,108,0.02887366724905737,0.0
2316085,6,IDFM:463026,IDFM:463003,98,0.09360754997276935,0.0
2316086,6,IDFM:23430,IDFM:23428,18,0.01655182679505562,0.0
2316087,6,IDFM:24396,IDFM:460563,120,0.06923855297655973,0.0
2316088,6,IDFM:21963,IDFM:463300,480,0.30486795403768874,0.0
2316089,6,IDFM:monomodalStopPlace:44877,IDFM:21966,780,0.6523718267795732,0.0
2316090,6,IDFM:463212,IDFM:22243,13,0.012208376164295424,0.0
2316091,6,IDFM:24103,IDFM:22186,220,0.10186696631797701,0.0
2316092,6,IDFM:471675,IDFM:471933,9,0.008130530380048698,0.0
2316093,6,IDFM:463128,IDFM:22178,1,0.0016240401372475818,0.0
2316094,6,IDFM:463045,IDFM:21954,27,0.024762054202073717,0.0
2316095,6,IDFM:22021,IDFM:monomodalStopPlace:44314,240,0.1993993401170593,0.0
2316096,6,IDFM:463087,IDFM:2336,220,0.09479606138261755,0.0
2316097,6,IDFM:463101,IDFM:22165,24,0.021907359474156583,0.0
2316098,6,IDFM:22020,IDFM:463286,12,0.011633042792401776,0.0
2316099,6,IDFM:42115,IDFM:42106,10,0.009743299035323626,0.0
2316100,6,IDFM:monomodalStopPlace:47907,IDFM:490833,420,0.20534783548655078,0.0
2316101,6,IDFM:490768,IDFM:490791,10,0.009822015877315751,0.0
2316102,6,IDFM:22299,IDFM:22298,26,0.023882337385068328,0.0
2316103,6,IDFM:monomodalStopPlace:44314,IDFM:490896,299,0.27073115402646764,0.0
2316104,6,IDFM:monomodalStopPlace:45873,IDFM:21906,258,0.23366546948533107,0.0
2316105,6,IDFM:22195,IDFM:21932,367,0.33174828485985747,0.0
2316106,6,IDFM:21905,IDFM:21925,98,0.03998117884903546,0.0
2316107,6,IDFM:463110,IDFM:463111,101,0.033526283508001874,0.0
2316108,6,IDFM:22128,IDFM:21998,139,0.052204858366706505,0.0
2316109,6,IDFM:463022,IDFM:monomodalStopPlace:470519,240,0.35579872473438573,0.0
2316110,6,IDFM:21919,IDFM:22072,176,0.05662362036963987,0.0
2316111,6,IDFM:478655,IDFM:478659,8,0.007709718969212541,0.0
2316112,6,IDFM:463042,IDFM:463013,86,0.21187283679435534,0.0
2316113,6,IDFM:21902,IDFM:462963,125,0.09643796904533701,0.0
2316114,6,IDFM:470833,IDFM:monomodalStopPlace:58572,303,0.2739933191024654,0.0
2316115,6,IDFM:463296,IDFM:22110,13,0.012070730298578488,0.0
2316116,6,IDFM:monomodalStopPlace:411317,IDFM:472914,28,0.025398140967165122,0.0
2316117,6,IDFM:21931,IDFM:463181,300,0.05449142935104686,0.0
2316118,6,IDFM:22083,IDFM:463046,240,0.1508871215524292,0.0
2316119,6,IDFM:26534,IDFM:460563,120,0.05664159023899881,0.0
2316120,6,IDFM:462974,IDFM:462973,187,0.0529012865456302,0.0
2316121,6,IDFM:463316,IDFM:462963,198,0.17877143431249964,0.0
2316122,6,IDFM:22195,IDFM:22381,180,0.04556781919051425,0.0
2316123,6,IDFM:22371,IDFM:463295,11,0.010128864005517643,0.0
2316124,6,IDFM:462970,IDFM:462969,170,0.2409352766188502,0.0
2316125,6,IDFM:462442,IDFM:462951,374,0.33825199153844093,0.0
2316126,6,IDFM:481073,IDFM:480932,5,0.004586687755530826,0.0
2316127,6,IDFM:35942,IDFM:monomodalStopPlace:44787,269,0.1930113371468682,0.0
2316128,6,IDFM:22094,IDFM:22086,98,0.01601164968775345,0.0
2316129,6,IDFM:490848,IDFM:463235,299,0.2703411645756421,0.0
2316130,6,IDFM:35941,IDFM:490835,540,0.24508531641863465,0.0
2316131,6,IDFM:462970,IDFM:21964,165,0.24093924869186795,0.0
2316132,6,IDFM:21902,IDFM:462946,12,0.011207752106368795,0.0
2316133,6,IDFM:22210,IDFM:463142,31,0.028750879466077992,0.0
2316134,6,IDFM:22163,IDFM:463315,312,0.281802217606503,0.0
2316135,6,IDFM:22205,IDFM:463241,14,0.012743070917993864,0.0
2316136,6,IDFM:463126,IDFM:22633,320,0.22942843557927362,0.0
2316137,6,IDFM:21966,IDFM:21959,420,0.25998246821809134,0.0
2316138,6,IDFM:463207,IDFM:22232,11,0.010261633829898668,0.0
2316139,6,IDFM:470874,IDFM:monomodalStopPlace:43078,262,0.14733455923498656,0.0
2316140,6,IDFM:481071,IDFM:480930,9,0.008275698600707572,0.0
2316141,6,IDFM:22156,IDFM:22157,126,0.01461563675843918,0.0
2316142,6,IDFM:21965,IDFM:22194,180,0.10399904402658777,0.0
2316143,6,IDFM:463312,IDFM:22159,12,0.011293118403393207,0.0
2316144,6,IDFM:471925,IDFM:470761,71,0.06424719115854782,0.0
2316145,6,IDFM:472093,IDFM:monomodalStopPlace:46832,44,0.04028756426288898,0.0
2316146,6,IDFM:22148,IDFM:22013,107,0.0303145615509907,0.0
2316147,6,IDFM:25631,IDFM:24114,120,0.11766600584920565,0.0
2316148,6,IDFM:22376,IDFM:463227,54,0.14362556509481206,0.0
2316149,6,IDFM:24135,IDFM:22207,208,0.014963682066001915,0.0
2316150,6,IDFM:462979,IDFM:22153,14,0.013076187928837118,0.0
2316151,6,IDFM:462996,IDFM:monomodalStopPlace:43238,480,0.9738849587884358,0.0
2316152,6,IDFM:463294,IDFM:22076,11,0.010279824856363935,0.0
2316153,6,IDFM:24100,IDFM:24115,105,0.09544618304101453,0.0
2316154,6,IDFM:462982,IDFM:monomodalStopPlace:462394,360,0.41918342815118936,0.0
2316155,6,IDFM:462972,IDFM:472273,322,0.29100442608327515,0.0
2316156,6,IDFM:472104,IDFM:472737,70,0.06358121772070362,0.0
2316157,6,IDFM:35946,IDFM:29903,12,0.011524735366798317,0.0
2316158,6,IDFM:463182,IDFM:monomodalStopPlace:470519,317,0.28660728532656304,0.0
2316159,6,IDFM:471646,IDFM:471077,11,0.010262303521132802,0.0
2316160,6,IDFM:41853,IDFM:41850,9,0.008276314967331291,0.0
2316161,6,IDFM:22030,IDFM:monomodalStopPlace:45873,240,0.16496825087826614,0.0
2316162,6,IDFM:22219,IDFM:monomodalStopPlace:44514,240,0.19998776852905514,0.0
2316163,6,IDFM:462951,IDFM:462439,381,0.344475870857391,0.0
2316164,6,IDFM:21990,IDFM:463061,12,0.010881127157896374,0.0
2316165,6,IDFM:462429,IDFM:22219,203,0.06427613383708358,0.0
2316166,6,IDFM:22148,IDFM:22387,95,0.03155844203043026,0.0
2316167,6,IDFM:462987,IDFM:462988,72,0.00783559531327881,0.0
2316168,6,IDFM:21998,IDFM:22128,140,0.052204858366706505,0.0
2316169,6,IDFM:22209,IDFM:463209,12,0.01107640956332079,0.0
2316170,6,IDFM:22097,IDFM:463018,180,0.06168144613018576,0.0
2316171,6,IDFM:472379,IDFM:monomodalStopPlace:47917,120,0.10857122608988881,0.0
2316172,6,IDFM:41672,IDFM:41671,23,0.020768444788275168,0.0
2316173,6,IDFM:463049,IDFM:22197,180,0.03410385643443088,0.0
2316174,6,IDFM:463131,IDFM:22625,227,0.0577428457502507,0.0
2316175,6,IDFM:463257,IDFM:490892,120,0.11255415690886007,0.0
2316176,6,IDFM:22364,IDFM:463061,317,0.28673269764590653,0.0
2316177,6,IDFM:monomodalStopPlace:43238,IDFM:462955,240,0.6256622008568207,0.0
2316178,6,IDFM:42129,IDFM:472820,180,0.09569765670849514,0.0
2316179,6,IDFM:462963,IDFM:462962,180,0.017324752497749438,0.0
2316180,6,IDFM:463106,IDFM:22366,14,0.012753533868542782,0.0
2316181,6,IDFM:472142,IDFM:462969,375,0.3389401841891978,0.0
2316182,6,IDFM:463062,IDFM:463304,330,0.29875459264124254,0.0
2316183,6,IDFM:23295,IDFM:22395,368,0.33252640503040315,0.0
2316184,6,IDFM:490896,IDFM:490893,44,0.04006793122515653,0.0
2316185,6,IDFM:463222,IDFM:26602,9,0.008349746947155878,0.0
2316186,6,IDFM:462961,IDFM:21937,180,0.058086276195906665,0.0
2316187,6,IDFM:472657,IDFM:472077,9,0.008736037868667201,0.0
2316188,6,IDFM:22183,IDFM:22162,180,0.10426568102198337,0.0
2316189,6,IDFM:22119,IDFM:monomodalStopPlace:462394,360,0.409973805080775,0.0
2316190,6,IDFM:21905,IDFM:22200,264,0.23849706808702897,0.0
2316191,6,IDFM:463097,IDFM:22000,18,0.016941169632407896,0.0
2316192,6,IDFM:monomodalStopPlace:45102,IDFM:22087,300,0.411857142722062,0.0
2316193,6,IDFM:22000,IDFM:463097,18,0.016941169632407896,0.0
2316194,6,IDFM:22202,IDFM:22008,220,0.19926281616692101,0.0
2316195,6,IDFM:35935,IDFM:35934,350,0.31669329946641545,0.0
2316196,6,IDFM:29894,IDFM:473828,139,0.1262798929011494,0.0
2316197,6,IDFM:471604,IDFM:471607,20,0.01838220326279442,0.0
2316198,6,IDFM:22193,IDFM:463198,180,0.14348552173888518,0.0
2316199,6,IDFM:28846,IDFM:490553,12,0.010880412101341535,0.0
2316200,6,IDFM:471005,IDFM:471008,10,0.009882472492775175,0.0
2316201,6,IDFM:463079,IDFM:463158,400,0.27250287323717687,0.0
2316202,6,IDFM:22119,IDFM:462982,420,0.011726235448022308,0.0
2316203,6,IDFM:462957,IDFM:22224,64,0.04837768767193119,0.0
2316204,6,IDFM:22039,IDFM:462947,21,0.019025838178926703,0.0
2316205,6,IDFM:22027,IDFM:462988,72,0.018349202980277195,0.0
2316206,6,IDFM:22007,IDFM:monomodalStopPlace:462394,97,0.3360088683469363,0.0
2316207,6,IDFM:462969,IDFM:monomodalStopPlace:58718,300,0.12485508391774394,0.0
2316208,6,IDFM:22143,IDFM:22156,368,0.34498015016577915,0.0
2316209,6,IDFM:462955,IDFM:monomodalStopPlace:43238,240,0.6256622008568207,0.0
2316210,6,IDFM:22090,IDFM:22093,59,0.044669927245150676,0.0
2316211,6,IDFM:463205,IDFM:22055,11,0.010348980295223017,0.0
2316212,6,IDFM:24396,IDFM:460560,120,0.056919561412474964,0.0
2316213,6,IDFM:monomodalStopPlace:58757,IDFM:22179,368,0.3328669619264819,0.0
2316214,6,IDFM:21918,IDFM:462960,180,0.1606706935385441,0.0
2316215,6,IDFM:22050,IDFM:463062,2,0.002565503644823614,0.0
2316216,6,IDFM:21926,IDFM:463189,60,0.01691459733744421,0.0
2316217,6,IDFM:412988,IDFM:22041,219,0.1372962241771757,0.0
2316218,6,IDFM:22229,IDFM:463084,160,0.14995502519255524,0.0
2316219,6,IDFM:monomodalStopPlace:45437,IDFM:490876,120,0.06390828844395009,0.0
2316220,6,IDFM:463244,IDFM:monomodalStopPlace:45873,240,0.29713365478859605,0.0
2316221,6,IDFM:490849,IDFM:490839,7,0.006691362652652506,0.0
2316222,6,IDFM:463013,IDFM:463043,72,0.029331543875629543,0.0
2316223,6,IDFM:463145,IDFM:22030,349,0.3154632362290905,0.0
2316224,6,IDFM:25633,IDFM:24114,120,0.11697757429352733,0.0
2316225,6,IDFM:463161,IDFM:22150,12,0.010960933731223164,0.0
2316226,6,IDFM:463042,IDFM:22095,28,0.026176796534387488,0.0
2316227,6,IDFM:24104,IDFM:24121,17,0.015942356402049995,0.0
2316228,6,IDFM:463138,IDFM:463146,242,0.21878932074147112,0.0
2316229,6,IDFM:22172,IDFM:463100,13,0.01233462903964732,0.0
2316230,6,IDFM:473828,IDFM:474424,237,0.21428122911793837,0.0
2316231,6,IDFM:490917,IDFM:29894,780,0.537280234557369,0.0
2316232,6,IDFM:474397,IDFM:462957,51,0.04752045047855987,0.0
2316233,6,IDFM:462437,IDFM:462443,12,0.01155652603656886,0.0
2316234,6,IDFM:22387,IDFM:463022,59,0.01988327920365184,0.0
2316235,6,IDFM:463289,IDFM:22004,13,0.012204916482748367,0.0
2316236,6,IDFM:470688,IDFM:monomodalStopPlace:43231,337,0.21866918784585918,0.0
2316237,6,IDFM:462944,IDFM:21975,313,0.2829108804704621,0.0
2316238,6,IDFM:472854,IDFM:monomodalStopPlace:411378,5,0.0051591814733321206,0.0
2316239,6,IDFM:22381,IDFM:22024,371,0.3353963448863664,0.0
2316240,6,IDFM:monomodalStopPlace:44514,IDFM:463278,240,0.20710214015100092,0.0
2316241,6,IDFM:463015,IDFM:22216,22,0.020252555711059626,0.0
2316242,6,IDFM:463183,IDFM:463182,145,0.04631283541965515,0.0
2316243,6,IDFM:22364,IDFM:463060,13,0.012033928692554733,0.0
2316244,6,IDFM:monomodalStopPlace:479035,IDFM:463129,240,0.4746305023721494,0.0
2316245,6,IDFM:22096,IDFM:22085,180,0.21668270403054532,0.0
2316246,6,IDFM:482428,IDFM:22237,209,0.09565972153685558,0.0
2316247,6,IDFM:2330,IDFM:2334,12,0.011557864697272765,0.0
2316248,6,IDFM:24112,IDFM:28847,14,0.013401005946455736,0.0
2316249,6,IDFM:463155,IDFM:22392,13,0.01254604332310026,0.0
2316250,6,IDFM:463059,IDFM:21905,11,0.010442042720509422,0.0
2316251,6,IDFM:463240,IDFM:22117,0,0.0,0.0
2316252,6,IDFM:monomodalStopPlace:58566,IDFM:462970,240,0.27235997441490933,0.0
2316253,6,IDFM:42127,IDFM:470851,180,0.09889965585452097,0.0
2316254,6,IDFM:21940,IDFM:462914,32,0.029157710086705996,0.0
2316255,6,IDFM:471077,IDFM:monomodalStopPlace:43072,82,0.07411579101844555,0.0
2316256,6,IDFM:463089,IDFM:22040,2,0.0025654911907350485,0.0
2316257,6,IDFM:monomodalStopPlace:44877,IDFM:22087,780,0.7517949895321988,0.0
2316258,6,IDFM:monomodalStopPlace:58566,IDFM:462969,240,0.3505010670908611,0.0
2316259,6,IDFM:monomodalStopPlace:44314,IDFM:490893,342,0.30902906791611073,0.0
2316260,6,IDFM:480906,IDFM:monomodalStopPlace:47954,77,0.06971899352415542,0.0
2316261,6,IDFM:463238,IDFM:21907,87,0.03729084137262757,0.0
2316262,6,IDFM:22400,IDFM:35946,217,0.08713867947383319,0.0
2316263,6,IDFM:23296,IDFM:23300,9,0.008349361648904846,0.0
2316264,6,IDFM:21917,IDFM:22164,122,0.08152554097394794,0.0
2316265,6,IDFM:24397,IDFM:24400,14,0.012665451481245248,0.0
2316266,6,IDFM:463165,IDFM:21956,14,0.013458566425091025,0.0
2316267,6,IDFM:463292,IDFM:22131,90,0.012355980517577969,0.0
2316268,6,IDFM:22088,IDFM:463121,16,0.014542221964250616,0.0
2316269,6,IDFM:22143,IDFM:462955,368,0.3420775483395723,0.0
2316270,6,IDFM:478979,IDFM:478980,10,0.009251729745043914,0.0
2316271,6,IDFM:25644,IDFM:21989,660,0.6278023892505409,0.0
2316272,6,IDFM:23301,IDFM:24428,5,0.005139731235500997,0.0
2316273,6,IDFM:463093,IDFM:22130,11,0.01016165768771687,0.0
2316274,6,IDFM:463197,IDFM:monomodalStopPlace:470195,247,0.39158696420147765,0.0
2316275,6,IDFM:471646,IDFM:monomodalStopPlace:43072,70,0.06399083072035039,0.0
2316276,6,IDFM:490908,IDFM:490917,7,0.0064964571349773,0.0
2316277,6,IDFM:21987,IDFM:463162,354,0.31957946552403355,0.0
2316278,6,IDFM:monomodalStopPlace:58757,IDFM:463005,362,0.3269399134304451,0.0
2316279,6,IDFM:463188,IDFM:monomodalStopPlace:45873,271,0.24536401761263676,0.0
2316280,6,IDFM:monomodalStopPlace:44514,IDFM:480541,240,0.21098427896803706,0.0
2316281,6,IDFM:26534,IDFM:22077,222,0.1377726731732787,0.0
2316282,6,IDFM:22075,IDFM:463041,13,0.012381026104031318,0.0
2316283,6,IDFM:463130,IDFM:monomodalStopPlace:43224,600,0.3774312216344262,0.0
2316284,6,IDFM:462962,IDFM:21903,180,0.08681324533754013,0.0
2316285,6,IDFM:23303,IDFM:24429,9,0.008369868124201154,0.0
2316286,6,IDFM:463235,IDFM:24117,206,0.041679040494914235,0.0
2316287,6,IDFM:21952,IDFM:462981,242,0.21214639849593486,0.0
2316288,6,IDFM:22185,IDFM:463199,180,0.10136977467576717,0.0
2316289,6,IDFM:462942,IDFM:463028,200,0.1396902859261366,0.0
2316290,6,IDFM:463073,IDFM:462431,218,0.07222978843667,0.0
2316291,6,IDFM:463213,IDFM:22235,7,0.0067004765118401045,0.0
2316292,6,IDFM:monomodalStopPlace:46736,IDFM:470808,22,0.020179613422810914,0.0
2316293,6,IDFM:463103,IDFM:monomodalStopPlace:473890,130,0.14043922285568738,0.0
2316294,6,IDFM:22092,IDFM:22087,109,0.17323733986412826,0.0
2316295,6,IDFM:463035,IDFM:21939,14,0.013060975122639136,0.0
2316296,6,IDFM:470833,IDFM:monomodalStopPlace:470519,58,0.052368857965435854,0.0
2316297,6,IDFM:22199,IDFM:462963,180,0.005206007205033428,0.0
2316298,6,IDFM:463151,IDFM:463150,180,0.23019227531607114,0.0
2316299,6,IDFM:463067,IDFM:monomodalStopPlace:473875,200,0.028208700845897793,0.0
2316300,6,IDFM:22090,IDFM:463011,72,0.050565256088762306,0.0
2316301,6,IDFM:21903,IDFM:21902,79,0.07396613216095377,0.0
2316302,6,IDFM:22200,IDFM:463048,22,0.020323638901020617,0.0
2316303,6,IDFM:482428,IDFM:2336,14,0.013456594643209032,0.0
2316304,6,IDFM:monomodalStopPlace:43076,IDFM:486878,331,0.2994930789166645,0.0
2316305,6,IDFM:monomodalStopPlace:44877,IDFM:22364,780,0.5701344896596136,0.0
2316306,6,IDFM:472820,IDFM:42129,180,0.09569765670849514,0.0
2316307,6,IDFM:463224,IDFM:490848,180,0.13182955061785254,0.0
2316308,6,IDFM:24101,IDFM:24116,120,0.10860909327091224,0.0
2316309,6,IDFM:monomodalStopPlace:58798,IDFM:24102,286,0.12603970524929595,0.0
2316310,6,IDFM:463158,IDFM:22364,262,0.3723802118709753,0.0
2316311,6,IDFM:35937,IDFM:490835,540,0.24219272122945934,0.0
2316312,6,IDFM:462982,IDFM:463183,420,0.6949219125358914,0.0
2316313,6,IDFM:463048,IDFM:22201,299,0.2707916960537142,0.0
2316314,6,IDFM:21932,IDFM:463144,11,0.01012449306745921,0.0
2316315,6,IDFM:22168,IDFM:463025,56,0.050923113030737856,0.0
2316316,6,IDFM:486878,IDFM:486899,6,0.0058483497270589505,0.0
2316317,6,IDFM:463050,IDFM:24134,271,0.1692447996770151,0.0
2316318,6,IDFM:22159,IDFM:463313,180,0.061777767142163646,0.0
2316319,6,IDFM:478992,IDFM:479013,6,0.006177850021615464,0.0
2316320,6,IDFM:486957,IDFM:486990,8,0.007356335476425976,0.0
2316321,6,IDFM:24431,IDFM:42122,180,0.3268149743078931,0.0
2316322,6,IDFM:21976,IDFM:462966,65,0.1053109173662146,0.0
2316323,6,IDFM:463024,IDFM:463023,145,0.08936594908781728,0.0
2316324,6,IDFM:22141,IDFM:462431,218,0.06328830316832414,0.0
2316325,6,IDFM:483900,IDFM:483903,11,0.010584477170323934,0.0
2316326,6,IDFM:471925,IDFM:monomodalStopPlace:43157,43,0.039068903154243356,0.0
2316327,6,IDFM:463238,IDFM:21922,12,0.011612917024526907,0.0
2316328,6,IDFM:472142,IDFM:21962,321,0.29048420844081,0.0
2316329,6,IDFM:462944,IDFM:21983,35,0.03163050044372764,0.0
2316330,6,IDFM:21981,IDFM:471077,331,0.29949618891096924,0.0
2316331,6,IDFM:21948,IDFM:462990,11,0.010826065135153393,0.0
2316332,6,IDFM:463061,IDFM:21990,12,0.010881127157896374,0.0
2316333,6,IDFM:472969,IDFM:470874,15,0.014008607240484092,0.0
2316334,6,IDFM:22093,IDFM:463010,104,0.05045829639280378,0.0
2316335,6,IDFM:22243,IDFM:480290,180,0.02226555387742512,0.0
2316336,6,IDFM:463068,IDFM:22117,321,0.29050276292888433,0.0
2316337,6,IDFM:472407,IDFM:472104,72,0.06536240374206687,0.0
2316338,6,IDFM:463146,IDFM:22202,12,0.010909196221825478,0.0
2316339,6,IDFM:21932,IDFM:463145,107,0.04923242354150972,0.0
2316340,6,IDFM:462429,IDFM:480531,203,0.08329988027307801,0.0
2316341,6,IDFM:472986,IDFM:42102,300,0.16089590128432085,0.0
2316342,6,IDFM:463278,IDFM:462441,206,0.06971337573598647,0.0
2316343,6,IDFM:463001,IDFM:471607,377,0.34103234180963915,0.0
2316344,6,IDFM:463316,IDFM:22026,10,0.009481322730038133,0.0
2316345,6,IDFM:monomodalStopPlace:58572,IDFM:monomodalStopPlace:462394,240,0.25490062832728966,0.0
2316346,6,IDFM:22381,IDFM:22030,88,0.18638796749766987,0.0
2316347,6,IDFM:472965,IDFM:472379,240,0.2171423882477878,0.0
2316348,6,IDFM:463227,IDFM:22376,58,0.14362556509481206,0.0
2316349,6,IDFM:24684,IDFM:463282,90,0.0,0.0
2316350,6,IDFM:22099,IDFM:463044,8,0.007271054742075613,0.0
2316351,6,IDFM:463012,IDFM:22077,16,0.014993970204966407,0.0
2316352,6,IDFM:23442,IDFM:23443,11,0.01057326596329182,0.0
2316353,6,IDFM:22140,IDFM:460547,203,0.08367782852968737,0.0
2316354,6,IDFM:463060,IDFM:22092,257,0.37776440325952954,0.0
2316355,6,IDFM:24108,IDFM:22296,300,0.39638853837466076,0.0
2316356,6,IDFM:22015,IDFM:463131,25,0.02304683517286417,0.0
2316357,6,IDFM:22049,IDFM:22138,202,0.18299775533703422,0.0
2316358,6,IDFM:462430,IDFM:462440,11,0.010584137250943287,0.0
2316359,6,IDFM:486889,IDFM:486891,8,0.007697662173402593,0.0
2316360,6,IDFM:monomodalStopPlace:43238,IDFM:462980,420,0.9309660771475906,0.0
2316361,6,IDFM:21911,IDFM:462969,480,0.5593224392357747,0.0
2316362,6,IDFM:463069,IDFM:monomodalStopPlace:58566,277,0.25015380363662953,0.0
2316363,6,IDFM:25644,IDFM:463136,660,0.6278023892505409,0.0
2316364,6,IDFM:463188,IDFM:22218,354,0.32025496883898935,0.0
2316365,6,IDFM:22236,IDFM:463214,17,0.01579871524221396,0.0
2316366,6,IDFM:22092,IDFM:463160,93,0.17167992069198149,0.0
2316367,6,IDFM:462441,IDFM:462429,18,0.017072496125033358,0.0
2316368,6,IDFM:463025,IDFM:22006,8,0.008026738445672244,0.0
2316369,6,IDFM:monomodalStopPlace:45102,IDFM:22092,296,0.2679537090899057,0.0
2316370,6,IDFM:471660,IDFM:monomodalStopPlace:59302,123,0.11186493191781514,0.0
2316371,6,IDFM:463188,IDFM:21963,337,0.30497378974667455,0.0
2316372,6,IDFM:463008,IDFM:463074,324,0.29302210461167866,0.0
2316373,6,IDFM:463144,IDFM:22388,154,0.046135078831612844,0.0
2316374,6,IDFM:463064,IDFM:22194,180,0.13676385025791932,0.0
2316375,6,IDFM:21902,IDFM:22026,258,0.23367543052473733,0.0
2316376,6,IDFM:472737,IDFM:472104,70,0.06358121772070362,0.0
2316377,6,IDFM:21937,IDFM:462963,180,0.1378586030583668,0.0
2316378,6,IDFM:463078,IDFM:463141,339,0.30685015667002186,0.0
2316379,6,IDFM:463159,IDFM:monomodalStopPlace:45102,240,0.2838556074590391,0.0
2316380,6,IDFM:22087,IDFM:22364,284,0.2092855889032114,0.0
2316381,6,IDFM:22218,IDFM:471341,356,0.32166976743983605,0.0
2316382,6,IDFM:22007,IDFM:471607,246,0.22223794762278054,0.0
2316383,6,IDFM:462972,IDFM:monomodalStopPlace:58718,300,0.3976925627003975,0.0
2316384,6,IDFM:463141,IDFM:21968,343,0.30997719638388965,0.0
2316385,6,IDFM:463063,IDFM:22194,12,0.011367344892942131,0.0
2316386,6,IDFM:463300,IDFM:462970,480,0.3162236587172899,0.0
2316387,6,IDFM:463252,IDFM:463253,86,0.0888081680236557,0.0
2316388,6,IDFM:479000,IDFM:479001,12,0.011299763581797594,0.0
2316389,6,IDFM:478999,IDFM:478998,8,0.00769695130895624,0.0
2316390,6,IDFM:463111,IDFM:22128,19,0.017958559584894892,0.0
2316391,6,IDFM:monomodalStopPlace:45873,IDFM:463188,271,0.24536401761263676,0.0
2316392,6,IDFM:462431,IDFM:462414,12,0.011320129194077993,0.0
2316393,6,IDFM:463050,IDFM:22207,13,0.01220183693187861,0.0
2316394,6,IDFM:22092,IDFM:22364,255,0.3690986075594242,0.0
2316395,6,IDFM:490791,IDFM:490768,10,0.009822015877315751,0.0
2316396,6,IDFM:463305,IDFM:22160,9,0.008955073242595465,0.0
2316397,6,IDFM:472319,IDFM:472308,28,0.026176243908656204,0.0
2316398,6,IDFM:463191,IDFM:22011,11,0.010768258552569883,0.0
2316399,6,IDFM:422038,IDFM:monomodalStopPlace:462388,190,0.04902457399375644,0.0
2316400,6,IDFM:462955,IDFM:22143,368,0.3420775483395723,0.0
2316401,6,IDFM:monomodalStopPlace:479035,IDFM:21957,240,0.46721320495821034,0.0
2316402,6,IDFM:486902,IDFM:486900,6,0.006191759525060696,0.0
2316403,6,IDFM:478979,IDFM:463030,250,0.08313100516815945,0.0
2316404,6,IDFM:463063,IDFM:463064,180,0.12611079551846222,0.0
2316405,6,IDFM:21933,IDFM:463133,22,0.020354072750220463,0.0
2316406,6,IDFM:474424,IDFM:29894,196,0.17744907342760394,0.0
2316407,6,IDFM:463009,IDFM:22001,127,0.1342341856555942,0.0
2316408,6,IDFM:24399,IDFM:463007,233,0.07457676974402783,0.0
2316409,6,IDFM:463074,IDFM:463008,324,0.29302210461167866,0.0
2316410,6,IDFM:35929,IDFM:490835,360,0.16094219647647798,0.0
2316411,6,IDFM:486967,IDFM:486969,51,0.046236738159966484,0.0
2316412,6,IDFM:486844,IDFM:486828,15,0.013990509293140113,0.0
2316413,6,IDFM:463146,IDFM:22008,229,0.20696153675344375,0.0
2316414,6,IDFM:463083,IDFM:21970,152,0.13726064700970017,0.0
2316415,6,IDFM:480925,IDFM:481068,7,0.0069941794762350285,0.0
2316416,6,IDFM:22111,IDFM:463256,50,0.04574225442940056,0.0
2316417,6,IDFM:monomodalStopPlace:44314,IDFM:22021,240,0.1993993401170593,0.0
2316418,6,IDFM:463080,IDFM:463061,194,0.14366481870083853,0.0
2316419,6,IDFM:21913,IDFM:24406,228,0.07302817796251854,0.0
2316420,6,IDFM:21923,IDFM:463239,11,0.010810362478677683,0.0
2316421,6,IDFM:463094,IDFM:22130,104,0.09802872286838223,0.0
2316422,6,IDFM:monomodalStopPlace:46990,IDFM:494486,190,0.17224235932482582,0.0
2316423,6,IDFM:462974,IDFM:22052,180,0.04270556523353198,0.0
2316424,6,IDFM:463263,IDFM:21949,0,0.0,0.0
2316425,6,IDFM:21906,IDFM:21926,77,0.029963416372604832,0.0
2316426,6,IDFM:463159,IDFM:22092,180,0.02349949944831614,0.0
2316427,6,IDFM:monomodalStopPlace:43238,IDFM:22038,420,0.9424295096529928,0.0
2316428,6,IDFM:22080,IDFM:462942,151,0.18605893686799246,0.0
2316429,6,IDFM:22202,IDFM:463146,12,0.010909196221825478,0.0
2316430,6,IDFM:463189,IDFM:21963,345,0.3118799328147186,0.0
2316431,6,IDFM:22166,IDFM:22039,111,0.0639910699455876,0.0
2316432,6,IDFM:22218,IDFM:462970,12,0.011499794213295023,0.0
2316433,6,IDFM:463088,IDFM:22059,309,0.27984098617397396,0.0
2316434,6,IDFM:463044,IDFM:22099,8,0.007271054742075613,0.0
2316435,6,IDFM:26534,IDFM:463012,222,0.13897911793948323,0.0
2316436,6,IDFM:25642,IDFM:25641,15,0.014376386981424195,0.0
2316437,6,IDFM:22219,IDFM:462441,206,0.05864664567747268,0.0
2316438,6,IDFM:22103,IDFM:463040,9,0.008131371052128914,0.0
2316439,6,IDFM:24431,IDFM:22635,16,0.01494890182303707,0.0
2316440,6,IDFM:21964,IDFM:21926,287,0.259173798241649,0.0
2316441,6,IDFM:22239,IDFM:490774,840,0.2710746429213878,0.0
2316442,6,IDFM:monomodalStopPlace:58566,IDFM:22225,342,0.3089535594278619,0.0
2316443,6,IDFM:22001,IDFM:463009,116,0.1342341856555942,0.0
2316444,6,IDFM:monomodalStopPlace:47914,IDFM:471787,21,0.019764806194067095,0.0
2316445,6,IDFM:463254,IDFM:21951,0,0.0,0.0
2316446,6,IDFM:471949,IDFM:monomodalStopPlace:411501,16,0.015226081217919194,0.0
2316447,6,IDFM:462951,IDFM:462442,374,0.33825199153844093,0.0
2316448,6,IDFM:22057,IDFM:463151,180,0.11877992131272157,0.0
2316449,6,IDFM:21969,IDFM:463202,20,0.018322453184420127,0.0
2316450,6,IDFM:22107,IDFM:463009,11,0.009978673881167376,0.0
2316451,6,IDFM:23305,IDFM:22395,369,0.33381206768094274,0.0
2316452,6,IDFM:463212,IDFM:480330,180,0.021424530210208605,0.0
2316453,6,IDFM:470761,IDFM:472217,38,0.034514881827438906,0.0
2316454,6,IDFM:463149,IDFM:22104,14,0.013109645918294522,0.0
2316455,6,IDFM:462998,IDFM:22137,376,0.34003639283966813,0.0
2316456,6,IDFM:28865,IDFM:28864,11,0.010319130694408216,0.0
2316457,6,IDFM:22124,IDFM:463039,278,0.25143715937165206,0.0
2316458,6,IDFM:463276,IDFM:24419,225,0.14547394587384696,0.0
2316459,6,IDFM:462970,IDFM:471341,343,0.3102857609034481,0.0
2316460,6,IDFM:462961,IDFM:21902,158,0.07851102344725068,0.0
2316461,6,IDFM:463002,IDFM:22014,5,0.005273831773201256,0.0
2316462,6,IDFM:22100,IDFM:463217,14,0.01285602114390885,0.0
2316463,6,IDFM:481065,IDFM:480938,14,0.013109314389594312,0.0
2316464,6,IDFM:24680,IDFM:463008,321,0.29045225002139546,0.0
2316465,6,IDFM:21917,IDFM:463318,1,0.0011466481924090998,0.0
2316466,6,IDFM:462996,IDFM:22038,108,0.035403075109407225,0.0
2316467,6,IDFM:monomodalStopPlace:411504,IDFM:471097,12,0.011430001052831444,0.0
2316468,6,IDFM:472986,IDFM:42112,300,0.14781800557079705,0.0
2316469,6,IDFM:22186,IDFM:463051,13,0.012539348322249382,0.0
2316470,6,IDFM:462972,IDFM:471341,313,0.2832658056266775,0.0
2316471,6,IDFM:monomodalStopPlace:415093,IDFM:463257,240,0.1690875348979274,0.0
2316472,6,IDFM:24533,IDFM:460562,14,0.013076268790281467,0.0
2316473,6,IDFM:22143,IDFM:462980,108,0.03706546844503594,0.0
2316474,6,IDFM:463173,IDFM:463084,336,0.3040350575175118,0.0
2316475,6,IDFM:463037,IDFM:462989,344,0.3108781201272668,0.0
2316476,6,IDFM:monomodalStopPlace:45102,IDFM:463159,240,0.2838556074590391,0.0
2316477,6,IDFM:462439,IDFM:462442,21,0.019271531780140145,0.0
2316478,6,IDFM:22087,IDFM:463159,420,0.17576092290325948,0.0
2316479,6,IDFM:463280,IDFM:24403,393,0.30026681837319547,0.0
2316480,6,IDFM:463019,IDFM:22089,12,0.011726576368304526,0.0
2316481,6,IDFM:462960,IDFM:462946,180,0.09856808650652328,0.0
2316482,6,IDFM:22127,IDFM:463094,11,0.010154613164052176,0.0
2316483,6,IDFM:22267,IDFM:490553,56,0.051038756696440764,0.0
2316484,6,IDFM:22009,IDFM:463020,26,0.02394869796240859,0.0
2316485,6,IDFM:463048,IDFM:463054,300,0.2711126009468349,0.0
2316486,6,IDFM:490794,IDFM:monomodalStopPlace:43204,840,0.40520576354947446,0.0
2316487,6,IDFM:monomodalStopPlace:58566,IDFM:21962,240,0.24038025721196915,0.0
2316488,6,IDFM:22626,IDFM:22627,10,0.009264664450118492,0.0
2316489,6,IDFM:463000,IDFM:463019,180,0.21052129797471866,0.0
2316490,6,IDFM:22634,IDFM:463126,313,0.2214698283397253,0.0
2316491,6,IDFM:23299,IDFM:23298,10,0.009456866357057022,0.0
2316492,6,IDFM:24107,IDFM:24139,13,0.011974284774618418,0.0
2316493,6,IDFM:24419,IDFM:463276,225,0.14547394587384696,0.0
2316494,6,IDFM:470721,IDFM:472210,10,0.009250769957391604,0.0
2316495,6,IDFM:22395,IDFM:23305,369,0.33381206768094274,0.0
2316496,6,IDFM:21962,IDFM:463300,140,0.28828900952432596,0.0
2316497,6,IDFM:24410,IDFM:463282,360,0.24178877321765638,0.0
2316498,6,IDFM:22164,IDFM:21917,110,0.08152554097394794,0.0
2316499,6,IDFM:monomodalStopPlace:43080,IDFM:471897,7,0.006575958655380581,0.0
2316500,6,IDFM:22016,IDFM:463178,12,0.01098065733983991,0.0
2316501,6,IDFM:463188,IDFM:462970,362,0.32736079190274314,0.0
2316502,6,IDFM:21949,IDFM:24415,216,0.07870780533987291,0.0
2316503,6,IDFM:22218,IDFM:463189,364,0.3293202458022816,0.0
2316504,6,IDFM:42126,IDFM:42122,12,0.011298148748697346,0.0
2316505,6,IDFM:26534,IDFM:24396,14,0.01265009297513566,0.0
2316506,6,IDFM:24414,IDFM:463276,230,0.14805086746008098,0.0
2316507,6,IDFM:490895,IDFM:490890,29,0.026992250992946117,0.0
2316508,6,IDFM:462948,IDFM:22166,13,0.011814046285406972,0.0
2316509,6,IDFM:471607,IDFM:463006,245,0.2213038910025766,0.0
2316510,6,IDFM:463266,IDFM:22108,3,0.003449929101353425,0.0
2316511,6,IDFM:monomodalStopPlace:43077,IDFM:42102,379,0.2613890743153583,0.0
2316512,6,IDFM:463001,IDFM:22013,17,0.014616148390040265,0.0
2316513,6,IDFM:24396,IDFM:22077,222,0.13898221956542242,0.0
2316514,6,IDFM:478997,IDFM:478975,364,0.32949144286630294,0.0
2316515,6,IDFM:monomodalStopPlace:43238,IDFM:462996,480,0.9738849587884358,0.0
2316516,6,IDFM:463318,IDFM:22164,105,0.08246363633427721,0.0
2316517,6,IDFM:478985,IDFM:monomodalStopPlace:46298,363,0.24743520524099286,0.0
2316518,6,IDFM:472210,IDFM:470721,10,0.009250769957391604,0.0
2316519,6,IDFM:463188,IDFM:463189,78,0.028350485981807158,0.0
2316520,6,IDFM:28864,IDFM:28865,11,0.010319130694408216,0.0
2316521,6,IDFM:22078,IDFM:490892,120,0.10852410198251164,0.0
2316522,6,IDFM:471383,IDFM:471660,27,0.02458683660338618,0.0
2316523,6,IDFM:24103,IDFM:463051,220,0.10812205987224477,0.0
2316524,6,IDFM:21950,IDFM:462991,12,0.011514210679902857,0.0
2316525,6,IDFM:22027,IDFM:462987,11,0.010542386235835257,0.0
2316526,6,IDFM:462967,IDFM:21980,59,0.08211873093347447,0.0
2316527,6,IDFM:490848,IDFM:24106,331,0.29885242073162455,0.0
2316528,6,IDFM:463100,IDFM:463016,370,0.33491625132321556,0.0
2316529,6,IDFM:463145,IDFM:22388,11,0.010356298595809036,0.0
2316530,6,IDFM:21990,IDFM:22091,149,0.12972335084583758,0.0
2316531,6,IDFM:463106,IDFM:463157,345,0.31211198519058614,0.0
2316532,6,IDFM:22039,IDFM:462948,126,0.06273577335001083,0.0
2316533,6,IDFM:463016,IDFM:22135,30,0.02779581104726029,0.0
2316534,6,IDFM:463104,IDFM:463103,84,0.07647523391686473,0.0
2316535,6,IDFM:486816,IDFM:486837,12,0.011479005682148574,0.0
2316536,6,IDFM:462980,IDFM:462996,108,0.044893311756241394,0.0
2316537,6,IDFM:463095,IDFM:22368,280,0.2527926113123318,0.0
2316538,6,IDFM:22007,IDFM:monomodalStopPlace:470519,329,0.29723846240290797,0.0
2316539,6,IDFM:28849,IDFM:28858,8,0.00802594234751791,0.0
2316540,6,IDFM:462960,IDFM:21903,180,0.07035217980933689,0.0
2316541,6,IDFM:21918,IDFM:462946,113,0.10486126952040517,0.0
2316542,6,IDFM:463251,IDFM:22397,12,0.011096601259060911,0.0
2316543,6,IDFM:22364,IDFM:22092,248,0.3690986075594242,0.0
2316544,6,IDFM:463160,IDFM:463158,104,0.171287065862019,0.0
2316545,6,IDFM:486994,IDFM:486965,7,0.006701853694097835,0.0
2316546,6,IDFM:463054,IDFM:21905,103,0.04505192558732273,0.0
2316547,6,IDFM:463003,IDFM:22168,11,0.010656051350738634,0.0
2316548,6,IDFM:463306,IDFM:463161,448,0.33038799115432343,0.0
2316549,6,IDFM:22304,IDFM:22303,13,0.012413576675562673,0.0
2316550,6,IDFM:21909,IDFM:22197,180,0.028370868999277203,0.0
2316551,6,IDFM:463084,IDFM:21970,12,0.010947994335582757,0.0
2316552,6,IDFM:21964,IDFM:21963,220,0.2535514179548385,0.0
2316553,6,IDFM:24120,IDFM:24126,10,0.009743954765191142,0.0
2316554,6,IDFM:24134,IDFM:24135,174,0.15764729686437315,0.0
2316555,6,IDFM:22112,IDFM:22020,97,0.1426482502433973,0.0
2316556,6,IDFM:monomodalStopPlace:462357,IDFM:25638,195,0.13109506337270116,0.0
2316557,6,IDFM:22147,IDFM:463208,315,0.2844471740449482,0.0
2316558,6,IDFM:486839,IDFM:2344,145,0.13136406263787526,0.0
2316559,6,IDFM:22193,IDFM:monomodalStopPlace:470540,240,0.2656532536966383,0.0
2316560,6,IDFM:481069,IDFM:480928,16,0.014950168386672987,0.0
2316561,6,IDFM:463316,IDFM:21937,348,0.3147059336096484,0.0
2316562,6,IDFM:42120,IDFM:42123,15,0.01384667308990779,0.0
2316563,6,IDFM:23298,IDFM:23299,10,0.009456866357057022,0.0
2316564,6,IDFM:463230,IDFM:22113,13,0.011740904486554274,0.0
2316565,6,IDFM:21960,IDFM:22375,180,0.023558590184888064,0.0
2316566,6,IDFM:21949,IDFM:463262,131,0.08377924917431612,0.0
2316567,6,IDFM:24681,IDFM:22384,8,0.00735021448144729,0.0
