edge_id,route_type,start_station_id,end_station_id,duration,distance,CO2_emitted
0,0,IDFM:10215,IDFM:2272,120,1.3598231038584028,5.847239346591132
1,0,IDFM:10215,IDFM:41833,180,0.572108901893921,2.4600682781438605
2,0,IDFM:10217,IDFM:10219,180,0.6785668153613214,2.917837306053681
3,0,IDFM:10217,IDFM:2272,120,0.8048511394857761,3.4608598997888373
4,0,IDFM:10219,IDFM:10217,120,0.6798630199526204,2.923410985796268
5,6,IDFM:10219,IDFM:monomodalStopPlace:473364,300,0.09532896771007784,0.0
6,6,IDFM:21902,IDFM:21903,153,0.07156507022532113,0.0
7,6,IDFM:21902,IDFM:21937,180,0.10617439601922254,0.0
8,6,IDFM:21902,IDFM:22199,180,0.10044862607739527,0.0
9,6,IDFM:21902,IDFM:462963,137,0.10009769618548076,0.0
10,1,IDFM:21902,IDFM:463250,75,0.9098139025840964,4.094162561628433
11,1,IDFM:21902,IDFM:463316,266,0.2384390642365357,0.5401435349152547
12,6,IDFM:21903,IDFM:21902,158,0.07156507022532113,0.0
13,1,IDFM:21903,IDFM:21905,73,0.544487312664827,2.450192906991721
14,6,IDFM:21903,IDFM:21937,180,0.06429594129100451,0.0
15,6,IDFM:21903,IDFM:22199,180,0.08587883610027228,0.0
16,6,IDFM:21903,IDFM:462963,156,0.08526080389676235,0.0
17,1,IDFM:21903,IDFM:463191,62,0.4549802389942196,2.0474110754739883
18,6,IDFM:21903,IDFM:463316,284,0.2505628501270808,0.0
19,6,IDFM:21904,IDFM:21923,63,0.0397177861873709,0.0
20,1,IDFM:21904,IDFM:21985,60,0.4278921500278507,1.925514675125328
21,1,IDFM:21905,IDFM:21903,83,0.5419419982516591,2.438738992132466
22,1,IDFM:21905,IDFM:22002,70,0.662076749346033,2.979345372057149
23,6,IDFM:21905,IDFM:22200,294,0.2520498634640967,0.0
24,6,IDFM:21905,IDFM:463054,110,0.042417890260614946,0.0
25,6,IDFM:21906,IDFM:21964,314,0.2728725233568248,0.0
26,1,IDFM:21906,IDFM:22030,51,0.397873445896293,1.7904305065333186
27,6,IDFM:21906,IDFM:462970,375,0.33389019680193904,0.0
28,1,IDFM:21906,IDFM:462971,349,0.3126864799776092,0.7017298488331168
29,6,IDFM:21906,IDFM:463188,86,0.0290871005122071,0.0
30,6,IDFM:21906,IDFM:monomodalStopPlace:45873,259,0.2338577181288142,0.0
31,6,IDFM:21906,IDFM:monomodalStopPlace:58718,243,0.2131632412096394,0.0
32,1,IDFM:21907,IDFM:21974,72,0.4822017468276876,2.1699078607245945
33,6,IDFM:21907,IDFM:463238,89,0.0377587569548324,0.0
34,1,IDFM:21912,IDFM:21924,59,0.4294282757049203,1.9324272406721417
35,1,IDFM:21912,IDFM:21931,57,0.4406614274087811,1.9829764233395155
36,1,IDFM:21913,IDFM:21936,64,0.4066981572782686,1.8301417077522089
37,6,IDFM:21913,IDFM:24406,228,0.06818540041814708,0.0
38,1,IDFM:21913,IDFM:462942,164,1.3750265437449236,6.187619446852156
39,1,IDFM:21913,IDFM:463053,103,1.0684940809638062,4.808223364337128
40,1,IDFM:21913,IDFM:463221,253,2.847908934460223,12.815590205071002
41,1,IDFM:21916,IDFM:21934,56,0.5300970686546528,2.3854368089459377
42,1,IDFM:21916,IDFM:463299,66,0.7088076265890707,3.189634319650818
43,6,IDFM:21923,IDFM:21904,82,0.0397177861873709,0.0
44,1,IDFM:21923,IDFM:462956,367,0.33113765771223713,0.7442333746635053
45,1,IDFM:21923,IDFM:463238,48,0.4070671122898344,1.831802005304255
46,1,IDFM:21924,IDFM:21912,58,0.441838772903274,1.9882744780647328
47,1,IDFM:21924,IDFM:463300,69,0.5440396292128573,2.448178331457858
48,6,IDFM:21924,IDFM:474397,64,0.05290962168170477,0.0
49,1,IDFM:21929,IDFM:463055,102,0.8143130379650808,3.664408670842864
50,1,IDFM:21929,IDFM:463259,295,2.95359486148243,13.291176876670937
51,1,IDFM:21929,IDFM:463290,56,0.4809908577845939,2.1644588600306727
52,1,IDFM:21929,IDFM:463318,157,1.2480127859293049,5.616057536681872
53,6,IDFM:21929,IDFM:monomodalStopPlace:45453,180,0.15411922552965,0.0
54,1,IDFM:21931,IDFM:21912,58,0.4491360291474521,2.0211121311635343
55,1,IDFM:21931,IDFM:21935,80,0.8691563502340992,3.9112035760534463
56,6,IDFM:21931,IDFM:22082,300,0.052802572288231146,0.0
57,1,IDFM:21931,IDFM:463300,162,1.221479287458429,5.496656793562931
58,6,IDFM:21932,IDFM:22030,343,0.3003030163917524,0.0
59,6,IDFM:21932,IDFM:22388,154,0.04765723554504235,0.0
60,1,IDFM:21932,IDFM:463036,53,0.398010568119734,1.791047556538803
61,1,IDFM:21932,IDFM:463188,56,0.5434450738847929,2.445502832481568
62,6,IDFM:21932,IDFM:463244,367,0.32391313316917947,0.0
63,6,IDFM:21932,IDFM:463245,374,0.3383530742957033,0.0
64,6,IDFM:21933,IDFM:22198,180,0.0139310971263516,0.0
65,1,IDFM:21933,IDFM:463049,51,0.4587731014456042,2.0644789565052197
66,1,IDFM:21933,IDFM:463264,60,0.4692712542773439,2.1117206442480474
67,1,IDFM:21934,IDFM:21916,57,0.5260313497087453,2.367141073689354
68,1,IDFM:21934,IDFM:463298,63,0.5037020643493171,2.266659289571927
69,1,IDFM:21935,IDFM:21931,84,0.878153522348643,3.951690850568893
70,1,IDFM:21935,IDFM:463190,64,0.6112813274405388,2.7507659734824244
71,1,IDFM:21935,IDFM:463318,121,1.2214480235588243,5.49651610601471
72,1,IDFM:21936,IDFM:21913,63,0.4070308638819602,1.8316388874688208
73,1,IDFM:21936,IDFM:25084,53,0.4278996947756417,1.925548626490388
74,6,IDFM:21937,IDFM:21902,180,0.10617439601922254,0.0
75,6,IDFM:21937,IDFM:21903,180,0.0642959412910045,0.0
76,1,IDFM:21937,IDFM:21996,48,0.5837202853678611,2.6267412841553752
77,6,IDFM:21937,IDFM:22199,180,0.1500353891845185,0.0
78,6,IDFM:21937,IDFM:462963,180,0.1493870790524386,0.0
79,1,IDFM:21937,IDFM:463108,77,0.7689209056829813,3.460144075573416
80,6,IDFM:21937,IDFM:463316,350,0.31439353642100604,0.0
81,1,IDFM:21940,IDFM:463035,68,0.5278988001082686,2.375544600487209
82,1,IDFM:21940,IDFM:463259,109,1.263217656227364,5.684479453023139
83,1,IDFM:21945,IDFM:21948,53,0.5043124612714178,2.2694060757213803
84,6,IDFM:21945,IDFM:21950,112,0.1004333277893654,0.0
85,1,IDFM:21946,IDFM:21947,63,0.6415560411799713,2.887002185309871
86,1,IDFM:21946,IDFM:21948,58,0.4996200166434657,2.248290074895596
87,1,IDFM:21947,IDFM:21946,61,0.6455605362322246,2.905022413045011
88,6,IDFM:21947,IDFM:24415,216,0.014664358214436825,0.0
89,6,IDFM:21947,IDFM:463263,140,0.08995512106047496,0.0
90,1,IDFM:21948,IDFM:21945,64,0.5045898747029873,2.270654436163443
91,1,IDFM:21948,IDFM:21946,57,0.5007451692065894,2.2533532614296523
92,6,IDFM:21950,IDFM:21945,112,0.1004333277893654,0.0
93,1,IDFM:21950,IDFM:22020,91,0.9681299453533506,4.356584754090078
94,1,IDFM:21950,IDFM:22022,79,0.9674919506490852,4.353713777920883
95,1,IDFM:21951,IDFM:21993,58,0.4903779271648921,2.2067006722420146
96,1,IDFM:21951,IDFM:21995,41,0.3721931728663813,1.674869277898716
97,6,IDFM:21951,IDFM:24682,80,0.0313670301055452,0.0
98,1,IDFM:21957,IDFM:21958,61,0.7683629673690294,3.4576333531606323
99,6,IDFM:21957,IDFM:463128,180,0.02980911240661345,0.0
100,1,IDFM:21957,IDFM:463165,80,1.064755785092286,4.791401032915287
101,6,IDFM:21957,IDFM:monomodalStopPlace:479035,240,0.4709218536651798,0.0
102,1,IDFM:21958,IDFM:21957,62,0.7705551297916196,3.467498084062288
103,6,IDFM:21958,IDFM:22083,420,0.19108056005470472,0.0
104,1,IDFM:21958,IDFM:463159,176,2.9422700530409616,13.240215238684328
105,6,IDFM:21958,IDFM:monomodalStopPlace:470195,180,0.33036643088864426,0.0
106,6,IDFM:21962,IDFM:21964,180,0.2847751272314709,0.0
107,6,IDFM:21962,IDFM:462970,180,0.06312675946420596,0.0
108,6,IDFM:21962,IDFM:462971,180,0.09109637775327435,0.0
109,1,IDFM:21962,IDFM:463064,68,0.671215781801775,3.020471018107988
110,6,IDFM:21962,IDFM:463300,140,0.28939936892944745,0.0
111,6,IDFM:21962,IDFM:471341,326,0.2878202947356137,0.0
112,1,IDFM:21962,IDFM:480340,138,1.7593204863887428,7.916942188749343
113,6,IDFM:21962,IDFM:monomodalStopPlace:58566,240,0.23751610706133874,0.0
114,6,IDFM:21962,IDFM:monomodalStopPlace:58718,300,0.3930315628122417,0.0
115,6,IDFM:21964,IDFM:21906,314,0.2728725233568248,0.0
116,6,IDFM:21964,IDFM:21962,180,0.2847751272314709,0.0
117,1,IDFM:21964,IDFM:21965,93,0.7484324188202589,3.367945884691165
118,6,IDFM:21964,IDFM:462970,149,0.2419146188388495,0.0
119,6,IDFM:21964,IDFM:462971,263,0.25832900084543087,0.0
120,6,IDFM:21964,IDFM:463188,287,0.247427339579196,0.0
121,6,IDFM:21964,IDFM:463300,480,0.5578619235121058,0.0
122,1,IDFM:21964,IDFM:463317,53,0.4751068815119067,2.13798096680358
123,6,IDFM:21964,IDFM:471341,375,0.33156746333390036,0.0
124,6,IDFM:21964,IDFM:monomodalStopPlace:58566,240,0.34571663092654326,0.0
125,6,IDFM:21964,IDFM:monomodalStopPlace:58718,300,0.1294160449646683,0.0
126,1,IDFM:21965,IDFM:21964,86,0.7370657074366008,3.316795683464704
127,6,IDFM:21965,IDFM:463063,180,0.09382630970853009,0.0
128,6,IDFM:21965,IDFM:463064,180,0.0933744786159104,0.0
129,1,IDFM:21965,IDFM:463164,72,0.5226417997446251,2.351888098850813
130,6,IDFM:21966,IDFM:22087,267,0.11201369668880602,0.0
131,6,IDFM:21966,IDFM:22364,300,0.10799837666800773,0.0
132,1,IDFM:21966,IDFM:463061,353,0.31487642679483996,0.7177637752780854
133,6,IDFM:21966,IDFM:463158,400,0.26763997876296425,0.0
134,6,IDFM:21966,IDFM:463159,420,0.2620583621050071,0.0
135,6,IDFM:21966,IDFM:monomodalStopPlace:44877,780,0.646857674417724,0.0
136,6,IDFM:21966,IDFM:monomodalStopPlace:45102,420,0.518710654142961,0.0
137,6,IDFM:21967,IDFM:463023,169,0.08983339871984725,0.0
138,1,IDFM:21967,IDFM:463077,108,0.9506722738316448,4.278025232242401
139,6,IDFM:21967,IDFM:monomodalStopPlace:43072,240,0.3809327878855763,0.0
140,1,IDFM:21969,IDFM:21979,81,0.7729726841962987,3.4783770788833444
141,1,IDFM:21969,IDFM:463124,62,0.4438480502048101,1.9973162259216453
142,6,IDFM:21969,IDFM:463194,167,0.11229341601392283,0.0
143,6,IDFM:21969,IDFM:463201,180,0.0151942440453165,0.0
144,1,IDFM:21970,IDFM:21979,79,0.7574431716082844,3.40849427223728
145,1,IDFM:21970,IDFM:462959,63,0.4896706510626191,2.203517929781786
146,6,IDFM:21970,IDFM:463083,166,0.14366038965273334,0.0
147,6,IDFM:21970,IDFM:463173,366,0.31763127065552926,0.0
148,1,IDFM:21971,IDFM:21907,59,0.4439388945132732,1.9977250253097296
149,6,IDFM:21971,IDFM:21982,368,0.3327303223282569,0.0
150,6,IDFM:21971,IDFM:21985,356,0.3217412154617886,0.0
151,1,IDFM:21972,IDFM:21971,91,0.7588273025674143,3.414722861553364
152,1,IDFM:21972,IDFM:463076,67,0.6389077309154629,2.875084789119583
153,6,IDFM:21972,IDFM:monomodalStopPlace:45346,240,0.13141310837827191,0.0
154,1,IDFM:21974,IDFM:21904,100,0.4607514175058467,2.0733813787763102
155,1,IDFM:21974,IDFM:21988,137,1.7938859965208718,8.072486984343923
156,1,IDFM:21979,IDFM:21969,93,0.7960758795165674,3.5823414578245534
157,1,IDFM:21979,IDFM:21970,80,0.7721980197334203,3.4748910888003914
158,6,IDFM:21979,IDFM:463314,312,0.28018478766037724,0.0
159,1,IDFM:21980,IDFM:22049,50,0.4206540141230639,1.892943063553788
160,1,IDFM:21980,IDFM:462950,52,0.5594023022458959,2.517310360106532
161,6,IDFM:21980,IDFM:462967,99,0.09374798872602917,0.0
162,6,IDFM:21980,IDFM:462992,353,0.3179617956269455,0.0
163,6,IDFM:21982,IDFM:21971,368,0.3327303223282569,0.0
164,1,IDFM:21982,IDFM:21972,68,0.4377497362158973,1.9698738129715376
165,1,IDFM:21983,IDFM:462998,41,0.3760398315424384,1.692179241940973
166,1,IDFM:21983,IDFM:463237,336,0.2882981326671523,0.6365494810585397
167,6,IDFM:21983,IDFM:463306,373,0.33667824762773135,0.0
168,6,IDFM:21983,IDFM:monomodalStopPlace:44877,300,0.27031256244261914,0.0
169,6,IDFM:21985,IDFM:21971,356,0.3217412154617886,0.0
170,1,IDFM:21985,IDFM:21982,53,0.577320731716055,2.597943292722248
171,1,IDFM:21988,IDFM:21904,116,1.9563591442877764,8.803616149294994
172,1,IDFM:21988,IDFM:21989,99,0.9203889036102878,4.141750066246295
173,1,IDFM:21989,IDFM:21988,97,0.9215661797341717,4.147047808803772
174,6,IDFM:21989,IDFM:25643,660,0.6237429661162921,0.0
175,1,IDFM:21992,IDFM:463061,46,0.4846630094163294,2.1809835423734825
176,1,IDFM:21992,IDFM:463108,63,0.5917478372680101,2.6628652677060454
177,1,IDFM:21993,IDFM:21951,57,0.4885790577577198,2.1986057599097397
178,1,IDFM:21993,IDFM:463263,67,0.6953347823731012,3.1290065206789555
179,1,IDFM:21994,IDFM:463091,49,0.401732067752015,1.8077943048840677
180,6,IDFM:21994,IDFM:463108,137,0.0339328045245946,0.0
181,1,IDFM:21994,IDFM:463316,50,0.4349468043475594,1.9572606195640168
182,1,IDFM:21995,IDFM:21951,41,0.3721931728663813,1.674869277898716
183,1,IDFM:21995,IDFM:463287,44,0.3918960929417022,1.76353241823766
184,1,IDFM:21996,IDFM:21937,45,0.5665211082006463,2.5493449869029083
185,1,IDFM:21996,IDFM:463110,51,0.5398485492885798,2.4293184717986094
186,1,IDFM:21999,IDFM:463263,74,0.8826047904692518,3.971721557111633
187,1,IDFM:21999,IDFM:490762,63,0.930630791756066,4.187838562902297
188,1,IDFM:22000,IDFM:22009,50,0.418411661722583,1.8828524777516236
189,1,IDFM:22000,IDFM:463023,73,0.6334389247144465,2.850475161215009
190,1,IDFM:22002,IDFM:21905,72,0.673491180120174,3.030710310540783
191,1,IDFM:22002,IDFM:22008,60,0.4841080522945366,2.178486235325414
192,6,IDFM:22002,IDFM:463299,304,0.2660631455333394,0.0
193,1,IDFM:22003,IDFM:22005,66,0.4861415053611442,2.187636774125149
194,6,IDFM:22003,IDFM:24423,405,0.30880699423699887,0.0
195,1,IDFM:22003,IDFM:463017,77,1.0001230251783004,4.500553613302352
196,1,IDFM:22005,IDFM:22003,62,0.5005521527737904,2.252484687482057
197,1,IDFM:22005,IDFM:462999,61,0.6675333681105816,3.0039001564976173
198,6,IDFM:22007,IDFM:22119,420,0.6611447163915759,0.0
199,1,IDFM:22007,IDFM:463021,99,0.4673963916381431,2.1032837623716443
200,1,IDFM:22007,IDFM:463032,106,1.0167609929274937,4.575424468173722
201,6,IDFM:22007,IDFM:463183,203,0.045294592932287124,0.0
202,6,IDFM:22007,IDFM:471604,271,0.229567595238948,0.0
203,6,IDFM:22007,IDFM:monomodalStopPlace:462394,137,0.33816273472031133,0.0
204,6,IDFM:22007,IDFM:monomodalStopPlace:470519,329,0.2919228738647355,0.0
205,6,IDFM:22007,IDFM:monomodalStopPlace:58572,240,0.18628309288667974,0.0
206,1,IDFM:22008,IDFM:22002,59,0.485126527784427,2.183069375029921
207,6,IDFM:22008,IDFM:22202,242,0.2089948634026063,0.0
208,1,IDFM:22008,IDFM:463018,54,0.3943327629065775,1.7744974330795988
209,1,IDFM:22009,IDFM:22000,49,0.41387122312301,1.862420504053545
210,1,IDFM:22009,IDFM:463025,113,0.6425502826764337,2.8914762720439517
211,6,IDFM:22015,IDFM:22625,227,0.06991906612060983,0.0
212,1,IDFM:22015,IDFM:463002,187,2.353457510709688,10.590558798193594
213,1,IDFM:22020,IDFM:21950,90,0.9732622430224586,4.379680093601063
214,6,IDFM:22020,IDFM:463285,100,0.13931488149617474,0.0
215,1,IDFM:22020,IDFM:463297,62,0.5029671210231365,2.263352044604114
216,1,IDFM:22021,IDFM:22028,48,0.5999550534518536,2.699797740533341
217,1,IDFM:22021,IDFM:463258,69,0.5028400638498506,2.262780287324328
218,6,IDFM:22021,IDFM:490896,374,0.3333249803359347,0.0
219,6,IDFM:22021,IDFM:monomodalStopPlace:44314,240,0.19480668507369026,0.0
220,1,IDFM:22022,IDFM:21950,79,0.9601828186137636,4.320822683761937
221,1,IDFM:22022,IDFM:22037,71,0.6064829150493758,2.729173117722191
222,6,IDFM:22022,IDFM:24414,230,0.13322769517459468,0.0
223,1,IDFM:22024,IDFM:22030,60,0.4965417798911164,2.234438009510024
224,6,IDFM:22024,IDFM:22196,363,0.31938055544378374,0.0
225,1,IDFM:22024,IDFM:463090,54,0.3838376959064232,1.727269631578905
226,6,IDFM:22024,IDFM:463245,372,0.3309769880332404,0.0
227,1,IDFM:22027,IDFM:22031,67,0.572148942947373,2.5746702432631783
228,6,IDFM:22027,IDFM:462988,72,0.0193993526337482,0.0
229,1,IDFM:22027,IDFM:463069,78,0.6124108675495773,2.755848903973098
230,1,IDFM:22028,IDFM:22021,48,0.6024044239732183,2.710819907879482
231,1,IDFM:22028,IDFM:22031,53,0.4243642104834053,1.909638947175324
232,1,IDFM:22030,IDFM:21906,54,0.3977376942768353,1.7898196242457591
233,6,IDFM:22030,IDFM:21932,343,0.3003030163917524,0.0
234,1,IDFM:22030,IDFM:22024,60,0.4990628358945393,2.245782761525427
235,6,IDFM:22030,IDFM:22388,349,0.3088140474699734,0.0
236,6,IDFM:22030,IDFM:463244,180,0.13811931599738136,0.0
237,6,IDFM:22030,IDFM:463245,160,0.1903537993117245,0.0
238,6,IDFM:22030,IDFM:monomodalStopPlace:45873,240,0.16432799827407485,0.0
239,1,IDFM:22031,IDFM:22027,78,0.5781410003121743,2.601634501404784
240,1,IDFM:22031,IDFM:22028,56,0.424829754767031,1.9117338964516395
241,6,IDFM:22031,IDFM:463240,321,0.2855669176168979,0.0
242,1,IDFM:22035,IDFM:463119,72,0.743663789821177,3.3464870541952965
243,1,IDFM:22037,IDFM:22022,66,0.6128152900728652,2.757668805327893
244,1,IDFM:22038,IDFM:22051,66,0.4365190382120368,1.9643356719541656
245,6,IDFM:22038,IDFM:462954,370,0.3213943505928265,0.0
246,6,IDFM:22038,IDFM:462955,396,0.31424990847902967,0.0
247,6,IDFM:22038,IDFM:462996,108,0.036558880639935426,0.0
248,1,IDFM:22038,IDFM:463173,58,0.5510936186911105,2.4799212841099973
249,6,IDFM:22038,IDFM:monomodalStopPlace:43238,420,0.9366977934002917,0.0
250,6,IDFM:22039,IDFM:462948,126,0.053916168327830624,0.0
251,1,IDFM:22039,IDFM:462964,47,0.4312560922293362,1.9406524150320128
252,1,IDFM:22039,IDFM:463173,61,0.454420131507377,2.0448905917831963
253,1,IDFM:22049,IDFM:21980,49,0.44314609312053,1.9941574190423847
254,1,IDFM:22049,IDFM:22051,52,0.4208799511009116,1.893959779954102
255,6,IDFM:22049,IDFM:463308,202,0.17802502055792804,0.0
256,1,IDFM:22050,IDFM:463304,338,0.3033989759982222,0.6854378335100756
257,1,IDFM:22050,IDFM:463317,53,0.4075698305022539,1.8340642372601428
258,1,IDFM:22051,IDFM:22038,70,0.4173172183192326,1.8779274824365468
259,1,IDFM:22051,IDFM:22049,56,0.4020422734114632,1.8091902303515843
260,6,IDFM:22051,IDFM:463308,327,0.2860511272748226,0.0
261,1,IDFM:22054,IDFM:22055,80,0.6082893834888555,2.73730222569985
262,1,IDFM:22054,IDFM:462973,58,0.4940262518514213,2.223118133331396
263,6,IDFM:22054,IDFM:463310,373,0.3375961269049314,0.0
264,1,IDFM:22055,IDFM:22054,77,0.6014569888759387,2.706556449941724
265,1,IDFM:22055,IDFM:463116,61,0.678578069174696,3.053601311286132
266,1,IDFM:22060,IDFM:463164,74,0.6762557307910999,3.0431507885599496
267,1,IDFM:22060,IDFM:463311,46,0.3869552953517168,1.7412988290827258
268,6,IDFM:22073,IDFM:22080,200,0.05963625967573857,0.0
269,1,IDFM:22073,IDFM:22167,120,0.5839842685462109,2.627929208457949
270,6,IDFM:22073,IDFM:462942,200,0.13325318897902355,0.0
271,6,IDFM:22073,IDFM:463067,90,0.07194592106547505,0.0
272,1,IDFM:22073,IDFM:463128,343,1.695003019856972,7.627513589356374
273,6,IDFM:22073,IDFM:monomodalStopPlace:473875,200,0.04474782791567755,0.0
274,1,IDFM:22074,IDFM:463019,99,0.7755159997948292,3.489821999076732
275,1,IDFM:22074,IDFM:463080,62,0.7075133025409773,3.183809861434398
276,1,IDFM:22076,IDFM:22080,77,0.9460275573207848,4.257124007943531
277,1,IDFM:22076,IDFM:22083,74,0.977509637594759,4.398793369176415
278,6,IDFM:22076,IDFM:22098,180,0.16429728798695212,0.0
279,1,IDFM:22077,IDFM:22080,81,0.9778311069471628,4.400239981262233
280,1,IDFM:22077,IDFM:22103,79,0.9333463066226664,4.200058379801998
281,6,IDFM:22077,IDFM:26534,222,0.13863914321509366,0.0
282,6,IDFM:22077,IDFM:460560,226,0.140974034720753,0.0
283,1,IDFM:22079,IDFM:22081,47,0.4602725194352402,2.071226337458581
284,1,IDFM:22079,IDFM:463041,55,0.5802984174224987,2.611342878401244
285,6,IDFM:22079,IDFM:463249,99,0.1480157084871075,0.0
286,6,IDFM:22080,IDFM:22073,90,0.05963625967573857,0.0
287,1,IDFM:22080,IDFM:22076,88,0.949580325323747,4.2731114639568615
288,1,IDFM:22080,IDFM:22077,88,0.9779831786175142,4.4009243037788135
289,1,IDFM:22080,IDFM:22083,162,1.924060953391232,8.658274290260543
290,1,IDFM:22080,IDFM:22104,308,3.58611173223892,16.13750279507514
291,6,IDFM:22080,IDFM:462942,166,0.17422063808118676,0.0
292,6,IDFM:22080,IDFM:463067,102,0.1172514192286666,0.0
293,6,IDFM:22080,IDFM:monomodalStopPlace:473875,255,0.08854229417608164,0.0
294,1,IDFM:22081,IDFM:22079,45,0.4607691105283214,2.0734609973774463
295,1,IDFM:22081,IDFM:22087,54,0.7234533620893989,3.255540129402295
296,6,IDFM:22081,IDFM:463249,373,0.3354450825030437,0.0
297,6,IDFM:22082,IDFM:21931,300,0.052802572288231146,0.0
298,1,IDFM:22082,IDFM:22084,59,0.8840386824947738,3.978174071226482
299,1,IDFM:22082,IDFM:22085,133,1.300522700510254,5.852352152296143
300,1,IDFM:22082,IDFM:22090,59,0.4264093675139194,1.9188421538126372
301,6,IDFM:22083,IDFM:21958,420,0.19108056005470472,0.0
302,1,IDFM:22083,IDFM:22076,82,0.9814718322421488,4.416623245089669
303,1,IDFM:22083,IDFM:22080,159,1.9241865861142409,8.658839637514083
304,1,IDFM:22083,IDFM:463019,116,0.8908134794336636,4.008660657451486
305,6,IDFM:22083,IDFM:monomodalStopPlace:470195,247,0.38611042225889064,0.0
306,1,IDFM:22084,IDFM:22082,59,0.8819878011250059,3.9689451050625264
307,1,IDFM:22084,IDFM:22086,62,0.5370243654078846,2.4166096443354803
308,1,IDFM:22085,IDFM:22082,137,1.300522645648896,5.852351905420031
309,1,IDFM:22085,IDFM:22087,208,2.187797980750367,9.845090913376652
310,1,IDFM:22085,IDFM:22090,78,0.8829459699264223,3.9732568646689
311,1,IDFM:22085,IDFM:463041,50,0.4238117618715003,1.9071529284217517
312,6,IDFM:22085,IDFM:463151,180,0.22346108691757266,0.0
313,6,IDFM:22085,IDFM:463164,119,0.12111299723211025,0.0
314,1,IDFM:22086,IDFM:22084,62,0.5386474942351412,2.4239137240581354
315,6,IDFM:22086,IDFM:463042,234,0.1954006216915934,0.0
316,6,IDFM:22086,IDFM:463043,72,0.023047342165224676,0.0
317,1,IDFM:22086,IDFM:463121,60,0.4871630189301058,2.192233585185476
318,1,IDFM:22086,IDFM:463257,129,1.182367352522712,5.320653086352204
319,6,IDFM:22086,IDFM:monomodalStopPlace:58759,437,0.13645713421172845,0.0
320,6,IDFM:22087,IDFM:21966,250,0.11201369668880602,0.0
321,1,IDFM:22087,IDFM:22081,52,0.7250062518239034,3.262528133207565
322,1,IDFM:22087,IDFM:22085,201,2.1878041175332954,9.84511852889983
323,6,IDFM:22087,IDFM:22364,298,0.21665134994029428,0.0
324,1,IDFM:22087,IDFM:463019,220,1.944622425396514,8.750800914284314
325,6,IDFM:22087,IDFM:463061,370,0.32801901077603285,0.0
326,1,IDFM:22087,IDFM:463080,56,0.4667412196198973,2.100335488289538
327,6,IDFM:22087,IDFM:463158,130,0.17235881294900451,0.0
328,6,IDFM:22087,IDFM:463159,420,0.17781813178564834,0.0
329,6,IDFM:22087,IDFM:monomodalStopPlace:44877,780,0.7545391193573399,0.0
330,6,IDFM:22087,IDFM:monomodalStopPlace:45102,300,0.40990817598890283,0.0
331,1,IDFM:22090,IDFM:22082,59,0.4248476547220836,1.911814446249376
332,1,IDFM:22090,IDFM:22085,74,0.880974467820004,3.964385105190018
333,6,IDFM:22090,IDFM:463011,106,0.05044188725881683,0.0
334,6,IDFM:22098,IDFM:22076,180,0.16429728798695212,0.0
335,1,IDFM:22098,IDFM:22204,60,0.4639800758267314,2.087910341220291
336,1,IDFM:22098,IDFM:22205,56,0.4898687205934027,2.2044092426703124
337,1,IDFM:22100,IDFM:463044,77,1.0795467238173209,4.857960257177944
338,1,IDFM:22100,IDFM:463257,86,0.9446013373855624,4.250706018235031
339,6,IDFM:22101,IDFM:25642,268,0.11619002197985961,0.0
340,1,IDFM:22101,IDFM:463044,150,2.209820173726908,9.944190781771084
341,1,IDFM:22101,IDFM:463170,75,1.2170189719672002,5.476585373852401
342,6,IDFM:22101,IDFM:monomodalStopPlace:470549,240,0.11722575046746075,0.0
343,1,IDFM:22103,IDFM:22077,84,0.9365436622718266,4.21444648022322
344,1,IDFM:22103,IDFM:22105,70,0.8471897960080196,3.812354082036088
345,1,IDFM:22104,IDFM:22080,314,3.5905372794675494,16.157417757603973
346,1,IDFM:22104,IDFM:22105,78,0.8296723891707684,3.7335257512684574
347,1,IDFM:22105,IDFM:22103,71,0.8499403172753844,3.82473142773923
348,1,IDFM:22105,IDFM:22104,71,0.8308071572535298,3.738632207640884
349,6,IDFM:22105,IDFM:monomodalStopPlace:43224,600,0.3831107465245214,0.0
350,1,IDFM:22107,IDFM:22119,56,0.449808929395048,2.024140182277716
351,6,IDFM:22107,IDFM:22368,301,0.2679572829258782,0.0
352,1,IDFM:22107,IDFM:462981,69,0.5016886294059878,2.257598832326945
353,1,IDFM:22107,IDFM:462984,147,0.9318348050244492,4.193256622610022
354,6,IDFM:22107,IDFM:463032,127,0.13454850436941715,0.0
355,1,IDFM:22108,IDFM:22121,55,0.4564521371031255,2.054034616964065
356,1,IDFM:22108,IDFM:463043,58,0.4565031299359747,2.0542640847118863
357,1,IDFM:22109,IDFM:22111,93,0.7130811671048766,3.2088652519719445
358,1,IDFM:22109,IDFM:463043,87,1.0653035663127886,4.793866048407549
359,1,IDFM:22110,IDFM:22115,65,0.5800146726042255,2.6100660267190143
360,1,IDFM:22110,IDFM:462988,70,0.492759256862988,2.217416655883446
361,1,IDFM:22111,IDFM:22109,83,0.7229531314709119,3.2532890916191035
362,1,IDFM:22111,IDFM:463043,160,1.6042392778950865,7.219076750527889
363,6,IDFM:22111,IDFM:490876,240,0.2931401493797887,0.0
364,6,IDFM:22111,IDFM:monomodalStopPlace:45437,240,0.33117265833923615,0.0
365,1,IDFM:22115,IDFM:22110,65,0.5782908062107348,2.6023086279483065
366,1,IDFM:22115,IDFM:22125,57,0.3807925886123384,1.713566648755523
367,1,IDFM:22115,IDFM:463043,339,2.9211953471976244,13.14537906238931
368,1,IDFM:22115,IDFM:463088,118,0.8830222000987493,3.973599900444372
369,6,IDFM:22115,IDFM:463253,125,0.08356099042783602,0.0
370,6,IDFM:22119,IDFM:22007,420,0.6619873637036098,0.0
371,1,IDFM:22119,IDFM:22107,55,0.4500082534427895,2.025037140492553
372,1,IDFM:22119,IDFM:22127,82,0.8326830307815242,3.747073638516859
373,1,IDFM:22119,IDFM:463111,229,2.0670967145127244,9.30193521530726
374,6,IDFM:22119,IDFM:463183,420,0.689266759515997,0.0
375,6,IDFM:22119,IDFM:monomodalStopPlace:462394,360,0.41457861661598217,0.0
376,1,IDFM:22121,IDFM:22108,58,0.4554643882370813,2.049589747066866
377,1,IDFM:22121,IDFM:463240,49,0.5408700022133043,2.433915009959869
378,1,IDFM:22122,IDFM:463125,61,0.6549012330205145,2.9470555485923158
379,1,IDFM:22122,IDFM:463230,52,0.4286363441240853,1.928863548558384
380,1,IDFM:22125,IDFM:22115,58,0.3856118827242921,1.7352534722593147
381,1,IDFM:22125,IDFM:463088,55,0.5222174574550491,2.349978558547721
382,1,IDFM:22127,IDFM:22119,78,0.8275069852259972,3.723781433516987
383,6,IDFM:22127,IDFM:463093,104,0.09170161471402224,0.0
384,1,IDFM:22127,IDFM:463120,54,0.5541990146843777,2.4938955660797
385,1,IDFM:22132,IDFM:22152,43,0.5373882042130451,2.418246918958703
386,6,IDFM:22132,IDFM:462973,187,0.0434229985356519,0.0
387,1,IDFM:22132,IDFM:463310,46,0.3608644722862005,1.6238901252879026
388,1,IDFM:22134,IDFM:22142,43,0.4877533382039923,2.1948900219179657
389,1,IDFM:22134,IDFM:22153,43,0.3841393795384712,1.7286272079231206
390,1,IDFM:22134,IDFM:463022,87,0.8985361371482081,4.043412617166936
391,1,IDFM:22134,IDFM:463208,126,1.1512957857002484,5.180831035651118
392,6,IDFM:22134,IDFM:463264,119,0.06128669435516575,0.0
393,6,IDFM:22134,IDFM:463312,180,0.06143533588624993,0.0
394,6,IDFM:22135,IDFM:22172,370,0.3294399056521229,0.0
395,1,IDFM:22135,IDFM:462996,37,0.4451500195171198,2.003175087827039
396,1,IDFM:22135,IDFM:463291,64,0.3941608974215375,1.7737240383969188
397,1,IDFM:22136,IDFM:22145,45,0.5025321030386902,2.261394463674106
398,1,IDFM:22136,IDFM:462992,56,0.4242990849980133,1.90934588249106
399,6,IDFM:22136,IDFM:462994,137,0.123909308271035,0.0
400,6,IDFM:22141,IDFM:462414,225,0.07121542258031067,0.0
401,1,IDFM:22141,IDFM:463093,167,1.854431759863189,8.34494291938435
402,1,IDFM:22141,IDFM:463310,50,0.5442173814799662,2.448978216659848
403,1,IDFM:22142,IDFM:22134,43,0.4843342756522366,2.179504240435065
404,1,IDFM:22142,IDFM:22147,56,0.4174726838672329,1.878627077402548
405,6,IDFM:22142,IDFM:463091,158,0.05255660915681332,0.0
406,6,IDFM:22142,IDFM:463108,377,0.34082671509266405,0.0
407,1,IDFM:22145,IDFM:22136,46,0.5030679660053888,2.26380584702425
408,6,IDFM:22145,IDFM:462998,119,0.09938760940639405,0.0
409,1,IDFM:22145,IDFM:463306,57,0.4243461636793248,1.9095577365569616
410,1,IDFM:22147,IDFM:22142,52,0.4279933256340071,1.925969965353032
411,1,IDFM:22147,IDFM:463208,323,0.28986279300809864,0.6562529984905848
412,6,IDFM:22147,IDFM:monomodalStopPlace:45102,334,0.3016391573074859,0.0
413,6,IDFM:22151,IDFM:22158,118,0.07822318998351918,0.0
414,1,IDFM:22151,IDFM:462996,141,1.4344529410829634,6.455038234873335
415,1,IDFM:22151,IDFM:463092,76,1.4545353336246432,6.545409001310894
416,1,IDFM:22151,IDFM:463242,36,0.3780350235664016,1.7011576060488074
417,1,IDFM:22151,IDFM:463291,54,0.6722644175657699,3.0251898790459646
418,6,IDFM:22151,IDFM:monomodalStopPlace:473890,192,0.13602480186281218,0.0
419,1,IDFM:22152,IDFM:22132,41,0.5164888525452533,2.32419983645364
420,1,IDFM:22152,IDFM:463093,40,0.4706941362067039,2.118123612930168
421,1,IDFM:22153,IDFM:22134,43,0.3819850673904171,1.7189328032568771
422,1,IDFM:22153,IDFM:463022,47,0.5145915785206558,2.315662103342951
423,1,IDFM:22155,IDFM:22158,59,0.6478771141232134,2.91544701355446
424,1,IDFM:22155,IDFM:22172,56,0.4984247755166996,2.2429114898251483
425,6,IDFM:22155,IDFM:463291,90,0.018642078883208475,0.0
426,6,IDFM:22158,IDFM:22151,105,0.07822318998351918,0.0
427,1,IDFM:22158,IDFM:22155,47,0.6407281437563338,2.8832766469035023
428,1,IDFM:22158,IDFM:22160,48,0.402835281995439,1.812758768979476
429,1,IDFM:22158,IDFM:462955,158,1.4004749498369824,6.302137274266421
430,1,IDFM:22158,IDFM:463003,241,2.0069174695982186,9.031128613191983
431,6,IDFM:22158,IDFM:monomodalStopPlace:473890,156,0.143737236740972,0.0
432,1,IDFM:22160,IDFM:22158,47,0.4022754691653475,1.810239611244064
433,1,IDFM:22160,IDFM:22173,48,0.5783939225577815,2.602772651510017
434,6,IDFM:22160,IDFM:monomodalStopPlace:473890,368,0.33093669145133925,0.0
435,1,IDFM:22164,IDFM:22165,47,0.7784458403127136,3.503006281407211
436,1,IDFM:22164,IDFM:463005,121,1.2373638770979312,5.56813744694069
437,1,IDFM:22164,IDFM:463102,98,1.111321854495646,5.000948345230407
438,1,IDFM:22164,IDFM:463114,50,0.4781026045476291,2.151461720464331
439,6,IDFM:22164,IDFM:463318,110,0.07871960470872305,0.0
440,1,IDFM:22165,IDFM:22164,77,0.7750909347343624,3.487909206304631
441,1,IDFM:22165,IDFM:463005,72,0.5614933858990263,2.5267202365456183
442,1,IDFM:22167,IDFM:22073,109,0.5832566028667188,2.6246547129002344
443,1,IDFM:22167,IDFM:22177,57,0.4602314529048532,2.07104153807184
444,1,IDFM:22171,IDFM:463005,54,0.5749330092901398,2.587198541805629
445,1,IDFM:22171,IDFM:463194,54,0.4930793458546399,2.21885705634588
446,6,IDFM:22172,IDFM:22135,370,0.3294399056521229,0.0
447,1,IDFM:22172,IDFM:22155,54,0.4913852663038871,2.211233698367492
448,1,IDFM:22172,IDFM:462955,55,0.3794505536939876,1.7075274916229446
449,1,IDFM:22173,IDFM:22160,53,0.5787253321551935,2.6042639946983708
450,1,IDFM:22173,IDFM:22175,53,0.6248025095414488,2.81161129293652
451,1,IDFM:22174,IDFM:463004,46,0.4961005978919294,2.232452690513682
452,1,IDFM:22174,IDFM:463288,47,0.4771907728301562,2.147358477735703
453,1,IDFM:22175,IDFM:22173,67,0.6218174736054453,2.798178631224504
454,1,IDFM:22175,IDFM:463003,72,0.4814576493342936,2.166559422004321
455,1,IDFM:22176,IDFM:462955,181,1.695511762587986,7.629802931645937
456,1,IDFM:22176,IDFM:463194,39,0.3699430100597609,1.664743545268924
457,1,IDFM:22176,IDFM:463314,38,0.6042898774696017,2.719304448613208
458,1,IDFM:22177,IDFM:22167,57,0.4713033581660495,2.120865111747223
459,1,IDFM:22177,IDFM:463169,55,0.4650557190589202,2.092750735765141
460,1,IDFM:22184,IDFM:22205,59,0.7042097659990173,3.168943946995578
461,6,IDFM:22184,IDFM:463169,180,0.0542728385990366,0.0
462,1,IDFM:22184,IDFM:463226,62,0.6599260734614238,2.9696673305764074
463,6,IDFM:22185,IDFM:22193,180,0.12139147485521218,0.0
464,1,IDFM:22185,IDFM:463011,83,0.94565950455046,4.25546777047707
465,1,IDFM:22185,IDFM:463320,55,0.4621353376912622,2.07960901961068
466,6,IDFM:22185,IDFM:monomodalStopPlace:470540,240,0.37535756372850065,0.0
467,6,IDFM:22190,IDFM:463124,364,0.3232220024594116,0.0
468,1,IDFM:22190,IDFM:463163,327,0.29271141559071623,0.6560412636606233
469,1,IDFM:22190,IDFM:463201,62,0.7520763338924386,3.3843435025159736
470,1,IDFM:22191,IDFM:463201,85,0.9420947848163423,4.239426531673541
471,1,IDFM:22191,IDFM:463204,52,0.5006633230657458,2.252984953795856
472,6,IDFM:22193,IDFM:22185,180,0.12139147485521218,0.0
473,1,IDFM:22193,IDFM:463151,88,0.9610466087246444,4.3247097392609
474,1,IDFM:22193,IDFM:463204,68,0.5546057299694963,2.495725784862733
475,6,IDFM:22193,IDFM:monomodalStopPlace:470540,240,0.2999891107377057,0.0
476,6,IDFM:22196,IDFM:22024,363,0.31938055544378374,0.0
477,6,IDFM:22196,IDFM:463036,180,0.06520731367545485,0.0
478,1,IDFM:22196,IDFM:463058,56,0.3690074802296634,1.660533661033485
479,1,IDFM:22196,IDFM:463244,63,0.5494224145143467,2.47240086531456
480,6,IDFM:22198,IDFM:21933,180,0.0139310971263516,0.0
481,1,IDFM:22198,IDFM:463058,48,0.4937810046641304,2.222014520988587
482,1,IDFM:22198,IDFM:463312,52,0.4631747143943537,2.0842862147745915
483,6,IDFM:22199,IDFM:21902,180,0.10044862607739527,0.0
484,6,IDFM:22199,IDFM:21903,180,0.08587883610027228,0.0
485,6,IDFM:22199,IDFM:21937,180,0.1500353891845185,0.0
486,1,IDFM:22199,IDFM:22200,65,0.6306110088854804,2.837749539984662
487,6,IDFM:22199,IDFM:462963,180,0.010744521148834,0.0
488,1,IDFM:22199,IDFM:463312,92,0.8350102303538404,3.7575460365922817
489,6,IDFM:22199,IDFM:463316,600,0.16595335806479686,0.0
490,6,IDFM:22200,IDFM:21905,294,0.2520498634640967,0.0
491,1,IDFM:22200,IDFM:22199,65,0.637437475774888,2.868468640986996
492,1,IDFM:22200,IDFM:22201,304,0.2718089718437695,0.6103900838767413
493,6,IDFM:22200,IDFM:463054,300,0.25715603614445853,0.0
494,1,IDFM:22201,IDFM:22200,304,0.2724673565390122,0.6133528150053331
495,1,IDFM:22201,IDFM:22202,51,0.5005509823566147,2.252479420604766
496,6,IDFM:22202,IDFM:22008,242,0.2089948634026063,0.0
497,1,IDFM:22202,IDFM:22201,54,0.5013804876687916,2.2562121945095623
498,1,IDFM:22202,IDFM:463000,57,0.4830847839144049,2.1738815276148222
499,1,IDFM:22203,IDFM:22204,63,0.6957767637388398,3.130995436824779
500,1,IDFM:22203,IDFM:463000,58,0.6111290782966103,2.7500808523347464
501,1,IDFM:22204,IDFM:22098,58,0.4577175095607687,2.059728793023459
502,1,IDFM:22204,IDFM:22203,62,0.6830233261553337,3.0736049676990014
503,1,IDFM:22205,IDFM:22098,62,0.4901254541419969,2.205564543638986
504,1,IDFM:22205,IDFM:22184,57,0.7044981963314463,3.1702418834915083
505,1,IDFM:22208,IDFM:22209,104,1.0210977917108537,4.594940062698842
506,6,IDFM:22208,IDFM:24138,245,0.39653752003803006,0.0
507,1,IDFM:22208,IDFM:463050,378,0.3438706178011756,0.7803756645746506
508,1,IDFM:22209,IDFM:22208,95,0.9918910079604748,4.463509535822137
509,1,IDFM:22209,IDFM:463142,73,0.8790304888067979,3.955637199630591
510,1,IDFM:22213,IDFM:463057,106,1.4685340258360864,6.608403116262389
511,1,IDFM:22213,IDFM:463167,102,1.496122260918875,6.732550174134937
512,1,IDFM:22219,IDFM:22231,74,0.7392783459880619,3.3267525569462784
513,1,IDFM:22219,IDFM:22238,97,1.4003129459963246,6.301408256983461
514,6,IDFM:22219,IDFM:462441,206,0.06675399583653568,0.0
515,6,IDFM:22219,IDFM:480531,180,0.017137710272769325,0.0
516,6,IDFM:22219,IDFM:monomodalStopPlace:44514,240,0.203544954340028,0.0
517,1,IDFM:22221,IDFM:22223,69,0.9525782835710866,4.28660227606989
518,1,IDFM:22221,IDFM:22235,74,0.854549051098146,3.845470729941657
519,6,IDFM:22221,IDFM:24128,236,0.1589935457308525,0.0
520,1,IDFM:22223,IDFM:22221,76,0.952183178336416,4.284824302513871
521,1,IDFM:22223,IDFM:463229,56,0.4333499910013805,1.950074959506212
522,1,IDFM:22228,IDFM:462951,61,0.5840512461607623,2.6282306077234305
523,1,IDFM:22228,IDFM:478395,74,0.7854671024634614,3.5346019610855763
524,1,IDFM:22231,IDFM:22219,81,0.7407200005218053,3.333240002348124
525,1,IDFM:22231,IDFM:478395,75,0.6698574912917789,3.014358710813005
526,1,IDFM:22232,IDFM:22233,86,1.001308798488764,4.505889593199438
527,1,IDFM:22232,IDFM:22234,93,1.0671494866441156,4.80217268989852
528,1,IDFM:22233,IDFM:22232,73,1.0024419097957868,4.510988594081041
529,1,IDFM:22234,IDFM:22232,86,1.0673221817925247,4.802949818066361
530,1,IDFM:22234,IDFM:22238,147,1.859252174092333,8.366634783415499
531,1,IDFM:22235,IDFM:22221,83,0.8556749435345586,3.850537245905514
532,1,IDFM:22235,IDFM:22236,86,0.9050461704452772,4.072707767003748
533,1,IDFM:22236,IDFM:22235,98,0.8890845101887861,4.000880295849537
534,1,IDFM:22236,IDFM:463087,80,0.698703043314494,3.144163694915223
535,1,IDFM:22238,IDFM:22219,100,1.4042297460271986,6.319033857122394
536,1,IDFM:22238,IDFM:22234,150,1.8591410076381,8.36613453437145
537,1,IDFM:22239,IDFM:22243,94,1.1976104850008833,5.389247182503975
538,1,IDFM:22239,IDFM:463301,125,1.8043161441810875,8.119422648814894
539,6,IDFM:22239,IDFM:490794,840,0.27366587324876995,0.0
540,1,IDFM:22240,IDFM:22242,110,1.2590642480678549,5.665789116305347
541,6,IDFM:22240,IDFM:22633,320,0.22744347303673795,0.0
542,6,IDFM:22240,IDFM:23312,376,0.3395121710600772,0.0
543,1,IDFM:22240,IDFM:463301,82,0.8820343624314881,3.9691546309416967
544,1,IDFM:22242,IDFM:22240,100,1.269051158544353,5.7107302134495885
545,1,IDFM:22243,IDFM:22239,97,1.2003023292722887,5.401360481725299
546,1,IDFM:22243,IDFM:462977,81,0.8422441011344215,3.790098455104897
547,6,IDFM:22243,IDFM:480330,180,0.0224040274505547,0.0
548,0,IDFM:22261,IDFM:22627,70,0.3915234894175932,1.6835510044956503
549,0,IDFM:22261,IDFM:23297,88,0.5750732346781338,2.472814909115975
550,0,IDFM:22267,IDFM:22269,273,0.4861975756805661,2.090649575426434
551,0,IDFM:22267,IDFM:22633,120,0.4154879525187535,1.7865981958306398
552,6,IDFM:22267,IDFM:490553,120,0.05674485581427813,0.0
553,0,IDFM:22269,IDFM:22267,167,0.4740179119983069,2.03827702159272
554,0,IDFM:22269,IDFM:24431,207,0.5608684328555918,2.411734261279045
555,6,IDFM:22295,IDFM:24108,300,0.3806927383566357,0.0
556,0,IDFM:22295,IDFM:25637,89,0.4040732943512434,1.7375151657103465
557,0,IDFM:22295,IDFM:460556,60,0.498045101839271,2.141593937908865
558,6,IDFM:22295,IDFM:463051,480,0.44986053585188746,0.0
559,0,IDFM:22298,IDFM:22303,123,1.0725710098879997,4.612055342518397
560,0,IDFM:22298,IDFM:25642,180,1.3383479624940728,5.754896238724513
561,6,IDFM:22298,IDFM:monomodalStopPlace:43184,216,0.061281026978349,0.0
562,0,IDFM:22300,IDFM:23443,107,0.9394639111143002,4.03969481779149
563,0,IDFM:22300,IDFM:25645,154,1.3848976578628764,5.9550599288103685
564,0,IDFM:22303,IDFM:22298,123,1.072369676271432,4.611189607967158
565,0,IDFM:22303,IDFM:25645,117,1.0930931083255595,4.700300365799905
566,6,IDFM:22364,IDFM:21966,360,0.10799837666800773,0.0
567,6,IDFM:22364,IDFM:22087,309,0.21665134994029428,0.0
568,6,IDFM:22364,IDFM:463061,336,0.2952103149559687,0.0
569,6,IDFM:22364,IDFM:463158,271,0.37513630167894224,0.0
570,6,IDFM:22364,IDFM:463159,360,0.36795655920411413,0.0
571,1,IDFM:22364,IDFM:463231,75,0.8946385514803932,4.025873481661769
572,1,IDFM:22364,IDFM:463232,69,0.5744458650081308,2.5850063925365885
573,6,IDFM:22364,IDFM:monomodalStopPlace:44877,780,0.5641315879475471,0.0
574,6,IDFM:22364,IDFM:monomodalStopPlace:45102,480,0.6258005264423974,0.0
575,1,IDFM:22366,IDFM:22386,64,0.4766868047448868,2.1450906213519905
576,1,IDFM:22366,IDFM:22391,349,0.312938710024635,0.7022519666788188
577,1,IDFM:22367,IDFM:463001,57,0.4257957722277967,1.916080975025085
578,1,IDFM:22367,IDFM:463033,62,0.4067874177236877,1.8305433797565944
579,6,IDFM:22367,IDFM:471604,245,0.20583885451728537,0.0
580,6,IDFM:22367,IDFM:monomodalStopPlace:470519,162,0.146072212005894,0.0
581,6,IDFM:22368,IDFM:22107,247,0.2679572829258782,0.0
582,1,IDFM:22368,IDFM:22371,59,0.6292970401659566,2.8318366807468047
583,6,IDFM:22368,IDFM:24680,324,0.28659858240688724,0.0
584,6,IDFM:22368,IDFM:463032,127,0.13694271371286135,0.0
585,1,IDFM:22368,IDFM:463033,67,0.5533683863037314,2.490157738366791
586,6,IDFM:22368,IDFM:463095,304,0.2636832901071698,0.0
587,1,IDFM:22370,IDFM:22385,60,0.5252597692401348,2.363668961580607
588,1,IDFM:22370,IDFM:463026,71,0.712057724092058,3.204259758414261
589,1,IDFM:22371,IDFM:22368,58,0.6285646529871891,2.8285409384423508
590,1,IDFM:22371,IDFM:463155,55,0.4421667639855056,1.989750437934775
591,1,IDFM:22372,IDFM:22373,59,0.4465265700475698,2.009369565214064
592,6,IDFM:22372,IDFM:24110,217,0.0776424678275157,0.0
593,1,IDFM:22372,IDFM:463251,76,0.9725688851567468,4.376559983205361
594,1,IDFM:22373,IDFM:22372,58,0.4225844156445885,1.901629870400648
595,6,IDFM:22373,IDFM:24126,199,0.07292091883363774,0.0
596,1,IDFM:22373,IDFM:463235,52,0.4485613661505254,2.0185261476773646
597,6,IDFM:22373,IDFM:478980,250,0.088592253276955,0.0
598,1,IDFM:22374,IDFM:22389,72,0.5026000152115518,2.2617000684519835
599,6,IDFM:22374,IDFM:24399,221,0.07345290550843565,0.0
600,1,IDFM:22374,IDFM:463031,96,0.929948998836336,4.184770494763512
601,1,IDFM:22375,IDFM:463245,69,0.5893359028303873,2.652011562736743
602,1,IDFM:22375,IDFM:463249,56,0.4626279600952581,2.0818258204286613
603,6,IDFM:22375,IDFM:463284,180,0.029851726639938903,0.0
604,1,IDFM:22385,IDFM:22370,62,0.5177871288592928,2.3300420798668178
605,1,IDFM:22385,IDFM:463107,109,1.5531793676509618,6.989307154429328
606,1,IDFM:22385,IDFM:463235,59,0.4080400737288828,1.8361803317799728
607,6,IDFM:22385,IDFM:490848,180,0.12925881146773985,0.0
608,1,IDFM:22386,IDFM:22366,61,0.4807597740476232,2.1634189832143043
609,6,IDFM:22386,IDFM:463077,78,0.0376518972510426,0.0
610,6,IDFM:22386,IDFM:463141,339,0.3068501566700218,0.0
611,1,IDFM:22386,IDFM:463265,92,0.9017440810907984,4.057848364908593
612,6,IDFM:22388,IDFM:21932,133,0.04765723554504235,0.0
613,6,IDFM:22388,IDFM:22030,349,0.3088140474699734,0.0
614,1,IDFM:22388,IDFM:463206,59,0.5866463068742331,2.639908380934049
615,6,IDFM:22388,IDFM:463244,381,0.3446728451508114,0.0
616,1,IDFM:22388,IDFM:463245,72,0.3847960627110339,1.7315822821996527
617,1,IDFM:22389,IDFM:22374,71,0.5006503911863125,2.252926760338406
618,1,IDFM:22389,IDFM:463155,61,0.661248166569771,2.9756167495639696
619,1,IDFM:22390,IDFM:463206,58,0.3822965113223314,1.7203343009504914
620,1,IDFM:22390,IDFM:463255,45,0.3925251706967745,1.7663632681354855
621,1,IDFM:22391,IDFM:22366,349,0.31447383048798105,0.7091600087638761
622,1,IDFM:22391,IDFM:463216,69,0.5710562762020971,2.569753242909437
623,6,IDFM:22395,IDFM:23295,369,0.33316923635567286,0.0
624,6,IDFM:22395,IDFM:24426,212,0.0755886821571311,0.0
625,1,IDFM:22395,IDFM:463179,85,0.8740306233820009,3.933137805219004
626,1,IDFM:22396,IDFM:463251,96,0.7893803457365626,3.5522115558145315
627,1,IDFM:22400,IDFM:22401,91,1.1235993197923004,5.056196939065352
628,6,IDFM:22400,IDFM:29903,217,0.0779407216789768,0.0
629,1,IDFM:22401,IDFM:22400,102,1.117800552036806,5.030102484165627
630,1,IDFM:22401,IDFM:463323,101,1.0901510877685947,4.905679894958676
631,6,IDFM:22625,IDFM:22015,227,0.06991906612060983,0.0
632,0,IDFM:22625,IDFM:37466,105,0.516665026182108,2.221659612583064
633,0,IDFM:22627,IDFM:22261,61,0.3905064059295331,1.6791775454969924
634,0,IDFM:22627,IDFM:23298,72,0.4200254565195827,1.8061094630342052
635,0,IDFM:22630,IDFM:22632,145,0.6020353491404506,2.588752001303938
636,0,IDFM:22630,IDFM:23301,137,0.7045377776364382,3.0295124438366843
637,0,IDFM:22632,IDFM:22630,113,0.5913537441298934,2.542821099758541
638,0,IDFM:22632,IDFM:460550,155,0.6332404075134554,2.7229337523078585
639,6,IDFM:22633,IDFM:22240,320,0.22744347303673795,0.0
640,0,IDFM:22633,IDFM:22267,180,0.4230676936749828,1.8191910828024265
641,0,IDFM:22633,IDFM:23312,323,0.2918419281149398,0.6276418184537663
642,0,IDFM:2272,IDFM:10215,120,1.362630765830411,5.859312293070768
643,0,IDFM:2272,IDFM:10217,120,0.8175026624917506,3.5152614487145275
644,6,IDFM:2272,IDFM:monomodalStopPlace:462398,300,0.04630536940391715,0.0
645,6,IDFM:23295,IDFM:22395,369,0.33316923635567286,0.0
646,0,IDFM:23295,IDFM:24424,67,0.3708842891270135,1.5948024432461578
647,0,IDFM:23295,IDFM:24426,381,0.3442138863955796,0.7396318997827586
648,0,IDFM:23297,IDFM:22261,102,0.5714587309399556,2.457272543041809
649,0,IDFM:23297,IDFM:24424,103,0.6614208331394935,2.844109582499822
650,0,IDFM:23298,IDFM:22627,74,0.4271308180064432,1.836662517427706
651,0,IDFM:23298,IDFM:23300,62,0.3631131208753032,1.5613864197638037
652,0,IDFM:2330,IDFM:2331,86,0.4205997927710845,1.8085791089156635
653,0,IDFM:2330,IDFM:2333,180,1.0757676505850224,4.625800897515596
654,0,IDFM:23300,IDFM:23298,63,0.3628179579313976,1.56011721910501
655,0,IDFM:23300,IDFM:37466,79,0.4427489188133968,1.9038203508976064
656,0,IDFM:23301,IDFM:22630,107,0.7015445159247483,3.016641418476417
657,0,IDFM:23301,IDFM:23303,178,0.9209774296219964,3.960202947374585
658,0,IDFM:23302,IDFM:23303,63,0.4335090865938608,1.8640890723536012
659,0,IDFM:23302,IDFM:24426,79,0.4065435993889218,1.7481374773723637
660,0,IDFM:23303,IDFM:23301,129,0.919470871860285,3.953724748999225
661,0,IDFM:23303,IDFM:23302,86,0.4383340139736003,1.8848362600864808
662,0,IDFM:2331,IDFM:2330,85,0.4332595441441231,1.8630160398197293
663,0,IDFM:2331,IDFM:41852,189,0.9491325242345984,4.081269854208774
664,6,IDFM:23312,IDFM:22240,376,0.3395121710600772,0.0
665,0,IDFM:23312,IDFM:22633,323,0.3237485567557954,0.7648403216094454
666,0,IDFM:23312,IDFM:460550,176,0.7517156906894135,3.2323774699644776
667,0,IDFM:2333,IDFM:2330,180,1.0676585847365958,4.590931914367362
668,0,IDFM:2333,IDFM:2335,98,0.531269478403032,2.284458757133037
669,0,IDFM:2335,IDFM:2333,129,0.5322450278710438,2.2886536198454883
670,0,IDFM:2335,IDFM:41854,82,0.4977814911510955,2.1404604119497104
671,0,IDFM:2336,IDFM:41672,120,0.6845273418867512,2.94346757011303
672,6,IDFM:2336,IDFM:463087,220,0.09518056728890333,0.0
673,0,IDFM:2338,IDFM:41856,183,1.0436229937824453,4.487578873264514
674,0,IDFM:2338,IDFM:41952,142,0.8129446241128048,3.4956618836850604
675,0,IDFM:2339,IDFM:2340,132,0.7001342200601625,3.0105771462586985
676,0,IDFM:2339,IDFM:2343,117,0.5742357069270612,2.469213539786363
677,0,IDFM:2340,IDFM:2339,141,0.6823919011399845,2.9342851749019334
678,0,IDFM:2340,IDFM:2344,140,0.7441651319275038,3.199910067288266
679,0,IDFM:23427,IDFM:23431,120,0.6404465386462836,2.75392011617902
680,0,IDFM:23427,IDFM:25647,120,0.934037033983786,4.016359246130279
681,0,IDFM:2343,IDFM:2339,107,0.5797295421186157,2.492837031110048
682,0,IDFM:2343,IDFM:41674,140,0.5227332072073394,2.247752790991559
683,0,IDFM:23430,IDFM:23431,92,0.5686103290078685,2.445024414733834
684,0,IDFM:23430,IDFM:23436,88,0.5359925884492334,2.304768130331704
685,0,IDFM:23431,IDFM:23427,120,0.6312691790839721,2.71445747006108
686,0,IDFM:23431,IDFM:23430,92,0.5290652501263006,2.2749805755430925
687,0,IDFM:23435,IDFM:23436,100,0.6436360838364726,2.767635160496832
688,0,IDFM:23435,IDFM:24432,150,0.744812937762739,3.2026956323797777
689,0,IDFM:23436,IDFM:23430,88,0.5370575113228448,2.3093472986882326
690,0,IDFM:23436,IDFM:23435,122,0.6390835956396901,2.748059461250667
691,6,IDFM:23436,IDFM:monomodalStopPlace:47412,316,0.280906340243503,0.0
692,0,IDFM:23438,IDFM:23440,131,0.8739837553441383,3.7581301479797946
693,0,IDFM:23438,IDFM:25635,115,0.6712121513371758,2.886212250749856
694,0,IDFM:2344,IDFM:2340,155,0.7374733227671211,3.1711352878986205
695,0,IDFM:2344,IDFM:41858,163,0.8701388493681881,3.741597052283209
696,6,IDFM:2344,IDFM:486812,159,0.13179432537356794,0.0
697,0,IDFM:23440,IDFM:23438,125,0.8755827913788764,3.765006002929169
698,0,IDFM:23440,IDFM:25639,116,1.1031043588046006,4.743348742859782
699,0,IDFM:23441,IDFM:23444,96,0.9956716574463575,4.281388127019338
700,0,IDFM:23441,IDFM:25639,71,0.7201667138364102,3.0967168694965634
701,0,IDFM:23443,IDFM:22300,106,0.939306631292498,4.039018514557742
702,0,IDFM:23443,IDFM:25643,97,0.8844547600319715,3.8031554681374775
703,0,IDFM:23444,IDFM:23441,99,0.9984904573998186,4.29350896681922
704,0,IDFM:23444,IDFM:25643,196,1.8410538772837133,7.916531672319968
705,6,IDFM:23444,IDFM:463233,480,0.44771854281166745,0.0
706,0,IDFM:2347,IDFM:41674,109,0.4538639310543159,1.9516149035335584
707,0,IDFM:2347,IDFM:41854,109,0.4829666670852828,2.076756668466716
708,0,IDFM:24107,IDFM:24125,61,0.4966439693616951,2.135569068255289
709,0,IDFM:24107,IDFM:460560,60,0.4155199441475823,1.786735759834604
710,6,IDFM:24108,IDFM:22295,300,0.3806927383566357,0.0
711,0,IDFM:24108,IDFM:24116,120,0.5290296306953405,2.274827411989964
712,6,IDFM:24108,IDFM:463051,243,0.102656350864872,0.0
713,0,IDFM:24108,IDFM:480964,120,0.5589654005490838,2.4035512223610604
714,0,IDFM:24109,IDFM:24118,120,0.6520918943662712,2.8039951457749663
715,0,IDFM:24109,IDFM:24130,80,0.485345653159648,2.086986308586486
716,6,IDFM:24110,IDFM:22372,217,0.0776424678275157,0.0
717,0,IDFM:24110,IDFM:24126,153,0.5732206881905404,2.4648489592193235
718,0,IDFM:24110,IDFM:24141,91,0.7137549583811544,3.069146321038964
719,0,IDFM:24111,IDFM:24116,120,0.4565474991092788,1.963154246169899
720,0,IDFM:24111,IDFM:24131,141,0.8078947060993965,3.4739472362274046
721,6,IDFM:24111,IDFM:25633,120,0.12458394932530395,0.0
722,6,IDFM:24111,IDFM:463261,213,0.03934766427725025,0.0
723,0,IDFM:24112,IDFM:24115,110,0.6517847756973155,2.802674535498457
724,0,IDFM:24112,IDFM:24136,120,0.529263563587464,2.275833323426095
725,0,IDFM:24115,IDFM:24112,94,0.5684527492213737,2.444346821651907
726,0,IDFM:24115,IDFM:24122,70,0.4193131304201499,1.8030464608066448
727,6,IDFM:24115,IDFM:monomodalStopPlace:473843,210,0.1558023125441246,0.0
728,0,IDFM:24116,IDFM:24108,120,0.5609742560980427,2.412189301221584
729,0,IDFM:24116,IDFM:24111,120,0.3507783857377666,1.5083470586723964
730,6,IDFM:24116,IDFM:463261,374,0.3380775795299418,0.0
731,0,IDFM:24117,IDFM:24126,378,0.33790848541191826,0.7269128803240102
732,0,IDFM:24117,IDFM:24136,120,0.8657039187679071,3.722526850702
733,6,IDFM:24117,IDFM:463235,208,0.050713911878825776,0.0
734,6,IDFM:24117,IDFM:490848,335,0.2941555462946439,0.0
735,0,IDFM:24118,IDFM:24109,120,0.5438970964126114,2.338757514574229
736,0,IDFM:24118,IDFM:24122,120,0.6228067834596084,2.678069168876316
737,6,IDFM:24118,IDFM:463092,218,0.0665433092827877,0.0
738,0,IDFM:24121,IDFM:24128,91,0.5270205477468911,2.266188355311632
739,0,IDFM:24121,IDFM:24131,92,0.5214555759651448,2.242258976650122
740,0,IDFM:24122,IDFM:24115,86,0.5237855849815178,2.252278015420526
741,0,IDFM:24122,IDFM:24118,120,0.7493665103095509,3.222275994331069
742,0,IDFM:24125,IDFM:24107,55,0.4957657008537491,2.131792513671121
743,0,IDFM:24125,IDFM:24135,85,0.6555981253458281,2.8190719389870607
744,6,IDFM:24126,IDFM:22373,199,0.07292091883363774,0.0
745,0,IDFM:24126,IDFM:24110,113,0.5839495562981392,2.5109830920819984
746,0,IDFM:24126,IDFM:24117,378,0.33966905798426095,0.7344833423850838
747,6,IDFM:24126,IDFM:478980,180,0.10472354397328443,0.0
748,6,IDFM:24128,IDFM:22221,236,0.1589935457308525,0.0
749,0,IDFM:24128,IDFM:24121,90,0.5165041112171738,2.220967678233847
750,0,IDFM:24128,IDFM:24130,100,0.5949058465747441,2.5580951402714
751,0,IDFM:24130,IDFM:24109,80,0.4925995625331076,2.1181781188923625
752,0,IDFM:24130,IDFM:24128,100,0.5934453578981419,2.55181503896201
753,0,IDFM:24131,IDFM:24111,118,0.6738552414048231,2.897577538040739
754,0,IDFM:24131,IDFM:24121,68,0.3765381475303984,1.6191140343807129
755,0,IDFM:24135,IDFM:24125,104,0.5173963097631759,2.224804131981656
756,0,IDFM:24135,IDFM:24138,94,0.7569451585637796,3.2548641818242525
757,6,IDFM:24135,IDFM:463050,271,0.09278598206117,0.0
758,0,IDFM:24136,IDFM:24112,120,0.3966697942001715,1.7056801150607377
759,0,IDFM:24136,IDFM:24117,60,0.7490358043854372,3.22085395885738
760,0,IDFM:24137,IDFM:24141,370,0.3205862032828387,0.6874364148332864
761,0,IDFM:24137,IDFM:460561,158,1.2086484221321214,5.197188215168122
762,6,IDFM:24137,IDFM:monomodalStopPlace:45301,180,0.5191672290596724,0.0
763,6,IDFM:24138,IDFM:22208,245,0.39653752003803006,0.0
764,0,IDFM:24138,IDFM:24135,141,0.9008930348095808,3.873840049681197
765,0,IDFM:24138,IDFM:460561,65,0.4546318049317853,1.954916761206677
766,0,IDFM:24141,IDFM:24110,90,0.7163205031128331,3.0801781633851824
767,0,IDFM:24141,IDFM:24137,370,0.3220975647333375,0.6939352690704317
768,0,IDFM:24398,IDFM:24399,139,0.7258663810172101,3.1212254383740032
769,0,IDFM:24398,IDFM:460562,101,0.4940327213867764,2.1243407019631384
770,6,IDFM:24398,IDFM:monomodalStopPlace:43176,482,0.5059192674065585,0.0
771,6,IDFM:24399,IDFM:22374,233,0.07345290550843565,0.0
772,0,IDFM:24399,IDFM:24398,139,0.721332428640828,3.1017294431555604
773,0,IDFM:24399,IDFM:24402,108,0.5309851021819864,2.283235939382541
774,0,IDFM:24400,IDFM:24414,92,0.5222482273170347,2.245667377463249
775,0,IDFM:24400,IDFM:24421,98,0.5500376743842944,2.365161999852466
776,0,IDFM:24402,IDFM:24399,108,0.5317179681103612,2.286387262874553
777,0,IDFM:24402,IDFM:24530,132,0.6119457930889711,2.631366910282576
778,0,IDFM:24404,IDFM:24410,152,0.8054649143505589,3.4634991317074038
779,0,IDFM:24404,IDFM:24423,96,0.5200413039713755,2.2361776070769146
780,0,IDFM:24405,IDFM:24406,130,0.7304581006864553,3.140969832951758
781,0,IDFM:24405,IDFM:24414,110,0.6007962328933191,2.583423801441272
782,6,IDFM:24406,IDFM:21913,228,0.06818540041814708,0.0
783,0,IDFM:24406,IDFM:24405,130,0.7374440535825789,3.171009430405089
784,0,IDFM:24406,IDFM:26534,120,0.7167507815841552,3.0820283608118677
785,0,IDFM:24410,IDFM:24404,150,0.8028953148308011,3.452449853772445
786,0,IDFM:24410,IDFM:24415,113,0.5996161551184255,2.5783494670092293
787,6,IDFM:24410,IDFM:24684,360,0.23808120976519725,0.0
788,0,IDFM:24412,IDFM:24413,102,0.4449408264906319,1.9132455539097173
789,0,IDFM:24412,IDFM:412987,120,0.4392084493169496,1.8885963320628831
790,0,IDFM:24413,IDFM:24412,102,0.4438898702231387,1.9087264419594965
791,0,IDFM:24413,IDFM:24530,78,0.3979600906985765,1.711228390003879
792,6,IDFM:24414,IDFM:22022,230,0.13322769517459468,0.0
793,0,IDFM:24414,IDFM:24400,92,0.5257911296160361,2.2609018573489554
794,0,IDFM:24414,IDFM:24405,110,0.6108254146519417,2.626549283003349
795,6,IDFM:24415,IDFM:21947,216,0.014664358214436825,0.0
796,0,IDFM:24415,IDFM:24410,114,0.6014551123305028,2.586256983021162
797,0,IDFM:24415,IDFM:24421,95,0.5619256835107245,2.416280439096115
798,6,IDFM:24415,IDFM:463263,216,0.07821831397007076,0.0
799,0,IDFM:24421,IDFM:24400,113,0.630695401225175,2.711990225268252
800,0,IDFM:24421,IDFM:24415,110,0.646153682523883,2.778460834852697
801,6,IDFM:24423,IDFM:22003,405,0.30880699423699887,0.0
802,0,IDFM:24423,IDFM:24404,95,0.5204253552563644,2.2378290276023667
803,0,IDFM:24423,IDFM:460562,120,0.6444991634486874,2.7713464028293555
804,0,IDFM:24424,IDFM:23295,57,0.3703223395522341,1.5923860600746067
805,0,IDFM:24424,IDFM:23297,120,0.6639795111604276,2.855111897989839
806,6,IDFM:24426,IDFM:22395,212,0.0755886821571311,0.0
807,0,IDFM:24426,IDFM:23295,381,0.3451764540210057,0.7437709405720908
808,0,IDFM:24426,IDFM:23302,61,0.4164307653029458,1.790652290802667
809,0,IDFM:24431,IDFM:22269,133,0.5708658903981896,2.454723328712215
810,6,IDFM:24431,IDFM:42122,180,0.32453843375519054,0.0
811,6,IDFM:24431,IDFM:monomodalStopPlace:412743,276,0.18688593217583732,0.0
812,0,IDFM:24432,IDFM:23435,122,0.7436642035761941,3.1977560753776344
813,0,IDFM:24432,IDFM:25642,88,0.5270256682236554,2.266210373361718
814,0,IDFM:24530,IDFM:24402,132,0.6136000740017683,2.638480318207604
815,0,IDFM:24530,IDFM:24413,78,0.3998151339337986,1.719205075915334
816,6,IDFM:24530,IDFM:monomodalStopPlace:58498,343,0.14285908562044902,0.0
817,1,IDFM:24679,IDFM:463281,138,1.320950500660116,5.944277252970522
818,1,IDFM:24679,IDFM:483903,97,1.0615645724112002,4.777040575850401
819,6,IDFM:24680,IDFM:22368,324,0.28659858240688724,0.0
820,1,IDFM:24680,IDFM:24681,69,0.5334103553029541,2.400346598863293
821,1,IDFM:24680,IDFM:24685,45,0.3673220814790585,1.6529493666557635
822,6,IDFM:24680,IDFM:462981,156,0.09683859632114995,0.0
823,6,IDFM:24680,IDFM:463095,174,0.1234648413806328,0.0
824,1,IDFM:24681,IDFM:24680,62,0.5272900593242098,2.3728052669589443
825,6,IDFM:24681,IDFM:463033,76,0.03892571164671293,0.0
826,6,IDFM:24682,IDFM:21951,79,0.0313670301055452,0.0
827,1,IDFM:24682,IDFM:24684,111,0.6269885731110661,2.8214485789997976
828,6,IDFM:24684,IDFM:24410,360,0.23808120976519725,0.0
829,1,IDFM:24684,IDFM:24687,52,0.504929751196379,2.272183880383705
830,1,IDFM:24685,IDFM:24680,45,0.3670302022858883,1.6516359102864973
831,6,IDFM:24685,IDFM:462981,379,0.3413037239867473,0.0
832,1,IDFM:24685,IDFM:463156,67,0.7001775657533781,3.150799045890201
833,1,IDFM:24686,IDFM:24682,69,0.466998805888332,2.101494626497494
834,1,IDFM:24686,IDFM:463156,56,0.6305914490735128,2.837661520830808
835,1,IDFM:24687,IDFM:24686,67,0.4772229747602797,2.1475033864212585
836,1,IDFM:25084,IDFM:21936,53,0.4258697120468688,1.9164137042109093
837,1,IDFM:25084,IDFM:462942,74,0.5672252580336506,2.552513661151428
838,6,IDFM:25084,IDFM:463125,290,0.25664640815601975,0.0
839,6,IDFM:25633,IDFM:24111,120,0.12458394932530395,0.0
840,0,IDFM:25633,IDFM:25637,95,0.5173678222695843,2.2246816357592127
841,6,IDFM:25633,IDFM:463261,220,0.09594971240614697,0.0
842,0,IDFM:25635,IDFM:23438,109,0.6733839825902482,2.8955511251380672
843,0,IDFM:25635,IDFM:460556,124,0.945709609658176,4.066551321530157
844,6,IDFM:25635,IDFM:monomodalStopPlace:462357,195,0.1304088841347189,0.0
845,0,IDFM:25637,IDFM:22295,85,0.4052211710015843,1.7424510353068123
846,0,IDFM:25637,IDFM:25633,91,0.5226190962936432,2.247262114062666
847,0,IDFM:25639,IDFM:23440,116,1.1178023250717806,4.8065499978086565
848,0,IDFM:25639,IDFM:23441,72,0.7071399356591567,3.0407017233343736
849,6,IDFM:25642,IDFM:22101,268,0.11619002197985961,0.0
850,0,IDFM:25642,IDFM:22298,180,1.3335503224704308,5.734266386622853
851,0,IDFM:25642,IDFM:24432,78,0.5348927018557883,2.3000386179798897
852,6,IDFM:25642,IDFM:monomodalStopPlace:470549,240,0.1301949705437429,0.0
853,6,IDFM:25643,IDFM:21989,660,0.6237429661162921,0.0
854,0,IDFM:25643,IDFM:23443,100,0.8889301369198223,3.822399588755236
855,0,IDFM:25643,IDFM:23444,194,1.841321436208566,7.917682175696834
856,0,IDFM:25645,IDFM:22300,156,1.3874817108585291,5.9661713566916745
857,0,IDFM:25645,IDFM:22303,117,1.087061754616056,4.67436554484904
858,0,IDFM:25647,IDFM:23427,120,0.9657851090783598,4.152875969036947
859,6,IDFM:26534,IDFM:22077,222,0.13863914321509366,0.0
860,0,IDFM:26534,IDFM:24406,180,0.732148004935608,3.1482364212231144
861,6,IDFM:26534,IDFM:460560,120,0.0568078521074351,0.0
862,0,IDFM:28848,IDFM:28852,120,0.569289103914609,2.4479431468328183
863,0,IDFM:28848,IDFM:28858,73,0.4581706704257824,1.9701338828308643
864,0,IDFM:28850,IDFM:28855,73,0.3507801731853829,1.5083547446971464
865,0,IDFM:28850,IDFM:28876,180,0.7057966500344863,3.034925595148291
866,0,IDFM:28851,IDFM:28858,77,0.3681223131423271,1.5829259465120062
867,0,IDFM:28851,IDFM:28865,88,0.5771614950709916,2.481794428805264
868,0,IDFM:28852,IDFM:28848,120,0.577293291421416,2.482361153112089
869,0,IDFM:28852,IDFM:28859,369,0.3713894121875094,0.8836119188204092
870,0,IDFM:28855,IDFM:28850,58,0.3554306964893977,1.52835199490441
871,0,IDFM:28855,IDFM:28859,154,0.7430589462816484,3.195153469011088
872,0,IDFM:28858,IDFM:28848,88,0.457226373251874,1.9660734049830584
873,0,IDFM:28858,IDFM:28851,65,0.3681223135130356,1.5829259481060531
874,0,IDFM:28859,IDFM:28852,369,0.33113485813394455,0.7105173363900802
875,0,IDFM:28859,IDFM:28855,113,0.6743428879749376,2.899674418292232
876,0,IDFM:28863,IDFM:28865,89,0.4331870807018388,1.8627044470179068
877,0,IDFM:28863,IDFM:28866,377,0.3434063469168238,0.7442492619489506
878,0,IDFM:28865,IDFM:28851,106,0.576965468466139,2.480951514404398
879,0,IDFM:28865,IDFM:28863,74,0.4320424212178846,1.857782411236904
880,0,IDFM:28866,IDFM:28863,377,0.34054161508630654,0.7319309150777266
881,0,IDFM:28866,IDFM:490553,133,0.4047990517325345,1.7406359224498984
882,0,IDFM:28868,IDFM:28873,82,0.4025231832789961,1.7308496880996835
883,0,IDFM:28868,IDFM:28876,106,0.4564360427514003,1.9626749838310211
884,0,IDFM:28869,IDFM:28873,87,0.4152446969783558,1.78555219700693
885,0,IDFM:28869,IDFM:479383,131,0.5002530888464777,2.1510882820398542
886,0,IDFM:28873,IDFM:28868,93,0.4089216410567919,1.7583630565442054
887,0,IDFM:28873,IDFM:28869,75,0.4185884895035544,1.7999305048652838
888,0,IDFM:28876,IDFM:28850,180,0.7260667230780579,3.1220869092356485
889,0,IDFM:28876,IDFM:28868,91,0.4566826695511977,1.96373547907015
890,0,IDFM:29893,IDFM:29898,142,0.8849408637224816,3.805245714006671
891,0,IDFM:29893,IDFM:29900,144,0.6020222725969395,2.58869577216684
892,0,IDFM:29895,IDFM:29904,60,0.8802065039493537,3.784887966982221
893,0,IDFM:29895,IDFM:460559,119,0.5499377259049821,2.364732221391423
894,0,IDFM:29897,IDFM:29902,104,0.6228609269320001,2.6783019858076003
895,0,IDFM:29897,IDFM:35930,120,0.5034498003140659,2.1648341413504832
896,0,IDFM:29898,IDFM:29893,136,0.9042686789617544,3.888355319535544
897,0,IDFM:29898,IDFM:460558,98,0.6103680610934185,2.624582662701699
898,0,IDFM:29900,IDFM:29893,146,0.613101536114105,2.6363366052906514
899,0,IDFM:29900,IDFM:35943,156,0.6280133916292229,2.700457584005658
900,6,IDFM:29900,IDFM:monomodalStopPlace:44787,269,0.1965793884860434,0.0
901,0,IDFM:29901,IDFM:35935,350,0.31337745626273567,0.678179100163278
902,0,IDFM:29901,IDFM:35940,105,0.5672228505452928,2.4390582573447586
903,0,IDFM:29902,IDFM:29897,104,0.6170142114025865,2.653161109031122
904,0,IDFM:29902,IDFM:29904,76,0.4947613818948979,2.127473942148061
905,6,IDFM:29903,IDFM:22400,217,0.0779407216789768,0.0
906,0,IDFM:29903,IDFM:460559,90,0.5303325800974646,2.280430094419098
907,0,IDFM:29904,IDFM:29895,180,0.8836900906952262,3.7998673899894726
908,0,IDFM:29904,IDFM:29902,76,0.4913127041070444,2.112644627660291
909,0,IDFM:35926,IDFM:35927,234,1.9508385014745924,8.388605556340746
910,0,IDFM:35927,IDFM:35926,229,1.9500109204314178,8.385046957855096
911,0,IDFM:35927,IDFM:460558,66,0.571124966322692,2.455837355187576
912,6,IDFM:35927,IDFM:473828,205,0.15242394739157772,0.0
913,6,IDFM:35927,IDFM:490917,780,0.5434800849585643,0.0
914,0,IDFM:35930,IDFM:29897,180,0.4900540632054009,2.107232471783224
915,0,IDFM:35930,IDFM:35941,120,0.399409969995331,1.7174628709799236
916,6,IDFM:35930,IDFM:490835,360,0.16431608432600908,0.0
917,0,IDFM:35935,IDFM:29901,350,0.309194013476835,0.6601902961839053
918,0,IDFM:35935,IDFM:35943,144,0.4817450080266021,2.071503534514389
919,0,IDFM:35940,IDFM:29901,105,0.5659126266361787,2.4334242945355684
920,0,IDFM:35940,IDFM:35941,135,0.7357314826027914,3.163645375192003
921,0,IDFM:35941,IDFM:35930,120,0.4125967316165022,1.7741659459509591
922,0,IDFM:35941,IDFM:35940,135,0.7294890794136779,3.136803041478815
923,6,IDFM:35941,IDFM:490835,540,0.24403148670884525,0.0
924,0,IDFM:35943,IDFM:29900,154,0.628029171131092,2.700525435863696
925,0,IDFM:35943,IDFM:35935,145,0.4740237566411869,2.038302153557104
926,0,IDFM:37466,IDFM:22625,87,0.5165809346419761,2.221298018960497
927,0,IDFM:37466,IDFM:23300,78,0.4342171373934401,1.8671336907917924
928,0,IDFM:412987,IDFM:24412,120,0.434665291362912,1.8690607528605212
929,0,IDFM:412987,IDFM:462415,117,0.5629992213245764,2.4208966516956782
930,6,IDFM:412987,IDFM:463281,241,0.1410306706600499,0.0
931,0,IDFM:41672,IDFM:2336,131,0.6721225264099311,2.8901268635627035
932,0,IDFM:41672,IDFM:41952,97,0.5704110055145604,2.4527673237126093
933,0,IDFM:41674,IDFM:2343,104,0.5825540853867173,2.5049825671628843
934,0,IDFM:41674,IDFM:2347,111,0.5011632205126406,2.1550018482043547
935,0,IDFM:41833,IDFM:10215,120,0.5902305771598042,2.537991481787158
936,0,IDFM:41852,IDFM:2331,187,0.9385590240657312,4.0358038034826444
937,0,IDFM:41852,IDFM:41853,85,0.4192253749087037,1.802669112107426
938,0,IDFM:41853,IDFM:41852,88,0.4367053416179677,1.877832968957261
939,0,IDFM:41853,IDFM:422038,231,2.129543359132374,9.157036444269208
940,0,IDFM:41854,IDFM:2335,111,0.5039544864839774,2.1670042918811028
941,0,IDFM:41854,IDFM:2347,87,0.4699298967458715,2.0206985560072472
942,0,IDFM:41856,IDFM:2338,182,1.0442648243370407,4.490338744649275
943,0,IDFM:41856,IDFM:41858,191,0.9597760444419502,4.127036991100385
944,0,IDFM:41858,IDFM:2344,176,0.8660046084210931,3.7238198162107
945,0,IDFM:41858,IDFM:41856,178,0.9508631871070544,4.088711704560335
946,0,IDFM:41952,IDFM:2338,140,0.8121721843883027,3.4923403928697017
947,0,IDFM:41952,IDFM:41672,98,0.5876927896369596,2.5270789954389263
948,0,IDFM:42101,IDFM:42102,131,0.5461843057122246,2.348592514562566
949,0,IDFM:42102,IDFM:42101,128,0.5483287685053508,2.357813704573008
950,0,IDFM:42102,IDFM:42111,117,0.5111454094072856,2.197925260451328
951,6,IDFM:42102,IDFM:472986,300,0.15804059658468186,0.0
952,6,IDFM:42102,IDFM:monomodalStopPlace:43077,379,0.25467632218809416,0.0
953,0,IDFM:42103,IDFM:42105,92,0.818580098988244,3.5198944256494493
954,0,IDFM:42103,IDFM:42110,100,0.6869294653870787,2.953796701164438
955,0,IDFM:42104,IDFM:42110,120,0.5498681556239011,2.364433069182774
956,0,IDFM:42104,IDFM:42115,107,0.4696706901813233,2.0195839677796905
957,0,IDFM:42105,IDFM:42103,140,0.9788873324976384,4.209215529739845
958,0,IDFM:42105,IDFM:42117,180,0.7364017102922292,3.1665273542565857
959,0,IDFM:42110,IDFM:42103,88,0.7504104513267171,3.2267649407048835
960,0,IDFM:42110,IDFM:42104,120,0.4520293411942201,1.9437261671351465
961,0,IDFM:42111,IDFM:42102,115,0.4962200480745924,2.133746206720748
962,0,IDFM:42111,IDFM:42115,361,0.30783104810489037,0.6483825949165724
963,0,IDFM:42115,IDFM:42104,108,0.4753835243614811,2.044149154754369
964,0,IDFM:42115,IDFM:42111,361,0.3203563340543457,0.7022413244992302
965,0,IDFM:42117,IDFM:42105,180,0.751430062194083,3.231149267434557
966,0,IDFM:42117,IDFM:42119,180,0.7729838081354733,3.323830374982535
967,0,IDFM:42117,IDFM:42133,240,0.649574309963385,2.793169532842556
968,0,IDFM:42119,IDFM:42117,180,0.7805045289227593,3.356169474367865
969,0,IDFM:42119,IDFM:42122,120,0.6099920217563868,2.6229656935524632
970,0,IDFM:42120,IDFM:42121,78,0.4662294770523695,2.004786751325189
971,6,IDFM:42120,IDFM:463301,225,0.09674048595509355,0.0
972,0,IDFM:42121,IDFM:42120,128,0.4740680379685166,2.0384925632646214
973,0,IDFM:42121,IDFM:42122,102,0.5886658851442621,2.531263306120327
974,6,IDFM:42122,IDFM:24431,180,0.32453843375519054,0.0
975,0,IDFM:42122,IDFM:42119,120,0.5985672778361955,2.5738392946956403
976,0,IDFM:42122,IDFM:42121,172,0.5903078195999242,2.538323624279674
977,6,IDFM:42122,IDFM:monomodalStopPlace:412743,324,0.20313918032303113,0.0
978,0,IDFM:42127,IDFM:42130,377,0.34796042062627913,0.7641355081122188
979,6,IDFM:42127,IDFM:470851,180,0.09738815109082523,0.0
980,0,IDFM:42130,IDFM:42127,377,0.34270768931639983,0.7415487634797375
981,0,IDFM:42130,IDFM:42131,81,0.4936452922080755,2.122674756494725
982,0,IDFM:42131,IDFM:42130,73,0.5055522478921481,2.173874665936237
983,0,IDFM:42131,IDFM:42133,67,0.411974489629148,1.7714903054053366
984,0,IDFM:42133,IDFM:42117,240,0.6506837822864479,2.797940263831725
985,0,IDFM:42133,IDFM:42131,59,0.415354798578377,1.7860256338870208
986,0,IDFM:422038,IDFM:41853,323,2.124192336390881,9.134027046480789
987,0,IDFM:422038,IDFM:422040,69,0.6248195509833534,2.6867240692284193
988,6,IDFM:422038,IDFM:monomodalStopPlace:462388,190,0.05108945361455595,0.0
989,0,IDFM:422040,IDFM:422038,97,0.6272010771647977,2.6969646318086298
990,6,IDFM:422040,IDFM:monomodalStopPlace:46689,215,0.1001449123282481,0.0
991,0,IDFM:460550,IDFM:22632,123,0.6426309528540026,2.7633130972722117
992,0,IDFM:460550,IDFM:23312,158,0.6875844637417097,2.956613194089352
993,0,IDFM:460556,IDFM:22295,56,0.4903715203379262,2.108597537453083
994,0,IDFM:460556,IDFM:25635,120,0.95714663272012,4.115730520696515
995,0,IDFM:460558,IDFM:29898,104,0.6556154165974757,2.819146291369145
996,0,IDFM:460558,IDFM:35927,71,0.6277382303155568,2.699274390356894
997,0,IDFM:460559,IDFM:29895,90,0.540846210635992,2.325638705734766
998,0,IDFM:460559,IDFM:29903,121,0.5154470900008292,2.2164224870035656
999,6,IDFM:460560,IDFM:22077,226,0.140974034720753,0.0
1000,0,IDFM:460560,IDFM:24107,120,0.423745136539677,1.8221040871206116
1001,6,IDFM:460560,IDFM:26534,120,0.0568078521074351,0.0
1002,0,IDFM:460561,IDFM:24137,158,1.2236729711929528,5.261793776129697
1003,0,IDFM:460561,IDFM:24138,64,0.4684890559680832,2.0145029406627577
1004,0,IDFM:460562,IDFM:24398,101,0.5073044165671655,2.181408991238812
1005,0,IDFM:460562,IDFM:24423,180,0.6448143250075372,2.77270159753241
1006,0,IDFM:462400,IDFM:473827,360,5.888300294185688,25.319691264998458
1007,6,IDFM:462400,IDFM:monomodalStopPlace:43066,150,0.02188290571632345,0.0
1008,6,IDFM:462400,IDFM:monomodalStopPlace:46007,900,0.9697756991707278,0.0
1009,6,IDFM:462414,IDFM:22141,225,0.07121542258031067,0.0
1010,0,IDFM:462414,IDFM:462415,92,0.5571796124338713,2.3958723334656464
1011,0,IDFM:462414,IDFM:462437,109,0.5783086547794815,2.4867272155517703
1012,0,IDFM:462415,IDFM:412987,88,0.5664295981600953,2.43564727208841
1013,0,IDFM:462415,IDFM:462414,123,0.5594684271903673,2.405714236918579
1014,0,IDFM:462436,IDFM:462437,131,0.7018893961172434,3.0181244033041468
1015,0,IDFM:462436,IDFM:462439,90,0.3968114535630037,1.7062892503209155
1016,6,IDFM:462436,IDFM:462951,247,0.06437152692443185,0.0
1017,0,IDFM:462437,IDFM:462414,109,0.5817904828319648,2.501699076177448
1018,0,IDFM:462437,IDFM:462436,131,0.724772735633653,3.116522763224708
1019,0,IDFM:462438,IDFM:462439,113,0.5334514336731547,2.293841164794565
1020,0,IDFM:462438,IDFM:462441,97,0.4337841204228711,1.8652717178183456
1021,0,IDFM:462439,IDFM:462436,90,0.4152686381116461,1.7856551438800785
1022,0,IDFM:462439,IDFM:462438,113,0.5430505847946234,2.335117514616881
1023,6,IDFM:462439,IDFM:462951,381,0.34136393119791597,0.0
1024,0,IDFM:462440,IDFM:462441,180,1.1354024890082477,4.882230702735465
1025,0,IDFM:462440,IDFM:490896,135,0.5959703104273117,2.5626723348374405
1026,6,IDFM:462441,IDFM:22219,206,0.06675399583653568,0.0
1027,0,IDFM:462441,IDFM:462438,97,0.4369904539268113,1.8790589518852887
1028,0,IDFM:462441,IDFM:462440,180,1.1343532757265535,4.8777190856241806
1029,6,IDFM:462441,IDFM:480531,206,0.08176479656808895,0.0
1030,6,IDFM:462441,IDFM:monomodalStopPlace:44514,273,0.1505336456351114,0.0
1031,1,IDFM:462942,IDFM:21913,159,1.3751685360112087,6.188258412050439
1032,6,IDFM:462942,IDFM:22073,200,0.13325318897902355,0.0
1033,6,IDFM:462942,IDFM:22080,192,0.17422063808118676,0.0
1034,1,IDFM:462942,IDFM:25084,70,0.5734251661779645,2.58041324780084
1035,1,IDFM:462942,IDFM:463054,277,3.0919685984556566,13.913858693050456
1036,6,IDFM:462942,IDFM:463067,176,0.06181880302027943,0.0
1037,1,IDFM:462942,IDFM:463298,64,0.6972552221913974,3.137648499861288
1038,6,IDFM:462942,IDFM:monomodalStopPlace:473875,193,0.08941789995336685,0.0
1039,6,IDFM:462948,IDFM:22039,121,0.053916168327830624,0.0
1040,1,IDFM:462948,IDFM:462955,59,0.7158233447721779,3.2212050514748007
1041,1,IDFM:462948,IDFM:463314,57,0.4901580331153259,2.2057111490189665
1042,1,IDFM:462949,IDFM:463261,91,0.9372305219239636,4.217537348657836
1043,1,IDFM:462949,IDFM:463321,55,0.4945412870336084,2.225435791651238
1044,1,IDFM:462950,IDFM:21980,54,0.5608897685495958,2.5240039584731813
1045,1,IDFM:462950,IDFM:463311,50,0.4046139589433004,1.820762815244852
1046,1,IDFM:462951,IDFM:22228,61,0.588903441540316,2.650065486931422
1047,6,IDFM:462951,IDFM:462436,247,0.06437152692443185,0.0
1048,6,IDFM:462951,IDFM:462439,381,0.34136393119791597,0.0
1049,1,IDFM:462951,IDFM:462977,97,1.0136775379391996,4.561548920726398
1050,6,IDFM:462954,IDFM:22038,370,0.3213943505928265,0.0
1051,6,IDFM:462954,IDFM:462955,126,0.0166922022734477,0.0
1052,6,IDFM:462954,IDFM:462996,400,0.35565298964410874,0.0
1053,1,IDFM:462954,IDFM:463083,71,0.8463778723699619,3.808700425664828
1054,1,IDFM:462954,IDFM:463184,64,0.4517937915795448,2.0330720621079514
1055,6,IDFM:462954,IDFM:monomodalStopPlace:43238,240,0.6183189933196955,0.0
1056,6,IDFM:462955,IDFM:22038,396,0.31424990847902967,0.0
1057,1,IDFM:462955,IDFM:22158,161,1.3920512303544923,6.264230536595216
1058,1,IDFM:462955,IDFM:22172,70,0.3684230708312381,1.6579038187405717
1059,1,IDFM:462955,IDFM:22176,178,1.686632171605129,7.58984477222308
1060,1,IDFM:462955,IDFM:462948,66,0.700702191827943,3.153159863225744
1061,6,IDFM:462955,IDFM:462954,126,0.0166922022734477,0.0
1062,6,IDFM:462955,IDFM:462996,468,0.3479784079026267,0.0
1063,6,IDFM:462955,IDFM:monomodalStopPlace:43238,240,0.623495521155896,0.0
1064,1,IDFM:462956,IDFM:21923,367,0.3317748665088103,0.7471008142480846
1065,1,IDFM:462956,IDFM:463259,64,0.6395899020483384,2.878154559217523
1066,1,IDFM:462959,IDFM:21970,61,0.5107392915731818,2.298326812079318
1067,1,IDFM:462959,IDFM:462967,50,0.4997973319926633,2.249087993966985
1068,6,IDFM:462963,IDFM:21902,130,0.10009769618548076,0.0
1069,6,IDFM:462963,IDFM:21903,130,0.08526080389676235,0.0
1070,6,IDFM:462963,IDFM:21937,180,0.1493870790524386,0.0
1071,6,IDFM:462963,IDFM:22199,180,0.010744521148834,0.0
1072,1,IDFM:462963,IDFM:463054,64,0.539800557634924,2.4291025093571577
1073,1,IDFM:462963,IDFM:463264,91,0.8370463861680681,3.766708737756306
1074,6,IDFM:462963,IDFM:463316,198,0.16658181512311,0.0
1075,1,IDFM:462964,IDFM:22039,49,0.4323954220646788,1.9457793992910548
1076,1,IDFM:462964,IDFM:463321,56,0.6368880926136007,2.8659964167612038
1077,6,IDFM:462967,IDFM:21980,101,0.09374798872602917,0.0
1078,1,IDFM:462967,IDFM:462959,53,0.4943089071678391,2.224390082255276
1079,1,IDFM:462967,IDFM:462994,69,0.7988332992308377,3.594749846538769
1080,6,IDFM:462970,IDFM:21906,375,0.33389019680193904,0.0
1081,6,IDFM:462970,IDFM:21962,180,0.06312675946420596,0.0
1082,6,IDFM:462970,IDFM:21964,179,0.2419146188388495,0.0
1083,6,IDFM:462970,IDFM:462971,118,0.040253717059621955,0.0
1084,1,IDFM:462970,IDFM:463066,65,0.5405317713537564,2.432392971091904
1085,6,IDFM:462970,IDFM:463188,368,0.32654172757596905,0.0
1086,6,IDFM:462970,IDFM:463300,480,0.31700091927326474,0.0
1087,6,IDFM:462970,IDFM:471341,360,0.3182066782489146,0.0
1088,1,IDFM:462970,IDFM:474397,103,0.8869834103647862,3.991425346641538
1089,6,IDFM:462970,IDFM:monomodalStopPlace:58566,240,0.2781028264730624,0.0
1090,6,IDFM:462970,IDFM:monomodalStopPlace:58718,300,0.3400393690714366,0.0
1091,1,IDFM:462971,IDFM:21906,349,0.31417522371502904,0.7084291956515062
1092,6,IDFM:462971,IDFM:21962,180,0.09109637775327435,0.0
1093,6,IDFM:462971,IDFM:21964,302,0.25832900084543087,0.0
1094,6,IDFM:462971,IDFM:462970,147,0.040253717059621955,0.0
1095,1,IDFM:462971,IDFM:463069,61,0.5180648466141817,2.331291809763818
1096,6,IDFM:462971,IDFM:463188,347,0.30927022842602436,0.0
1097,6,IDFM:462971,IDFM:463300,480,0.3012205079517657,0.0
1098,6,IDFM:462971,IDFM:monomodalStopPlace:58566,240,0.31725657055598366,0.0
1099,6,IDFM:462971,IDFM:monomodalStopPlace:58718,300,0.3445550071326279,0.0
1100,1,IDFM:462973,IDFM:22054,59,0.4945907099781788,2.2256581949018046
1101,6,IDFM:462973,IDFM:22132,188,0.0434229985356519,0.0
1102,1,IDFM:462973,IDFM:463236,82,0.8448917084654449,3.802012688094502
1103,1,IDFM:462977,IDFM:22243,80,0.8330266980455948,3.7486201412051767
1104,1,IDFM:462977,IDFM:462951,89,1.0125556447083108,4.556500401187399
1105,1,IDFM:462981,IDFM:22107,71,0.5140155049366646,2.3130697722149907
1106,6,IDFM:462981,IDFM:24680,143,0.09683859632114995,0.0
1107,6,IDFM:462981,IDFM:24685,379,0.3413037239867473,0.0
1108,1,IDFM:462981,IDFM:462984,63,0.5053328709158686,2.273997919121409
1109,6,IDFM:462981,IDFM:463095,235,0.21366192450971958,0.0
1110,1,IDFM:462983,IDFM:463111,57,0.4934995459452783,2.2207479567537525
1111,1,IDFM:462983,IDFM:463243,61,0.4453256830448349,2.003965573701757
1112,1,IDFM:462984,IDFM:22107,151,0.9385008328306766,4.2232537477380445
1113,1,IDFM:462984,IDFM:462981,64,0.4995633777835249,2.248035200025862
1114,1,IDFM:462984,IDFM:463111,69,0.8638867651276474,3.887490443074413
1115,1,IDFM:462986,IDFM:463090,49,0.607163720947066,2.7322367442617974
1116,1,IDFM:462986,IDFM:463091,52,0.4003887413580709,1.8017493361113197
1117,6,IDFM:462988,IDFM:22027,72,0.0193993526337482,0.0
1118,1,IDFM:462988,IDFM:22110,66,0.4929099224070313,2.2180946508316413
1119,1,IDFM:462988,IDFM:463240,62,0.5384193544539736,2.4228870950428814
1120,6,IDFM:462992,IDFM:21980,353,0.3179617956269455,0.0
1121,1,IDFM:462992,IDFM:22136,57,0.4006313964125456,1.8028412838564556
1122,1,IDFM:462992,IDFM:463308,51,0.619807909478433,2.7891355926529484
1123,1,IDFM:462994,IDFM:462967,72,0.7878055121268234,3.545124804570705
1124,1,IDFM:462994,IDFM:462998,63,0.4748159446453817,2.1366717509042177
1125,6,IDFM:462996,IDFM:22038,108,0.036558880639935426,0.0
1126,1,IDFM:462996,IDFM:22135,39,0.4455860044841067,2.00513702017848
1127,1,IDFM:462996,IDFM:22151,149,1.4222182393625111,6.3999820771313
1128,6,IDFM:462996,IDFM:462954,400,0.35565298964410874,0.0
1129,6,IDFM:462996,IDFM:462955,381,0.3479784079026267,0.0
1130,1,IDFM:462996,IDFM:463306,242,2.062393231197115,9.280769540387016
1131,1,IDFM:462996,IDFM:463308,65,0.4545997240524433,2.0456987582359947
1132,6,IDFM:462996,IDFM:monomodalStopPlace:43238,480,0.9693218698408715,0.0
1133,1,IDFM:462998,IDFM:21983,42,0.3987688944747424,1.794460025136341
1134,6,IDFM:462998,IDFM:22145,106,0.09938760940639405,0.0
1135,1,IDFM:462998,IDFM:462994,60,0.4865943596460825,2.189674618407371
1136,6,IDFM:462998,IDFM:463306,379,0.34130411149951856,0.0
1137,1,IDFM:462999,IDFM:22005,63,0.6516850107477355,2.93258254836481
1138,1,IDFM:462999,IDFM:463095,58,0.718133261196792,3.231599675385564
1139,1,IDFM:463000,IDFM:22202,53,0.4784627896325722,2.153082553346575
1140,1,IDFM:463000,IDFM:22203,55,0.6108847175870428,2.7489812291416924
1141,6,IDFM:463000,IDFM:463018,180,0.0639832928486718,0.0
1142,6,IDFM:463000,IDFM:463019,180,0.19900372661188076,0.0
1143,1,IDFM:463001,IDFM:22367,57,0.4294754577668449,1.9326395599508024
1144,6,IDFM:463001,IDFM:463021,70,0.026036107219742824,0.0
1145,6,IDFM:463001,IDFM:463022,118,0.02535522173242695,0.0
1146,1,IDFM:463001,IDFM:463255,92,0.7941373384415024,3.5736180229867607
1147,6,IDFM:463001,IDFM:471604,377,0.33784837767040254,0.0
1148,6,IDFM:463001,IDFM:monomodalStopPlace:470519,240,0.3423899578645749,0.0
1149,1,IDFM:463002,IDFM:22015,200,2.372841169722271,10.67778526375022
1150,1,IDFM:463002,IDFM:463178,99,1.151366514627087,5.181149315821892
1151,1,IDFM:463003,IDFM:22158,239,1.9966948304110632,8.985126736849784
1152,1,IDFM:463003,IDFM:22175,72,0.4801536974303256,2.1606916384364654
1153,1,IDFM:463003,IDFM:463004,68,0.6383179744361256,2.872430884962565
1154,6,IDFM:463003,IDFM:463025,90,0.04462510216448792,0.0
1155,6,IDFM:463003,IDFM:463026,162,0.099031894948376,0.0
1156,1,IDFM:463003,IDFM:463128,220,2.2954045055420527,10.329320274939237
1157,1,IDFM:463004,IDFM:22174,57,0.4951585882597412,2.228213647168835
1158,1,IDFM:463004,IDFM:463003,50,0.6368328371366159,2.8657477671147715
1159,1,IDFM:463005,IDFM:22164,134,1.228534877103954,5.5284069469677934
1160,1,IDFM:463005,IDFM:22165,57,0.5481711580395634,2.4667702111780354
1161,1,IDFM:463005,IDFM:22171,49,0.5776402950656294,2.5993813277953324
1162,1,IDFM:463005,IDFM:463194,99,1.045808516021017,4.706138322094577
1163,6,IDFM:463005,IDFM:monomodalStopPlace:58757,368,0.32990343767846353,0.0
1164,6,IDFM:463011,IDFM:22090,148,0.05044188725881683,0.0
1165,1,IDFM:463011,IDFM:22185,84,0.945598443282147,4.255192994769661
1166,1,IDFM:463011,IDFM:474397,75,0.7618020152416717,3.4281090685875224
1167,1,IDFM:463015,IDFM:463166,89,0.8836280636846255,3.976326286580815
1168,1,IDFM:463015,IDFM:463225,90,1.185518314480434,5.334832415161953
1169,1,IDFM:463017,IDFM:22003,79,1.0034956485621511,4.515730418529681
1170,1,IDFM:463017,IDFM:463178,85,0.8667780063447728,3.900501028551477
1171,1,IDFM:463018,IDFM:22008,54,0.3931113946636278,1.7690012759863252
1172,6,IDFM:463018,IDFM:463000,180,0.0639832928486718,0.0
1173,6,IDFM:463018,IDFM:463019,133,0.16487008945753798,0.0
1174,1,IDFM:463018,IDFM:463289,93,0.91243699660385,4.105966484717325
1175,1,IDFM:463019,IDFM:22074,105,0.7790344993643014,3.505655247139356
1176,1,IDFM:463019,IDFM:22083,103,0.8934191598990666,4.0203862195458
1177,1,IDFM:463019,IDFM:22087,223,1.9405503644085265,8.732476639838369
1178,6,IDFM:463019,IDFM:463000,180,0.19900372661188076,0.0
1179,6,IDFM:463019,IDFM:463018,100,0.16487008945753798,0.0
1180,1,IDFM:463019,IDFM:463080,167,1.478759153730971,6.65441619178937
1181,1,IDFM:463021,IDFM:22007,92,0.4538127927078995,2.042157567185548
1182,6,IDFM:463021,IDFM:463001,71,0.026036107219742824,0.0
1183,6,IDFM:463021,IDFM:463022,117,0.0274538546809211,0.0
1184,1,IDFM:463021,IDFM:463191,81,0.7436465736638469,3.346409581487311
1185,6,IDFM:463021,IDFM:monomodalStopPlace:470519,240,0.36730746047332874,0.0
1186,1,IDFM:463022,IDFM:22134,86,0.8925980719257188,4.016691323665735
1187,1,IDFM:463022,IDFM:22153,46,0.5108015657729154,2.298607045978119
1188,6,IDFM:463022,IDFM:463001,100,0.02535522173242695,0.0
1189,6,IDFM:463022,IDFM:463021,107,0.0274538546809211,0.0
1190,1,IDFM:463022,IDFM:463183,67,0.4328388571477881,1.9477748571650464
1191,6,IDFM:463022,IDFM:monomodalStopPlace:470519,240,0.35969818423717836,0.0
1192,6,IDFM:463023,IDFM:21967,145,0.08983339871984725,0.0
1193,1,IDFM:463023,IDFM:22000,80,0.6377036532435929,2.869666439596168
1194,1,IDFM:463023,IDFM:463289,82,0.5371617922662655,2.4172280651981946
1195,6,IDFM:463023,IDFM:471335,352,0.3085066388760916,0.0
1196,6,IDFM:463023,IDFM:monomodalStopPlace:43072,240,0.3231124667794696,0.0
1197,1,IDFM:463025,IDFM:22009,81,0.6423310039513306,2.8904895177809875
1198,6,IDFM:463025,IDFM:463003,90,0.04462510216448792,0.0
1199,6,IDFM:463025,IDFM:463026,162,0.07665964491182492,0.0
1200,1,IDFM:463026,IDFM:22370,62,0.7038214924603604,3.1671967160716217
1201,6,IDFM:463026,IDFM:463003,116,0.099031894948376,0.0
1202,6,IDFM:463026,IDFM:463025,129,0.07665964491182492,0.0
1203,1,IDFM:463026,IDFM:463216,64,0.6032097433592167,2.714443845116475
1204,1,IDFM:463031,IDFM:22374,108,0.9268160516195156,4.170672232287821
1205,1,IDFM:463031,IDFM:463179,114,1.7240932230654455,7.758419503794505
1206,1,IDFM:463032,IDFM:22007,115,1.0240239709986505,4.608107869493927
1207,6,IDFM:463032,IDFM:22107,127,0.13454850436941715,0.0
1208,6,IDFM:463032,IDFM:22368,184,0.13694271371286135,0.0
1209,1,IDFM:463032,IDFM:463095,53,0.3726468414234134,1.6769107864053605
1210,1,IDFM:463033,IDFM:22367,74,0.4064120082090737,1.828854036940832
1211,1,IDFM:463033,IDFM:22368,68,0.5466063136912961,2.459728411610832
1212,6,IDFM:463033,IDFM:24681,79,0.03892571164671293,0.0
1213,1,IDFM:463035,IDFM:21940,66,0.5237811692497296,2.357015261623783
1214,1,IDFM:463035,IDFM:463233,69,0.6851147512059362,3.083016380426713
1215,1,IDFM:463036,IDFM:21932,52,0.3968493464485604,1.785822059018522
1216,6,IDFM:463036,IDFM:22196,180,0.06520731367545485,0.0
1217,1,IDFM:463036,IDFM:463049,56,0.3958010915626548,1.7811049120319469
1218,1,IDFM:463038,IDFM:463238,78,0.6967083426747933,3.13518754203657
1219,1,IDFM:463038,IDFM:463290,51,0.3943988566749737,1.7747948550373818
1220,1,IDFM:463041,IDFM:22079,57,0.580323050365577,2.611453726645096
1221,1,IDFM:463041,IDFM:22085,49,0.4217599708819688,1.89791986896886
1222,6,IDFM:463042,IDFM:22086,208,0.1954006216915934,0.0
1223,6,IDFM:463042,IDFM:463043,180,0.17445058926663837,0.0
1224,1,IDFM:463042,IDFM:463102,374,0.3330694465883088,0.7611582821055722
1225,6,IDFM:463042,IDFM:monomodalStopPlace:58759,240,0.059287422453546,0.0
1226,6,IDFM:463043,IDFM:22086,98,0.023047342165224676,0.0
1227,1,IDFM:463043,IDFM:22108,56,0.4550237438660012,2.047606847397005
1228,1,IDFM:463043,IDFM:22109,94,1.0606974324913996,4.7731384462112985
1229,1,IDFM:463043,IDFM:22111,176,1.5704341298919935,7.06695358451397
1230,1,IDFM:463043,IDFM:22115,331,2.9155013544602606,13.119756095071171
1231,6,IDFM:463043,IDFM:463042,206,0.17445058926663837,0.0
1232,6,IDFM:463043,IDFM:monomodalStopPlace:58759,240,0.11537780620186044,0.0
1233,1,IDFM:463044,IDFM:22100,80,1.082082326264443,4.869370468189993
1234,1,IDFM:463044,IDFM:22101,160,2.210329516357972,9.946482823610877
1235,1,IDFM:463044,IDFM:463170,80,0.9912588175765824,4.460664679094621
1236,1,IDFM:463044,IDFM:463257,166,2.0266794258200767,9.120057416190344
1237,1,IDFM:463045,IDFM:463112,67,0.8823994844389301,3.9707976799751856
1238,1,IDFM:463045,IDFM:490848,97,1.0131053778136774,4.558974200161548
1239,1,IDFM:463047,IDFM:463142,97,1.113966439156448,5.012848976204015
1240,1,IDFM:463047,IDFM:463225,84,1.2904117923541625,5.806853065593732
1241,1,IDFM:463049,IDFM:21933,52,0.4580380545034059,2.0611712452653266
1242,1,IDFM:463049,IDFM:463036,54,0.3968851110802721,1.7859829998612244
1243,6,IDFM:463049,IDFM:463058,180,0.0309726857542261,0.0
1244,1,IDFM:463049,IDFM:463188,142,1.337154878038805,6.017196951174622
1245,1,IDFM:463049,IDFM:463264,102,0.9269607049513084,4.171323172280888
1246,1,IDFM:463050,IDFM:22208,378,0.34032427104054563,0.7644171041518156
1247,6,IDFM:463050,IDFM:24135,271,0.09278598206117,0.0
1248,1,IDFM:463050,IDFM:463226,69,0.3956440248451554,1.780398111803199
1249,6,IDFM:463051,IDFM:22295,480,0.44986053585188746,0.0
1250,6,IDFM:463051,IDFM:24108,243,0.102656350864872,0.0
1251,1,IDFM:463051,IDFM:463211,63,0.4059103162015305,1.826596422906888
1252,1,IDFM:463053,IDFM:21913,97,1.0673853284662635,4.803233978098186
1253,1,IDFM:463053,IDFM:463176,84,1.12360257336537,5.056211580144165
1254,6,IDFM:463054,IDFM:21905,110,0.042417890260614946,0.0
1255,6,IDFM:463054,IDFM:22200,300,0.25715603614445853,0.0
1256,1,IDFM:463054,IDFM:462942,282,3.097654559036286,13.939445515663287
1257,1,IDFM:463054,IDFM:462963,61,0.534209640221634,2.4039433809973527
1258,1,IDFM:463054,IDFM:463264,142,1.3483933148998883,6.067769917049498
1259,1,IDFM:463054,IDFM:463299,69,0.6454249698435057,2.9044123642957755
1260,1,IDFM:463055,IDFM:21929,100,0.825383439290239,3.714225476806076
1261,1,IDFM:463055,IDFM:463318,65,0.7612857772517303,3.4257859976327865
1262,1,IDFM:463057,IDFM:22213,110,1.4680730051721531,6.60632852327469
1263,1,IDFM:463058,IDFM:22196,55,0.3766662509228606,1.6949981291528728
1264,1,IDFM:463058,IDFM:22198,49,0.4921682417388596,2.2147570878248684
1265,6,IDFM:463058,IDFM:463049,180,0.030972685754226098,0.0
1266,1,IDFM:463061,IDFM:21966,353,0.3065955882426835,0.6805000017933814
1267,1,IDFM:463061,IDFM:21992,47,0.4846490396748678,2.180920678536905
1268,6,IDFM:463061,IDFM:22087,370,0.32801901077603285,0.0
1269,6,IDFM:463061,IDFM:22364,336,0.2952103149559687,0.0
1270,6,IDFM:463061,IDFM:463080,192,0.13671942469241094,0.0
1271,6,IDFM:463063,IDFM:21965,180,0.09382630970853009,0.0
1272,6,IDFM:463063,IDFM:463064,180,0.12626793124876096,0.0
1273,1,IDFM:463063,IDFM:463151,63,0.5215246389834945,2.3468608754257256
1274,1,IDFM:463063,IDFM:463244,54,0.53043668406177,2.386965078277965
1275,1,IDFM:463064,IDFM:21962,68,0.6532923757691974,2.9398156909613884
1276,6,IDFM:463064,IDFM:21965,180,0.0933744786159104,0.0
1277,6,IDFM:463064,IDFM:463063,180,0.12626793124876096,0.0
1278,1,IDFM:463064,IDFM:463284,67,0.961584988403647,4.327132447816411
1279,1,IDFM:463066,IDFM:462970,89,0.6420388273236309,2.88917472295634
1280,1,IDFM:463066,IDFM:463253,69,0.5193093323797051,2.336891995708673
1281,6,IDFM:463066,IDFM:471341,381,0.28970914563762573,0.0
1282,6,IDFM:463066,IDFM:monomodalStopPlace:58566,342,0.3089535594278619,0.0
1283,6,IDFM:463067,IDFM:22073,300,0.07194592106547505,0.0
1284,6,IDFM:463067,IDFM:22080,89,0.1172514192286666,0.0
1285,6,IDFM:463067,IDFM:462942,200,0.06181880302027943,0.0
1286,1,IDFM:463067,IDFM:463125,91,0.4554102311509151,2.049346040179118
1287,1,IDFM:463067,IDFM:463285,249,1.919865752666076,8.639395886997342
1288,6,IDFM:463067,IDFM:monomodalStopPlace:473875,219,0.0294240347476266,0.0
1289,1,IDFM:463069,IDFM:22027,74,0.6255384255066608,2.8149229147799737
1290,1,IDFM:463069,IDFM:462971,62,0.5216265787598481,2.3473196044193165
1291,6,IDFM:463069,IDFM:471341,326,0.2767095248147145,0.0
1292,6,IDFM:463069,IDFM:monomodalStopPlace:58566,277,0.24791971964051573,0.0
1293,1,IDFM:463075,IDFM:463128,61,0.864562278960961,3.890530255324325
1294,1,IDFM:463075,IDFM:463169,61,0.5545398558422331,2.4954293512900487
1295,1,IDFM:463076,IDFM:21972,65,0.642804506439331,2.892620278976989
1296,1,IDFM:463076,IDFM:463124,63,0.7964887981333485,3.5841995916000684
1297,1,IDFM:463077,IDFM:21967,113,0.9407336698060508,4.233301514127229
1298,6,IDFM:463077,IDFM:22386,85,0.0376518972510426,0.0
1299,1,IDFM:463077,IDFM:463141,343,0.30912152082286704,0.694881665180684
1300,1,IDFM:463080,IDFM:22074,65,0.710731171214974,3.198290270467383
1301,1,IDFM:463080,IDFM:22087,56,0.462435104253007,2.080957969138532
1302,6,IDFM:463080,IDFM:463061,194,0.13671942469241094,0.0
1303,6,IDFM:463083,IDFM:21970,161,0.14366038965273334,0.0
1304,1,IDFM:463083,IDFM:462954,75,0.8395364077894619,3.7779138350525785
1305,1,IDFM:463083,IDFM:463303,54,0.5393522764917585,2.4270852442129134
1306,1,IDFM:463087,IDFM:22236,68,0.7026218254213469,3.161798214396061
1307,6,IDFM:463087,IDFM:2336,220,0.09518056728890333,0.0
1308,1,IDFM:463088,IDFM:22115,108,0.8913130403339484,4.010908681502768
1309,1,IDFM:463088,IDFM:22125,55,0.5218686699533452,2.348409014790054
1310,6,IDFM:463088,IDFM:463089,131,0.09186979614026085,0.0
1311,6,IDFM:463088,IDFM:463116,311,0.2757976826392072,0.0
1312,1,IDFM:463088,IDFM:463120,66,0.5065582740036537,2.2795122330164417
1313,6,IDFM:463089,IDFM:463088,129,0.09186979614026085,0.0
1314,1,IDFM:463089,IDFM:463116,355,0.31920128825629024,0.7182000287277346
1315,1,IDFM:463089,IDFM:463304,64,0.4683315200131029,2.1074918400589637
1316,1,IDFM:463090,IDFM:22024,55,0.3830818587138289,1.72386836421223
1317,1,IDFM:463090,IDFM:462986,57,0.6064356082269419,2.7289602370212385
1318,1,IDFM:463091,IDFM:21994,53,0.4067177212623883,1.830229745680748
1319,6,IDFM:463091,IDFM:22142,137,0.05255660915681332,0.0
1320,1,IDFM:463091,IDFM:462986,58,0.397884379776208,1.7904797089929363
1321,1,IDFM:463092,IDFM:22151,137,1.4533158179346242,6.539921180705809
1322,6,IDFM:463092,IDFM:24118,218,0.0665433092827877,0.0
1323,1,IDFM:463092,IDFM:463118,74,0.6225402097869984,2.801430944041493
1324,1,IDFM:463092,IDFM:463222,80,0.8076882197021692,3.634596988659761
1325,6,IDFM:463093,IDFM:22127,130,0.09170161471402224,0.0
1326,1,IDFM:463093,IDFM:22141,172,1.8554134526441928,8.349360536898866
1327,1,IDFM:463093,IDFM:22152,41,0.4882586438312412,2.197163897240585
1328,1,IDFM:463093,IDFM:463183,86,0.7797616454034415,3.5089274043154868
1329,6,IDFM:463095,IDFM:22368,304,0.2636832901071698,0.0
1330,6,IDFM:463095,IDFM:24680,174,0.1234648413806328,0.0
1331,6,IDFM:463095,IDFM:462981,247,0.21366192450971958,0.0
1332,1,IDFM:463095,IDFM:462999,60,0.7210521082535123,3.2447344871408053
1333,1,IDFM:463095,IDFM:463032,50,0.3640267545559271,1.638120395501672
1334,1,IDFM:463102,IDFM:22164,97,1.1283206138975388,5.077442762538925
1335,1,IDFM:463102,IDFM:463042,374,0.3292513731945058,0.743976951833459
1336,1,IDFM:463102,IDFM:463114,52,0.6486799513703403,2.9190597811665318
1337,1,IDFM:463107,IDFM:22385,114,1.55230705900256,6.98538176551152
1338,1,IDFM:463107,IDFM:463323,69,0.7694822019942318,3.462669908974043
1339,1,IDFM:463108,IDFM:21937,74,0.7779351063328683,3.5007079784979074
1340,1,IDFM:463108,IDFM:21992,58,0.6020092909350153,2.709041809207569
1341,6,IDFM:463108,IDFM:21994,144,0.0339328045245946,0.0
1342,6,IDFM:463108,IDFM:22142,377,0.34082671509266405,0.0
1343,1,IDFM:463110,IDFM:21996,51,0.5587669106028856,2.514451097712985
1344,6,IDFM:463110,IDFM:463111,145,0.0434152940035213,0.0
1345,1,IDFM:463110,IDFM:463287,69,0.7258457957979305,3.266306081090687
1346,1,IDFM:463111,IDFM:22119,237,2.078726676581518,9.35427004461683
1347,1,IDFM:463111,IDFM:462983,59,0.496949439332895,2.236272476998028
1348,1,IDFM:463111,IDFM:462984,66,0.8661557400886054,3.897700830398725
1349,6,IDFM:463111,IDFM:463110,139,0.0434152940035213,0.0
1350,1,IDFM:463111,IDFM:463285,186,1.5547467133671915,6.996360210152362
1351,1,IDFM:463112,IDFM:463045,69,0.8806509425432868,3.962929241444791
1352,1,IDFM:463112,IDFM:463165,70,0.9568094222083678,4.305642399937655
1353,6,IDFM:463112,IDFM:monomodalStopPlace:45301,240,0.1769623444998201,0.0
1354,1,IDFM:463114,IDFM:22164,50,0.4799310711338513,2.159689820102331
1355,1,IDFM:463114,IDFM:463102,48,0.6332510801233271,2.849629860554972
1356,1,IDFM:463116,IDFM:22055,63,0.6777515947940593,3.049882176573267
1357,6,IDFM:463116,IDFM:463088,311,0.2757976826392072,0.0
1358,1,IDFM:463116,IDFM:463089,355,0.3192012868529888,0.7182000224128782
1359,1,IDFM:463118,IDFM:463092,55,0.6264921434256864,2.8192146454155886
1360,1,IDFM:463118,IDFM:463242,45,0.4662494638353574,2.0981225872591085
1361,1,IDFM:463119,IDFM:22035,77,0.7530049992787331,3.388522496754299
1362,1,IDFM:463119,IDFM:463210,57,0.5551861023440976,2.498337460548439
1363,1,IDFM:463120,IDFM:22127,63,0.5548365684653256,2.496764558093965
1364,1,IDFM:463120,IDFM:463088,61,0.5017524940621575,2.257886223279709
1365,1,IDFM:463121,IDFM:22086,52,0.4868306990896962,2.190738145903633
1366,1,IDFM:463121,IDFM:463257,69,0.7173049242329393,3.227872159048227
1367,1,IDFM:463124,IDFM:21969,62,0.4496871984722598,2.023592393125169
1368,6,IDFM:463124,IDFM:22190,364,0.3232220024594116,0.0
1369,1,IDFM:463124,IDFM:463076,62,0.7927872478451025,3.567542615302961
1370,1,IDFM:463125,IDFM:22122,57,0.6564308834452945,2.953938975503825
1371,6,IDFM:463125,IDFM:25084,290,0.25664640815601975,0.0
1372,1,IDFM:463125,IDFM:463067,110,0.4427789073320164,1.992505082994074
1373,6,IDFM:463128,IDFM:21957,180,0.02980911240661345,0.0
1374,1,IDFM:463128,IDFM:22073,317,1.6913510985824407,7.611079943620983
1375,1,IDFM:463128,IDFM:463003,214,2.295675066031109,10.330537797139993
1376,1,IDFM:463128,IDFM:463075,68,0.8674772748353322,3.903647736758995
1377,1,IDFM:463128,IDFM:463288,72,0.6908019571392122,3.108608807126455
1378,6,IDFM:463128,IDFM:monomodalStopPlace:479035,240,0.44800364896956174,0.0
1379,1,IDFM:463135,IDFM:463163,50,0.3929292435892937,1.768181596151822
1380,1,IDFM:463135,IDFM:463211,54,0.5693712767534207,2.562170745390393
1381,6,IDFM:463141,IDFM:22386,339,0.3068501566700218,0.0
1382,1,IDFM:463141,IDFM:463077,343,0.3096919711968821,0.6974486918637517
1383,1,IDFM:463141,IDFM:463237,57,0.5153180621309923,2.318931279589465
1384,1,IDFM:463142,IDFM:22209,75,0.8599365720645751,3.869714574290588
1385,1,IDFM:463142,IDFM:463047,101,1.0952357950265112,4.9285610776193005
1386,6,IDFM:463151,IDFM:22085,180,0.22346108691757266,0.0
1387,1,IDFM:463151,IDFM:22193,87,0.9297272721634946,4.183772724735726
1388,1,IDFM:463151,IDFM:463063,61,0.5143067662777302,2.314380448249786
1389,6,IDFM:463151,IDFM:463164,180,0.10775256475725264,0.0
1390,1,IDFM:463153,IDFM:463219,80,0.5542512445442196,2.494130600448988
1391,1,IDFM:463153,IDFM:463261,94,1.042670507768268,4.692017284957205
1392,1,IDFM:463155,IDFM:22371,53,0.4440190302455989,1.998085636105195
1393,1,IDFM:463155,IDFM:22389,62,0.6621961761397631,2.979882792628934
1394,1,IDFM:463156,IDFM:24685,67,0.6891481393998022,3.10116662729911
1395,1,IDFM:463156,IDFM:24686,57,0.6253858382717842,2.8142362722230287
1396,6,IDFM:463158,IDFM:21966,400,0.26763997876296425,0.0
1397,6,IDFM:463158,IDFM:22087,141,0.17235881294900451,0.0
1398,6,IDFM:463158,IDFM:22364,271,0.37513630167894224,0.0
1399,6,IDFM:463158,IDFM:463159,180,0.03584098129582587,0.0
1400,1,IDFM:463158,IDFM:463161,58,0.6065476548098502,2.7294644466443256
1401,1,IDFM:463158,IDFM:463208,48,0.3605935056201347,1.6226707752906062
1402,1,IDFM:463158,IDFM:463306,99,0.8089782906719161,3.6404023080236234
1403,6,IDFM:463158,IDFM:monomodalStopPlace:44877,780,0.8647519970093525,0.0
1404,6,IDFM:463158,IDFM:monomodalStopPlace:45102,296,0.2640379728871348,0.0
1405,1,IDFM:463159,IDFM:21958,177,2.94882724221292,13.26972258995814
1406,6,IDFM:463159,IDFM:21966,420,0.2620583621050071,0.0
1407,6,IDFM:463159,IDFM:22087,180,0.17781813178564834,0.0
1408,6,IDFM:463159,IDFM:22364,360,0.36795655920411413,0.0
1409,6,IDFM:463159,IDFM:463158,180,0.03584098129582587,0.0
1410,1,IDFM:463159,IDFM:463284,84,1.2660353106945494,5.697158898125473
1411,6,IDFM:463159,IDFM:monomodalStopPlace:44877,780,0.8408492145642009,0.0
1412,6,IDFM:463159,IDFM:monomodalStopPlace:45102,240,0.2875090808250761,0.0
1413,1,IDFM:463161,IDFM:463158,60,0.6152074698754806,2.768433614439662
1414,1,IDFM:463161,IDFM:463306,448,0.32601698064229956,0.7302583580066966
1415,1,IDFM:463163,IDFM:22190,327,0.2948421891397065,0.6656297446310795
1416,1,IDFM:463163,IDFM:463135,50,0.3925116210554928,1.766302294749718
1417,1,IDFM:463164,IDFM:21965,72,0.5239386054434922,2.357723724495715
1418,1,IDFM:463164,IDFM:22060,80,0.6858605548729639,3.086372496928337
1419,6,IDFM:463164,IDFM:22085,166,0.12111299723211025,0.0
1420,6,IDFM:463164,IDFM:463151,180,0.10775256475725264,0.0
1421,1,IDFM:463165,IDFM:21957,80,1.0738627878074385,4.8323825451334725
1422,1,IDFM:463165,IDFM:463112,70,0.9472158664662174,4.262471399097978
1423,1,IDFM:463166,IDFM:463015,83,0.8940426062481303,4.023191728116586
1424,1,IDFM:463166,IDFM:463167,72,0.8616909304055499,3.877609186824975
1425,1,IDFM:463167,IDFM:22213,114,1.4947857136119809,6.726535711253914
1426,1,IDFM:463167,IDFM:463166,77,0.8581386510843292,3.861623929879481
1427,1,IDFM:463169,IDFM:22177,56,0.4718818576218089,2.12346835929814
1428,6,IDFM:463169,IDFM:22184,180,0.0542728385990366,0.0
1429,1,IDFM:463169,IDFM:463075,50,0.5546691283090157,2.4960110773905706
1430,1,IDFM:463170,IDFM:22101,80,1.219076167616339,5.485842754273526
1431,1,IDFM:463170,IDFM:463044,75,0.9928018798425032,4.467608459291264
1432,6,IDFM:463173,IDFM:21970,366,0.31763127065552926,0.0
1433,1,IDFM:463173,IDFM:22038,56,0.5411687224305837,2.4352592509376265
1434,1,IDFM:463173,IDFM:22039,62,0.4581333119001891,2.061599903550851
1435,1,IDFM:463176,IDFM:463053,82,1.12320952130079,5.054442845853555
1436,1,IDFM:463176,IDFM:463221,86,0.7427025698100225,3.342161564145101
1437,1,IDFM:463178,IDFM:463002,93,1.1518167552367302,5.183175398565286
1438,1,IDFM:463178,IDFM:463017,76,0.8667979229479148,3.900590653265617
1439,1,IDFM:463179,IDFM:22395,103,0.8709599440242658,3.919319748109196
1440,1,IDFM:463179,IDFM:463031,116,1.724718169652223,7.761231763435002
1441,6,IDFM:463183,IDFM:22007,184,0.045294592932287124,0.0
1442,6,IDFM:463183,IDFM:22119,600,0.6946651691180776,0.0
1443,1,IDFM:463183,IDFM:463022,71,0.4214802362143062,1.8966610629643776
1444,1,IDFM:463183,IDFM:463093,75,0.7701242258331993,3.4655590162493968
1445,6,IDFM:463183,IDFM:471604,299,0.25888521748375687,0.0
1446,6,IDFM:463183,IDFM:monomodalStopPlace:462394,203,0.3524823197653114,0.0
1447,6,IDFM:463183,IDFM:monomodalStopPlace:470519,356,0.32118366530824904,0.0
1448,6,IDFM:463183,IDFM:monomodalStopPlace:58572,240,0.22727936459826895,0.0
1449,1,IDFM:463184,IDFM:462954,75,0.4445379295875481,2.0004206831439664
1450,1,IDFM:463184,IDFM:463229,75,0.7229288290928161,3.2531797309176724
1451,6,IDFM:463188,IDFM:21906,90,0.0290871005122071,0.0
1452,1,IDFM:463188,IDFM:21932,56,0.5427428714414522,2.442342921486534
1453,6,IDFM:463188,IDFM:21964,287,0.247427339579196,0.0
1454,6,IDFM:463188,IDFM:462970,368,0.32654172757596905,0.0
1455,6,IDFM:463188,IDFM:462971,347,0.30927022842602436,0.0
1456,1,IDFM:463188,IDFM:463049,145,1.3364436080206692,6.013996236093012
1457,1,IDFM:463188,IDFM:463300,59,0.5700268136061297,2.565120661227584
1458,6,IDFM:463188,IDFM:monomodalStopPlace:45873,271,0.24197697766113546,0.0
1459,6,IDFM:463188,IDFM:monomodalStopPlace:58718,420,0.1841511747756457,0.0
1460,1,IDFM:463190,IDFM:21935,67,0.6055174135768161,2.7248283610956725
1461,1,IDFM:463190,IDFM:463318,67,0.6303463131714399,2.8365584092714795
1462,1,IDFM:463191,IDFM:21903,65,0.4556481715525137,2.050416771986312
1463,1,IDFM:463191,IDFM:463021,83,0.7487035626997943,3.3691660321490744
1464,6,IDFM:463194,IDFM:21969,143,0.11229341601392283,0.0
1465,1,IDFM:463194,IDFM:22171,46,0.4926534362541684,2.2169404631437577
1466,1,IDFM:463194,IDFM:22176,45,0.3695814595629842,1.6631165680334292
1467,1,IDFM:463194,IDFM:463005,100,1.0401647797488065,4.680741508869629
1468,6,IDFM:463194,IDFM:463201,180,0.11308004816381723,0.0
1469,6,IDFM:463201,IDFM:21969,180,0.0151942440453165,0.0
1470,1,IDFM:463201,IDFM:22190,79,0.7599062595199167,3.4195781678396253
1471,1,IDFM:463201,IDFM:22191,83,0.9424902322969436,4.241206045336246
1472,6,IDFM:463201,IDFM:463194,180,0.11308004816381723,0.0
1473,1,IDFM:463204,IDFM:22191,54,0.4994873355379036,2.2476930099205665
1474,1,IDFM:463204,IDFM:22193,66,0.5271958377740512,2.3723812699832303
1475,1,IDFM:463206,IDFM:22388,58,0.5896266615473388,2.6533199769630245
1476,1,IDFM:463206,IDFM:22390,57,0.3838651483439012,1.7273931675475556
1477,1,IDFM:463208,IDFM:22134,128,1.1505179905483724,5.177330957467676
1478,1,IDFM:463208,IDFM:22147,323,0.2862523803659983,0.6400061416011334
1479,1,IDFM:463208,IDFM:463158,50,0.3702988628512282,1.6663448828305272
1480,6,IDFM:463208,IDFM:monomodalStopPlace:45102,180,0.12483360901146734,0.0
1481,1,IDFM:463210,IDFM:463119,59,0.5447541668066763,2.4513937506300434
1482,1,IDFM:463210,IDFM:463258,67,0.4919142354807555,2.2136140596634
1483,1,IDFM:463211,IDFM:463051,66,0.4109839460269584,1.849427757121313
1484,1,IDFM:463211,IDFM:463135,51,0.5653039773550859,2.5438678980978864
1485,1,IDFM:463216,IDFM:22391,70,0.5594804735441454,2.517662130948654
1486,1,IDFM:463216,IDFM:463026,64,0.6013231815566997,2.7059543170051485
1487,1,IDFM:463219,IDFM:463153,70,0.5675510662961327,2.5539797983325974
1488,1,IDFM:463221,IDFM:21913,275,2.8174818064435034,12.678668128995763
1489,1,IDFM:463221,IDFM:463176,79,0.7252112826994866,3.26345077214769
1490,1,IDFM:463222,IDFM:463092,79,0.8090918534301362,3.640913340435613
1491,1,IDFM:463222,IDFM:483277,97,1.1231618979823113,5.0542285409204
1492,1,IDFM:463222,IDFM:483423,90,1.9162630137791403,8.623183562006133
1493,1,IDFM:463225,IDFM:463015,99,1.1856836840024614,5.335576578011076
1494,1,IDFM:463225,IDFM:463047,84,1.293663590237793,5.821486156070069
1495,1,IDFM:463226,IDFM:22184,64,0.6611591262645807,2.975216068190613
1496,1,IDFM:463226,IDFM:463050,68,0.382666599332678,1.721999696997051
1497,1,IDFM:463229,IDFM:22223,58,0.4358637981971736,1.961387091887281
1498,1,IDFM:463229,IDFM:463184,71,0.7376882562985796,3.319597153343608
1499,1,IDFM:463230,IDFM:22122,53,0.4207857937135036,1.8935360717107663
1500,1,IDFM:463230,IDFM:463285,65,0.6014612863069699,2.7065757883813646
1501,1,IDFM:463231,IDFM:22364,77,0.8942223929157271,4.024000768120772
1502,1,IDFM:463231,IDFM:463265,61,0.4656290221089499,2.095330599490275
1503,1,IDFM:463232,IDFM:22364,69,0.5749435128000951,2.587245807600428
1504,1,IDFM:463232,IDFM:463249,90,0.6683617818888051,3.007628018499623
1505,6,IDFM:463233,IDFM:23444,480,0.44771854281166745,0.0
1506,1,IDFM:463233,IDFM:463035,74,0.6841945394215988,3.0788754273971946
1507,1,IDFM:463233,IDFM:463259,233,2.4707260237924267,11.11826710706592
1508,1,IDFM:463235,IDFM:22373,54,0.4581942782707232,2.0618742522182543
1509,1,IDFM:463235,IDFM:22385,59,0.4002888902705302,1.801300006217386
1510,6,IDFM:463235,IDFM:24117,208,0.050713911878825776,0.0
1511,6,IDFM:463235,IDFM:490848,312,0.2760533525196259,0.0
1512,1,IDFM:463236,IDFM:462973,83,0.8318524263872469,3.743335918742611
1513,1,IDFM:463236,IDFM:463281,84,0.8708970902704644,3.9190369062170896
1514,1,IDFM:463237,IDFM:21983,336,0.2988195448389378,0.6838958358315743
1515,1,IDFM:463237,IDFM:463141,63,0.5084588560190098,2.288064852085544
1516,6,IDFM:463238,IDFM:21907,87,0.0377587569548324,0.0
1517,1,IDFM:463238,IDFM:21923,50,0.4066504785060437,1.8299271532771968
1518,1,IDFM:463238,IDFM:463038,74,0.7098702149420677,3.194415967239305
1519,6,IDFM:463240,IDFM:22031,321,0.2855669176168979,0.0
1520,1,IDFM:463240,IDFM:22121,49,0.5408700022133043,2.433915009959869
1521,1,IDFM:463240,IDFM:462988,62,0.5401701774210934,2.4307657983949205
1522,1,IDFM:463242,IDFM:22151,36,0.3805420109074864,1.7124390490836892
1523,1,IDFM:463242,IDFM:463118,45,0.4658346542607225,2.096255944173252
1524,1,IDFM:463243,IDFM:462983,58,0.4467603083427957,2.0104213875425807
1525,1,IDFM:463243,IDFM:463285,65,0.6129603483917523,2.758321567762885
1526,6,IDFM:463244,IDFM:21932,367,0.32391313316917947,0.0
1527,6,IDFM:463244,IDFM:22030,180,0.13811931599738136,0.0
1528,1,IDFM:463244,IDFM:22196,60,0.548463132504927,2.4680840962721717
1529,6,IDFM:463244,IDFM:22388,381,0.3446728451508114,0.0
1530,1,IDFM:463244,IDFM:463063,50,0.5313162179475724,2.390922980764076
1531,6,IDFM:463244,IDFM:463245,180,0.052485486364321196,0.0
1532,6,IDFM:463244,IDFM:monomodalStopPlace:45873,240,0.3014440565778606,0.0
1533,6,IDFM:463245,IDFM:21932,374,0.3383530742957033,0.0
1534,6,IDFM:463245,IDFM:22024,372,0.3309769880332404,0.0
1535,6,IDFM:463245,IDFM:22030,125,0.1903537993117245,0.0
1536,1,IDFM:463245,IDFM:22375,63,0.5928326028348657,2.667746712756896
1537,1,IDFM:463245,IDFM:22388,63,0.3722270467272393,1.6750217102725768
1538,6,IDFM:463245,IDFM:463244,180,0.052485486364321196,0.0
1539,6,IDFM:463245,IDFM:monomodalStopPlace:45873,300,0.3535552101924194,0.0
1540,6,IDFM:463249,IDFM:22079,109,0.1480157084871075,0.0
1541,6,IDFM:463249,IDFM:22081,373,0.3354450825030437,0.0
1542,1,IDFM:463249,IDFM:22375,59,0.4572672470279973,2.057702611625988
1543,1,IDFM:463249,IDFM:463232,87,0.6698845166173554,3.0144803247781
1544,1,IDFM:463250,IDFM:21902,77,0.9089890829656948,4.090450873345628
1545,1,IDFM:463250,IDFM:463297,57,0.5065366533291424,2.279414939981141
1546,1,IDFM:463251,IDFM:22372,87,0.9756764760967108,4.390544142435199
1547,1,IDFM:463251,IDFM:22396,107,0.7918803819814592,3.563461718916566
1548,6,IDFM:463253,IDFM:22115,152,0.08356099042783602,0.0
1549,1,IDFM:463253,IDFM:463066,64,0.3972201454881349,1.787490654696607
1550,1,IDFM:463253,IDFM:478395,45,0.4883093258363734,2.1973919662636803
1551,1,IDFM:463255,IDFM:22390,47,0.3931681407985538,1.769256633593492
1552,1,IDFM:463255,IDFM:463001,93,0.7911506111285229,3.560177750078353
1553,1,IDFM:463257,IDFM:22086,129,1.182286396923498,5.320288786155741
1554,1,IDFM:463257,IDFM:22100,86,0.949192502864722,4.27136626289125
1555,1,IDFM:463257,IDFM:463044,163,2.028724009470456,9.129258042617051
1556,1,IDFM:463257,IDFM:463121,77,0.7203690674108634,3.241660803348885
1557,6,IDFM:463257,IDFM:490892,120,0.12248656216359616,0.0
1558,6,IDFM:463257,IDFM:monomodalStopPlace:415093,240,0.1665536706030203,0.0
1559,1,IDFM:463258,IDFM:22021,64,0.4796807193962258,2.1585632372830164
1560,1,IDFM:463258,IDFM:463210,68,0.4675140630468931,2.1038132837110197
1561,6,IDFM:463258,IDFM:490890,120,0.044182159490616026,0.0
1562,1,IDFM:463259,IDFM:21929,285,2.947346028490752,13.263057128208384
1563,1,IDFM:463259,IDFM:21940,106,1.2426341377295982,5.591853619783192
1564,1,IDFM:463259,IDFM:462956,82,0.6348623168546141,2.8568804258457634
1565,1,IDFM:463259,IDFM:463233,218,2.4553801029391664,11.049210463226247
1566,6,IDFM:463261,IDFM:24111,213,0.03934766427725025,0.0
1567,6,IDFM:463261,IDFM:24116,374,0.3380775795299418,0.0
1568,6,IDFM:463261,IDFM:25633,220,0.09594971240614697,0.0
1569,1,IDFM:463261,IDFM:462949,88,0.9276899420298304,4.174604739134237
1570,1,IDFM:463261,IDFM:463153,85,1.037888036461106,4.670496164074978
1571,6,IDFM:463263,IDFM:21947,156,0.08995512106047496,0.0
1572,1,IDFM:463263,IDFM:21993,79,0.6978707660470266,3.14041844721162
1573,1,IDFM:463263,IDFM:21999,76,0.882798780860355,3.9725945138715977
1574,6,IDFM:463263,IDFM:24415,216,0.07821831397007076,0.0
1575,1,IDFM:463264,IDFM:21933,51,0.4712933196959036,2.1208199386315663
1576,6,IDFM:463264,IDFM:22134,144,0.061286694355165754,0.0
1577,1,IDFM:463264,IDFM:462963,79,0.8284241439388774,3.727908647724949
1578,1,IDFM:463264,IDFM:463049,92,0.9296960991975912,4.183632446389161
1579,1,IDFM:463264,IDFM:463054,133,1.3468630193426527,6.060883587041937
1580,6,IDFM:463264,IDFM:463312,180,0.010540249910760226,0.0
1581,1,IDFM:463265,IDFM:22386,90,0.8900142009460568,4.005063904257256
1582,1,IDFM:463265,IDFM:463231,58,0.4712351790271258,2.1205583056220663
1583,1,IDFM:463281,IDFM:24679,129,1.3058335761860895,5.8762510928374025
1584,6,IDFM:463281,IDFM:412987,241,0.1410306706600499,0.0
1585,1,IDFM:463281,IDFM:463236,81,0.8755228478627287,3.939852815382279
1586,6,IDFM:463284,IDFM:22375,180,0.029851726639938903,0.0
1587,1,IDFM:463284,IDFM:463064,67,0.9677048117247148,4.354671652761216
1588,1,IDFM:463284,IDFM:463159,84,1.2639241932006675,5.687658869403005
1589,6,IDFM:463285,IDFM:22020,103,0.13931488149617474,0.0
1590,1,IDFM:463285,IDFM:463067,256,1.922590862009971,8.65165887904487
1591,1,IDFM:463285,IDFM:463111,161,1.5535737466815898,6.991081860067154
1592,1,IDFM:463285,IDFM:463230,67,0.6092222747033444,2.74150023616505
1593,1,IDFM:463285,IDFM:463243,63,0.6143866377302178,2.76473986978598
1594,1,IDFM:463287,IDFM:21995,45,0.4161624926277492,1.8727312168248715
1595,1,IDFM:463287,IDFM:463110,67,0.7536662456262185,3.391498105317984
1596,1,IDFM:463288,IDFM:22174,46,0.4778877199253434,2.1504947396640457
1597,1,IDFM:463288,IDFM:463128,48,0.6905096265730716,3.107293319578822
1598,1,IDFM:463289,IDFM:463018,88,0.9033870254697998,4.065241614614099
1599,1,IDFM:463289,IDFM:463023,83,0.5168581670371621,2.325861751667229
1600,1,IDFM:463290,IDFM:21929,52,0.4937415254172764,2.221836864377744
1601,1,IDFM:463290,IDFM:463038,54,0.427630617926508,1.924337780669286
1602,1,IDFM:463291,IDFM:22135,64,0.4276207024513342,1.924293161031004
1603,1,IDFM:463291,IDFM:22151,56,0.6786145469643112,3.0537654613394007
1604,6,IDFM:463291,IDFM:22155,90,0.018642078883208475,0.0
1605,1,IDFM:463297,IDFM:22020,69,0.4989566158995343,2.245304771547904
1606,1,IDFM:463297,IDFM:463250,54,0.505438778597986,2.274474503690937
1607,1,IDFM:463298,IDFM:21934,61,0.5098176127663471,2.2941792574485618
1608,1,IDFM:463298,IDFM:462942,67,0.7157925909776628,3.2210666593994826
1609,1,IDFM:463299,IDFM:21916,67,0.7058782780148565,3.1764522510668542
1610,6,IDFM:463299,IDFM:22002,304,0.2660631455333394,0.0
1611,1,IDFM:463299,IDFM:463054,69,0.651101559012558,2.9299570155565107
1612,1,IDFM:463300,IDFM:21924,71,0.5484261480845222,2.46791766638035
1613,1,IDFM:463300,IDFM:21931,166,1.2301454667226206,5.535654600251792
1614,6,IDFM:463300,IDFM:21962,140,0.28939936892944745,0.0
1615,6,IDFM:463300,IDFM:21964,480,0.5578619235121058,0.0
1616,6,IDFM:463300,IDFM:462970,480,0.31700091927326474,0.0
1617,6,IDFM:463300,IDFM:462971,480,0.3012205079517657,0.0
1618,1,IDFM:463300,IDFM:463188,63,0.5694715943309476,2.562622174489264
1619,1,IDFM:463301,IDFM:22239,133,1.8093224480827168,8.141951016372225
1620,1,IDFM:463301,IDFM:22240,75,0.8910971570589623,4.00993720676533
1621,6,IDFM:463301,IDFM:42120,225,0.09674048595509355,0.0
1622,1,IDFM:463303,IDFM:463083,54,0.544944520218785,2.4522503409845324
1623,1,IDFM:463303,IDFM:463320,56,0.5716918153805413,2.572613169212436
1624,1,IDFM:463304,IDFM:22050,338,0.30089819548391195,0.6741843211956794
1625,1,IDFM:463304,IDFM:463089,67,0.4608806637496672,2.0739629868735023
1626,6,IDFM:463306,IDFM:21983,373,0.33667824762773135,0.0
1627,1,IDFM:463306,IDFM:22145,53,0.4154628729822364,1.869582928420064
1628,1,IDFM:463306,IDFM:462996,240,2.0685220075630744,9.308349034033837
1629,6,IDFM:463306,IDFM:462998,379,0.34130411149951856,0.0
1630,1,IDFM:463306,IDFM:463158,102,0.8167243413270268,3.675259535971621
1631,1,IDFM:463306,IDFM:463161,448,0.328931341106862,0.7433729800972279
1632,6,IDFM:463306,IDFM:monomodalStopPlace:44877,300,0.1097962349378063,0.0
1633,6,IDFM:463308,IDFM:22049,202,0.17802502055792804,0.0
1634,6,IDFM:463308,IDFM:22051,327,0.2860511272748226,0.0
1635,1,IDFM:463308,IDFM:462992,49,0.6219329412939828,2.7986982358229224
1636,1,IDFM:463308,IDFM:462996,67,0.4596506708648236,2.0684280188917064
1637,6,IDFM:463310,IDFM:22054,373,0.3375961269049314,0.0
1638,1,IDFM:463310,IDFM:22132,46,0.3560602539867928,1.6022711429405676
1639,1,IDFM:463310,IDFM:22141,48,0.5428416985078213,2.442787643285196
1640,1,IDFM:463311,IDFM:22060,45,0.3865068786412728,1.739280953885728
1641,1,IDFM:463311,IDFM:462950,55,0.4041400747625646,1.8186303364315408
1642,6,IDFM:463311,IDFM:monomodalStopPlace:45705,420,0.3779002151422724,0.0
1643,6,IDFM:463312,IDFM:22134,180,0.06143533588624993,0.0
1644,1,IDFM:463312,IDFM:22198,47,0.4638808813673214,2.0874639661529466
1645,1,IDFM:463312,IDFM:22199,76,0.829979711477178,3.734908701647301
1646,6,IDFM:463312,IDFM:463264,180,0.010540249910760226,0.0
1647,6,IDFM:463314,IDFM:21979,312,0.28018478766037724,0.0
1648,1,IDFM:463314,IDFM:22176,55,0.6050460576519024,2.722707259433561
1649,1,IDFM:463314,IDFM:462948,52,0.4853867121330991,2.1842402045989457
1650,1,IDFM:463316,IDFM:21902,266,0.23509872874450288,0.5251120252011072
1651,6,IDFM:463316,IDFM:21903,284,0.2505628501270808,0.0
1652,6,IDFM:463316,IDFM:21937,350,0.31439353642100604,0.0
1653,1,IDFM:463316,IDFM:21994,50,0.4355863235947143,1.9601384561762143
1654,6,IDFM:463316,IDFM:22199,600,0.16595335806479686,0.0
1655,6,IDFM:463316,IDFM:462963,198,0.16658181512311,0.0
1656,1,IDFM:463317,IDFM:21964,62,0.4783072920788406,2.152382814354783
1657,1,IDFM:463317,IDFM:22050,49,0.4104382117848105,1.8469719530316475
1658,1,IDFM:463318,IDFM:21929,153,1.2470225800831207,5.611601610374043
1659,1,IDFM:463318,IDFM:21935,123,1.216406027213981,5.4738271224629145
1660,6,IDFM:463318,IDFM:22164,122,0.07871960470872305,0.0
1661,1,IDFM:463318,IDFM:463055,63,0.7593149898300106,3.416917454235048
1662,1,IDFM:463318,IDFM:463190,66,0.6285816999679344,2.828617649855705
1663,1,IDFM:463320,IDFM:22185,59,0.4634147404930359,2.085366332218661
1664,1,IDFM:463320,IDFM:463303,57,0.5702388168719479,2.5660746759237654
1665,1,IDFM:463321,IDFM:462949,57,0.493246631154881,2.2196098401969646
1666,1,IDFM:463321,IDFM:462964,60,0.633878025610132,2.852451115245594
1667,1,IDFM:463323,IDFM:22401,92,1.0896288236431286,4.903329706394079
1668,1,IDFM:463323,IDFM:463107,68,0.7711026438427732,3.469961897292479
1669,0,IDFM:470688,IDFM:472210,180,2.0271455479337264,8.716725856115023
1670,6,IDFM:470688,IDFM:monomodalStopPlace:43231,337,0.21299115495634519,0.0
1671,0,IDFM:470693,IDFM:472077,120,0.752751915307319,3.2368332358214715
1672,0,IDFM:470693,IDFM:472857,180,1.117200708464977,4.803963046399401
1673,2,IDFM:470808,IDFM:472271,900,29.93221397614585,368.1662319065939
1674,2,IDFM:470808,IDFM:472518,330,9.070618632506022,111.56860917982408
1675,2,IDFM:470808,IDFM:monomodalStopPlace:462394,1560,34.58037718800286,425.33863941243527
1676,6,IDFM:470808,IDFM:monomodalStopPlace:46736,38,0.0272681351646133,0.0
1677,2,IDFM:470812,IDFM:472945,330,6.6913650128037165,82.30378965748572
1678,6,IDFM:470812,IDFM:monomodalStopPlace:46984,5,0.0049100488725221,0.0
1679,2,IDFM:470812,IDFM:monomodalStopPlace:59038,390,11.046171731181865,135.86791229353693
1680,6,IDFM:470851,IDFM:42127,180,0.09738815109082523,0.0
1681,0,IDFM:470851,IDFM:470874,60,1.1812982334145352,5.079582403682501
1682,0,IDFM:470851,IDFM:471933,180,2.097056292787748,9.017342058987316
1683,0,IDFM:470874,IDFM:470851,120,1.1915646534678417,5.123728009911718
1684,0,IDFM:470874,IDFM:472986,180,2.254414656148651,9.693983021439198
1685,6,IDFM:470874,IDFM:monomodalStopPlace:43078,262,0.14200555540453,0.0
1686,2,IDFM:470928,IDFM:471056,360,8.585284747298655,105.59900239177344
1687,2,IDFM:470928,IDFM:monomodalStopPlace:411365,840,27.36415694644361,336.57913044125644
1688,6,IDFM:470966,IDFM:monomodalStopPlace:43106,25,0.0233318554175661,0.0
1689,2,IDFM:470966,IDFM:monomodalStopPlace:470195,2670,66.20282017662568,814.2946881724959
1690,2,IDFM:470966,IDFM:monomodalStopPlace:47910,540,12.678990761244371,155.9515863633058
1691,0,IDFM:471008,IDFM:471757,180,0.8332608466830088,3.5830216407369377
1692,0,IDFM:471008,IDFM:472376,120,0.9919339842283552,4.265316132181927
1693,2,IDFM:471056,IDFM:470928,390,8.591577932811305,105.67640857357904
1694,2,IDFM:471056,IDFM:472625,720,14.790902851151992,181.92810506916953
1695,2,IDFM:471084,IDFM:471097,390,5.754034031532065,70.77461858784442
1696,2,IDFM:471084,IDFM:471320,570,10.240860433504942,125.96258333211078
1697,2,IDFM:471084,IDFM:471383,1050,20.086302343384617,247.06151882363076
1698,2,IDFM:471084,IDFM:472407,2970,70.85686348824234,871.5394209053808
1699,2,IDFM:471084,IDFM:monomodalStopPlace:43219,2640,70.91910970965804,872.305049428794
1700,2,IDFM:471097,IDFM:471084,420,5.74098960998866,70.61417220286053
1701,2,IDFM:471097,IDFM:471320,300,4.485495323045335,55.17159247345762
1702,2,IDFM:471097,IDFM:472678,540,9.477426000364773,116.57233980448672
1703,2,IDFM:471199,IDFM:471205,180,4.000131982322577,49.201623382567696
1704,2,IDFM:471199,IDFM:471897,450,11.689717188278108,143.78352141582076
1705,2,IDFM:471205,IDFM:471199,210,4.030801386840617,49.57885705813959
1706,2,IDFM:471205,IDFM:472379,240,5.392285645773628,66.32511344301562
1707,2,IDFM:471264,IDFM:472483,240,5.487715985528397,67.49890662199928
1708,2,IDFM:471264,IDFM:473004,330,8.20746757926178,100.95185122491988
1709,2,IDFM:471264,IDFM:monomodalStopPlace:427870,240,5.482745488861164,67.43776951299233
1710,2,IDFM:471308,IDFM:472924,420,10.328955805110029,127.04615640285337
1711,2,IDFM:471308,IDFM:monomodalStopPlace:411452,990,30.67251337433597,377.27191450433247
1712,2,IDFM:471308,IDFM:monomodalStopPlace:411473,390,10.313947876197307,126.86155887722688
1713,2,IDFM:471320,IDFM:471084,510,10.217515155660163,125.67543641462001
1714,2,IDFM:471320,IDFM:471097,270,4.472452836974252,55.0111698947833
1715,2,IDFM:471320,IDFM:472678,330,5.001446338460279,61.51778996306143
1716,6,IDFM:471335,IDFM:463023,352,0.3085066388760916,0.0
1717,2,IDFM:471335,IDFM:471897,2070,54.46119588797025,669.8727094220341
1718,6,IDFM:471335,IDFM:monomodalStopPlace:43072,104,0.0805488509132559,0.0
1719,6,IDFM:471341,IDFM:21962,326,0.2878202947356137,0.0
1720,6,IDFM:471341,IDFM:21964,375,0.33156746333390036,0.0
1721,6,IDFM:471341,IDFM:462970,360,0.3182066782489146,0.0
1722,6,IDFM:471341,IDFM:463066,381,0.28970914563762573,0.0
1723,6,IDFM:471341,IDFM:463069,326,0.2767095248147145,0.0
1724,6,IDFM:471341,IDFM:monomodalStopPlace:58566,94,0.07131605865579635,0.0
1725,2,IDFM:471341,IDFM:monomodalStopPlace:59038,2940,76.18778456794388,937.1097501857098
1726,2,IDFM:471383,IDFM:471084,780,20.08226343758254,247.01184028226524
1727,2,IDFM:471383,IDFM:471320,420,10.261475503186961,126.21614868919963
1728,2,IDFM:471383,IDFM:472678,270,5.632922238929565,69.28494353883366
1729,2,IDFM:471383,IDFM:473004,480,7.888497635526792,97.02852091697956
1730,6,IDFM:471604,IDFM:22007,271,0.229567595238948,0.0
1731,6,IDFM:471604,IDFM:22367,245,0.20583885451728537,0.0
1732,6,IDFM:471604,IDFM:463001,377,0.33784837767040254,0.0
1733,6,IDFM:471604,IDFM:463183,299,0.25888521748375687,0.0
1734,2,IDFM:471604,IDFM:471787,2820,88.44649875679148,1087.8919347085355
1735,6,IDFM:471604,IDFM:monomodalStopPlace:470519,84,0.06271758975821047,0.0
1736,6,IDFM:471604,IDFM:monomodalStopPlace:58572,303,0.2703344127605744,0.0
1737,2,IDFM:471744,IDFM:monomodalStopPlace:43072,2160,49.55197836997688,609.4893339507157
1738,2,IDFM:471744,IDFM:monomodalStopPlace:47095,150,1.1003698666464925,13.53454935975186
1739,2,IDFM:471744,IDFM:monomodalStopPlace:47950,260,5.114449645762769,62.90773064288207
1740,2,IDFM:471744,IDFM:monomodalStopPlace:59049,720,22.466279160058598,276.3352336687208
1741,0,IDFM:471757,IDFM:471008,120,0.833260804008182,3.5830214572351826
1742,0,IDFM:471757,IDFM:472503,120,0.8208672230751607,3.529729059223191
1743,2,IDFM:471787,IDFM:monomodalStopPlace:470519,2820,88.41579234950179,1087.514245898872
1744,2,IDFM:471787,IDFM:monomodalStopPlace:47158,870,21.05758905451297,259.0083453705096
1745,2,IDFM:471787,IDFM:monomodalStopPlace:47171,200,2.014278153123211,24.775621283415497
1746,2,IDFM:471867,IDFM:monomodalStopPlace:411482,960,33.87963577040514,416.7195199759832
1747,6,IDFM:471867,IDFM:monomodalStopPlace:43245,21,0.01374584543564525,0.0
1748,2,IDFM:471867,IDFM:monomodalStopPlace:479035,3090,77.20477887619992,949.6187801772592
1749,0,IDFM:471887,IDFM:471933,120,2.1649860322964622,9.309439938874789
1750,0,IDFM:471887,IDFM:472210,180,2.133318852318068,9.173271064967691
1751,2,IDFM:471897,IDFM:471199,420,11.68748733953776,143.75609427631446
1752,2,IDFM:471897,IDFM:472379,600,20.858184856326687,256.55567373281826
1753,2,IDFM:471897,IDFM:monomodalStopPlace:43072,2100,54.48073517344001,670.1130426333121
1754,2,IDFM:471897,IDFM:monomodalStopPlace:43081,320,7.84627421847848,96.5091728872853
1755,2,IDFM:471897,IDFM:monomodalStopPlace:47115,130,1.7393367238345248,21.393841703164657
1756,0,IDFM:471933,IDFM:470851,180,2.0947632826807565,9.007482115527251
1757,0,IDFM:471933,IDFM:471887,120,2.1678600043743166,9.32179801880956
1758,6,IDFM:471933,IDFM:monomodalStopPlace:43179,240,0.4199522637237849,0.0
1759,0,IDFM:472077,IDFM:470693,180,0.7577976586146277,3.258529932042898
1760,0,IDFM:472077,IDFM:472316,120,0.6465597508092013,2.7802069284795654
1761,0,IDFM:472147,IDFM:472618,120,1.5342712176546096,6.597366235914821
1762,6,IDFM:472147,IDFM:monomodalStopPlace:43071,252,0.09445880763980236,0.0
1763,0,IDFM:472210,IDFM:470688,120,2.027082831225893,8.71645617427134
1764,0,IDFM:472210,IDFM:471887,180,2.1277085908594024,9.14914694069543
1765,6,IDFM:472217,IDFM:472625,91,0.05666551084453627,0.0
1766,2,IDFM:472217,IDFM:472945,270,6.336178798984447,77.9349992275087
1767,2,IDFM:472217,IDFM:monomodalStopPlace:58566,2040,54.02038325832084,664.4507140773463
1768,2,IDFM:472217,IDFM:monomodalStopPlace:59038,810,22.9925984860404,282.8089613782969
1769,2,IDFM:472271,IDFM:470808,870,29.90774358157878,367.865246053419
1770,6,IDFM:472271,IDFM:monomodalStopPlace:411396,36,0.0316497515435192,0.0
1771,2,IDFM:472271,IDFM:monomodalStopPlace:462394,2280,63.00414762359763,774.9510157702509
1772,0,IDFM:472316,IDFM:472077,60,0.640791426345072,2.7554031332838096
1773,0,IDFM:472316,IDFM:472618,120,0.679864633281683,2.923417923111237
1774,2,IDFM:472325,IDFM:472737,660,16.322860403689468,200.77118296538046
1775,6,IDFM:472325,IDFM:monomodalStopPlace:43238,145,0.1297023649225986,0.0
1776,0,IDFM:472376,IDFM:471008,120,0.9987184765624134,4.294489449218378
1777,0,IDFM:472376,IDFM:479491,60,0.4938803036524997,2.1236853057057488
1778,2,IDFM:472379,IDFM:471205,270,5.256331300741687,64.65287499912274
1779,2,IDFM:472379,IDFM:471897,630,20.758426215222904,255.32864244724175
1780,2,IDFM:472386,IDFM:monomodalStopPlace:411378,900,26.391214438294266,324.61193759101957
1781,2,IDFM:472386,IDFM:monomodalStopPlace:470519,2280,64.92209217161835,798.5417337109056
1782,2,IDFM:472386,IDFM:monomodalStopPlace:47482,340,8.488709888109184,104.41113162374296
1783,2,IDFM:472386,IDFM:monomodalStopPlace:47928,290,8.349733334798179,102.7017200180176
1784,2,IDFM:472407,IDFM:472483,1170,31.892982237691463,392.283681523605
1785,2,IDFM:472407,IDFM:472731,390,7.709508722469069,94.82695728636956
1786,6,IDFM:472407,IDFM:472737,70,0.035975906317301354,0.0
1787,2,IDFM:472407,IDFM:473004,1560,45.343333849661406,557.7230063508354
1788,2,IDFM:472407,IDFM:monomodalStopPlace:411492,2760,64.98560182907849,799.3229024976655
1789,6,IDFM:472407,IDFM:monomodalStopPlace:43219,49,0.042752408096532954,0.0
1790,2,IDFM:472407,IDFM:monomodalStopPlace:43238,1020,16.288719957030825,200.3512554714792
1791,2,IDFM:472483,IDFM:471264,270,5.605278727171201,68.94492834420578
1792,2,IDFM:472483,IDFM:472407,1410,32.16523069613958,395.63233756251685
1793,2,IDFM:472483,IDFM:472737,1140,32.08812787584107,394.6839728728452
1794,2,IDFM:472483,IDFM:473004,480,13.813309761166266,169.90371006234508
1795,6,IDFM:472483,IDFM:monomodalStopPlace:427870,179,0.1431156824235537,0.0
1796,0,IDFM:472503,IDFM:471757,120,0.8180056251987191,3.517424188354492
1797,0,IDFM:472503,IDFM:472857,120,0.6969091480903793,2.996709336788631
1798,2,IDFM:472518,IDFM:472571,270,7.214730224187261,88.74118175750331
1799,6,IDFM:472518,IDFM:monomodalStopPlace:411405,27,0.0249254445597599,0.0
1800,2,IDFM:472536,IDFM:472914,2610,38.949518548672444,479.079078148671
1801,6,IDFM:472536,IDFM:monomodalStopPlace:43178,25,0.021300616203452298,0.0
1802,2,IDFM:472536,IDFM:monomodalStopPlace:462394,2040,34.57770513733752,425.3057731892515
1803,2,IDFM:472571,IDFM:472271,450,13.7334759872709,168.92175464343208
1804,6,IDFM:472571,IDFM:monomodalStopPlace:411390,50,0.0454718273385815,0.0
1805,0,IDFM:472618,IDFM:472147,60,1.535874378693695,6.604259828382888
1806,0,IDFM:472618,IDFM:472316,120,0.671372996875892,2.886903886566336
1807,2,IDFM:472625,IDFM:471056,720,14.788798721126739,181.9022242698589
1808,6,IDFM:472625,IDFM:472217,91,0.05666551084453627,0.0
1809,2,IDFM:472625,IDFM:monomodalStopPlace:46965,140,1.1947053097087277,14.694875309417348
1810,2,IDFM:472625,IDFM:monomodalStopPlace:47881,900,17.59478067237571,216.41580227022123
1811,2,IDFM:472625,IDFM:monomodalStopPlace:47882,470,9.43757888342851,116.08222026617068
1812,2,IDFM:472625,IDFM:monomodalStopPlace:479059,250,6.2989342383966616,77.47689113227894
1813,2,IDFM:472625,IDFM:monomodalStopPlace:58566,2460,54.07158489776019,665.0804942424504
1814,2,IDFM:472625,IDFM:monomodalStopPlace:59038,810,23.028524672836088,283.2508534758839
1815,2,IDFM:472678,IDFM:471320,300,5.022542665315328,61.77727478337853
1816,2,IDFM:472678,IDFM:471383,330,5.61989035871535,69.12465141219882
1817,2,IDFM:472731,IDFM:472483,840,25.47271408856697,313.3143832893738
1818,6,IDFM:472731,IDFM:monomodalStopPlace:461504,36,0.0329854395407037,0.0
1819,6,IDFM:472737,IDFM:472407,70,0.035975906317301354,0.0
1820,2,IDFM:472737,IDFM:472483,1140,31.89590764457445,392.3196640282658
1821,6,IDFM:472737,IDFM:monomodalStopPlace:43219,37,0.0341819533398765,0.0
1822,2,IDFM:472737,IDFM:monomodalStopPlace:43238,750,16.22654973831499,199.5865617812744
1823,0,IDFM:472857,IDFM:470693,180,1.1253234109625407,4.838890667138925
1824,0,IDFM:472857,IDFM:472503,120,0.6950035561764223,2.988515291558616
1825,0,IDFM:472857,IDFM:478650,180,0.6377942668279742,2.742515347360289
1826,2,IDFM:472914,IDFM:472536,2550,38.96004469822022,479.2085497881087
1827,2,IDFM:472914,IDFM:monomodalStopPlace:43178,2550,38.98056846147945,479.4609920761973
1828,2,IDFM:472914,IDFM:monomodalStopPlace:462394,4500,73.08387178322708,898.9316229336931
1829,2,IDFM:472924,IDFM:471308,420,10.328954496468894,127.0461403065674
1830,2,IDFM:472945,IDFM:470812,300,6.566400116789079,80.76672143650568
1831,2,IDFM:472945,IDFM:472217,300,6.271749688818226,77.14252117246419
1832,6,IDFM:472945,IDFM:monomodalStopPlace:479059,74,0.0676273763888903,0.0
1833,6,IDFM:472986,IDFM:42102,300,0.15804059658468186,0.0
1834,0,IDFM:472986,IDFM:470874,120,2.2452354559979395,9.65451246079114
1835,6,IDFM:472986,IDFM:monomodalStopPlace:43077,233,0.09894703034995955,0.0
1836,2,IDFM:473004,IDFM:471264,390,8.172238963236168,100.51853924780485
1837,2,IDFM:473004,IDFM:471383,390,7.88612364465897,96.99932082930533
1838,2,IDFM:473004,IDFM:472483,600,13.506532095952094,166.13034478021078
1839,2,IDFM:473004,IDFM:monomodalStopPlace:427870,510,13.655129496257308,167.9580928039649
1840,2,IDFM:473004,IDFM:monomodalStopPlace:43238,2400,61.29965778702861,753.9857907804518
1841,0,IDFM:473827,IDFM:462400,360,5.890248570689532,25.328068853964982
1842,0,IDFM:473827,IDFM:473828,60,0.6412339254672967,2.757305879509376
1843,6,IDFM:473828,IDFM:35927,205,0.15242394739157772,0.0
1844,0,IDFM:473828,IDFM:473827,60,0.8320453979390008,3.5777952111377034
1845,6,IDFM:474397,IDFM:21924,71,0.05290962168170477,0.0
1846,1,IDFM:474397,IDFM:462970,104,0.875605866813399,3.940226400660296
1847,1,IDFM:474397,IDFM:463011,86,0.7639962397987229,3.437983079094253
1848,0,IDFM:477286,IDFM:478654,180,0.6118704403769437,2.631042893620858
1849,0,IDFM:477286,IDFM:478659,120,0.4202496901605614,1.807073667690414
1850,1,IDFM:478395,IDFM:22228,89,0.7918246656878314,3.563210995595241
1851,1,IDFM:478395,IDFM:22231,89,0.673102100464532,3.028959452090394
1852,1,IDFM:478395,IDFM:463253,58,0.48972303169678066,2.2037536426355135
1853,0,IDFM:478646,IDFM:478652,300,0.6105617300878374,2.6254154393777007
1854,0,IDFM:478646,IDFM:478656,180,0.8432597075617966,3.626016742515725
1855,0,IDFM:478650,IDFM:472857,240,0.6356818619582174,2.7334320064203346
1856,0,IDFM:478650,IDFM:478658,120,0.7298276493270521,3.138258892106324
1857,0,IDFM:478652,IDFM:478646,120,0.6147440747264454,2.643399521323715
1858,0,IDFM:478652,IDFM:478664,120,0.4796722505998534,2.0625906775793696
1859,0,IDFM:478654,IDFM:477286,180,0.603034250121739,2.593047275523477
1860,0,IDFM:478654,IDFM:478658,120,0.5768574054441705,2.480486843409933
1861,0,IDFM:478656,IDFM:478646,180,0.8473836397980385,3.643749651131566
1862,0,IDFM:478658,IDFM:478650,120,0.7490439343736645,3.220888917806757
1863,0,IDFM:478658,IDFM:478654,120,0.583813766517375,2.5103991960247125
1864,0,IDFM:478659,IDFM:477286,120,0.4177379696067475,1.796273269309014
1865,0,IDFM:478659,IDFM:478664,120,0.5991137754145582,2.5761892342826003
1866,0,IDFM:478664,IDFM:478652,120,0.4689989300963071,2.016695399414121
1867,0,IDFM:478664,IDFM:478659,60,0.5955796771071188,2.5609926115606108
1868,0,IDFM:478974,IDFM:478985,120,0.6865486000201096,2.952158980086472
1869,0,IDFM:478976,IDFM:478996,120,0.8656271048928436,3.722196551039227
1870,0,IDFM:478976,IDFM:478997,366,0.33031896161571994,0.7107788225775469
1871,0,IDFM:478978,IDFM:478989,60,0.6283840765372519,2.702051529110183
1872,0,IDFM:478978,IDFM:479012,120,0.6413788479699839,2.7579290462709305
1873,6,IDFM:478978,IDFM:monomodalStopPlace:43110,480,0.46102945642798016,0.0
1874,6,IDFM:478980,IDFM:22373,250,0.088592253276955,0.0
1875,6,IDFM:478980,IDFM:24126,180,0.10472354397328443,0.0
1876,0,IDFM:478980,IDFM:479007,60,0.59785861129294,2.570792028559642
1877,0,IDFM:478982,IDFM:478987,180,0.7631616480526435,3.2815950866263672
1878,0,IDFM:478982,IDFM:478989,60,0.6549470282748037,2.816272221581656
1879,0,IDFM:478985,IDFM:478974,120,0.6854702633178179,2.947522132266617
1880,0,IDFM:478985,IDFM:479009,120,0.6780556961353829,2.9156394933821463
1881,6,IDFM:478985,IDFM:monomodalStopPlace:46298,363,0.24177444968471215,0.0
1882,0,IDFM:478987,IDFM:478982,120,0.7639472999172122,3.2849733896440125
1883,0,IDFM:478987,IDFM:479003,60,0.6134398006401746,2.6377911427527505
1884,0,IDFM:478989,IDFM:478978,120,0.6285525030860428,2.702775763269984
1885,0,IDFM:478989,IDFM:478982,120,0.6548866377876094,2.81601254248672
1886,0,IDFM:478992,IDFM:478997,120,0.594206845755559,2.555089436748904
1887,0,IDFM:478992,IDFM:479003,60,0.3633324279698222,1.5623294402702352
1888,0,IDFM:478995,IDFM:478999,60,0.5654813243208345,2.4315696945795886
1889,0,IDFM:478995,IDFM:479005,60,0.7730686710475986,3.3241952855046737
1890,0,IDFM:478996,IDFM:478976,60,0.8646035776151628,3.7177953837452
1891,0,IDFM:478996,IDFM:478999,60,0.6484018813167794,2.7881280896621514
1892,0,IDFM:478997,IDFM:478976,366,0.38609591294034445,0.9506197132734324
1893,0,IDFM:478997,IDFM:478992,60,0.7062986778386038,3.037084314705996
1894,0,IDFM:478999,IDFM:478995,60,0.5696292850687035,2.449405925795425
1895,0,IDFM:478999,IDFM:478996,120,0.6483379055242096,2.787852993754101
1896,0,IDFM:479001,IDFM:479009,120,0.5230747788814942,2.249221549190425
1897,0,IDFM:479001,IDFM:479012,60,0.6614557279732594,2.844259630285015
1898,0,IDFM:479003,IDFM:478987,60,0.6119591753452774,2.631424453984693
1899,0,IDFM:479003,IDFM:478992,60,0.3632158269395723,1.5618280558401607
1900,0,IDFM:479005,IDFM:478995,60,0.7766754195417298,3.339704304029438
1901,0,IDFM:479005,IDFM:479007,60,0.3875724092403222,1.6665613597333857
1902,0,IDFM:479007,IDFM:478980,60,0.5979042780730693,2.570988395714198
1903,0,IDFM:479007,IDFM:479005,60,0.38757242304968,1.666561419113624
1904,0,IDFM:479009,IDFM:478985,120,0.6638954748566066,2.8547505418834085
1905,0,IDFM:479009,IDFM:479001,120,0.5228196803524493,2.248124625515532
1906,0,IDFM:479012,IDFM:478978,60,0.6415542168334817,2.758683132383972
1907,0,IDFM:479012,IDFM:479001,60,0.6616299723915778,2.8450088812837846
1908,0,IDFM:479383,IDFM:28869,134,0.5035481263854877,2.165256943457597
1909,6,IDFM:479383,IDFM:monomodalStopPlace:43251,222,0.12143569634845064,0.0
1910,0,IDFM:479491,IDFM:472376,60,0.5006382704192028,2.1527445628025723
1911,6,IDFM:479491,IDFM:monomodalStopPlace:43096,244,0.21697018459630824,0.0
1912,6,IDFM:480330,IDFM:22243,180,0.0224040274505547,0.0
1913,1,IDFM:480330,IDFM:480341,94,1.2284640189086606,5.528088085088973
1914,1,IDFM:480330,IDFM:490794,88,1.3775951688774322,6.199178259948445
1915,1,IDFM:480340,IDFM:21962,138,1.7558772047554985,7.901447421399743
1916,1,IDFM:480340,IDFM:480531,70,0.8136016184430187,3.661207282993584
1917,6,IDFM:480340,IDFM:monomodalStopPlace:45493,240,0.19937449517463945,0.0
1918,1,IDFM:480341,IDFM:480330,100,1.2277790881678403,5.525005896755282
1919,1,IDFM:480341,IDFM:480531,113,1.5979792379932385,7.190906570969573
1920,6,IDFM:480341,IDFM:monomodalStopPlace:43203,240,0.0807939888309333,0.0
1921,6,IDFM:480531,IDFM:22219,180,0.017137710272769325,0.0
1922,6,IDFM:480531,IDFM:462441,206,0.08176479656808895,0.0
1923,1,IDFM:480531,IDFM:480340,73,0.8047716269609863,3.621472321324438
1924,1,IDFM:480531,IDFM:480341,112,1.5931287787934043,7.169079504570321
1925,6,IDFM:480531,IDFM:monomodalStopPlace:44514,240,0.21223886302310965,0.0
1926,0,IDFM:480906,IDFM:480930,120,1.6869116440783614,7.2537200695369535
1927,0,IDFM:480906,IDFM:480938,180,3.4583397568207594,14.870860954329263
1928,6,IDFM:480906,IDFM:monomodalStopPlace:47954,77,0.06561652498860705,0.0
1929,0,IDFM:480908,IDFM:480936,120,0.992066490546344,4.265885909349279
1930,6,IDFM:480908,IDFM:494486,2,0.0025700395218779,0.0
1931,6,IDFM:480908,IDFM:monomodalStopPlace:46990,189,0.1714718237554093,0.0
1932,0,IDFM:480925,IDFM:480928,240,1.5575620559494705,6.697516840582722
1933,0,IDFM:480925,IDFM:481067,300,1.946566863096073,8.370237511313114
1934,0,IDFM:480928,IDFM:480925,240,1.558204154804816,6.700277865660708
1935,0,IDFM:480928,IDFM:481070,120,1.0884059203425576,4.680145457472998
1936,0,IDFM:480930,IDFM:480906,120,1.681995930179487,7.232582499771793
1937,0,IDFM:480930,IDFM:480942,60,1.403989876570787,6.037156469254384
1938,0,IDFM:480934,IDFM:480936,60,1.0394810425327312,4.4697684828907445
1939,0,IDFM:480934,IDFM:481073,240,2.8421679752993567,12.221322293787232
1940,0,IDFM:480936,IDFM:480908,180,0.9951482465857922,4.279137460318906
1941,0,IDFM:480936,IDFM:480934,60,1.0465528082699307,4.500177075560702
1942,0,IDFM:480936,IDFM:494486,180,0.997123462863958,4.287630890315019
1943,0,IDFM:480938,IDFM:480906,240,3.47406631719776,14.938485163950368
1944,0,IDFM:480938,IDFM:481073,120,1.253879976155467,5.391683897468508
1945,0,IDFM:480942,IDFM:480930,120,1.4084161273089986,6.056189347428694
1946,0,IDFM:480942,IDFM:481070,120,1.9092133245516767,8.20961729557221
1947,0,IDFM:480964,IDFM:24108,120,0.6975669437146248,2.9995378579728866
1948,6,IDFM:480964,IDFM:monomodalStopPlace:58798,286,0.12575888658331136,0.0
1949,0,IDFM:481067,IDFM:480925,240,1.9528672062840504,8.397328987021416
1950,6,IDFM:481067,IDFM:monomodalStopPlace:43198,180,0.3652960258494993,0.0
1951,0,IDFM:481070,IDFM:480928,120,1.0873179221179143,4.675467065107031
1952,0,IDFM:481070,IDFM:480942,120,1.9122309968402436,8.222593286413046
1953,0,IDFM:481073,IDFM:480934,180,2.847661451997425,12.244944243588929
1954,0,IDFM:481073,IDFM:480938,120,1.2408835960564075,5.335799463042553
1955,1,IDFM:483277,IDFM:463222,97,1.1222195658234388,5.049988046205475
1956,1,IDFM:483277,IDFM:483423,84,0.7992923984634865,3.596815793085689
1957,1,IDFM:483423,IDFM:463222,179,1.9167243326274308,8.625259496823439
1958,1,IDFM:483423,IDFM:483277,83,0.8004647974820543,3.6020915886692446
1959,1,IDFM:483903,IDFM:24679,105,1.0509570562899688,4.72930675330486
1960,1,IDFM:483903,IDFM:483904,76,0.7144043201636865,3.2148194407365893
1961,1,IDFM:483904,IDFM:483903,79,0.7227613230613963,3.2524259537762834
1962,0,IDFM:486810,IDFM:486812,70,0.3650442933375636,1.5696904613515237
1963,6,IDFM:486812,IDFM:2344,159,0.13179432537356794,0.0
1964,0,IDFM:486812,IDFM:486810,60,0.3661892552539581,1.5746137975920198
1965,0,IDFM:486812,IDFM:486814,90,0.5899881760106062,2.536949156845606
1966,0,IDFM:486814,IDFM:486812,80,0.5968975436014721,2.56665943748633
1967,0,IDFM:486814,IDFM:486816,50,0.3742372343390604,1.6092201076579598
1968,0,IDFM:486816,IDFM:486814,50,0.3760157681721104,1.616867803140075
1969,0,IDFM:486816,IDFM:486818,50,0.4228036275219056,1.8180555983441944
1970,0,IDFM:486818,IDFM:486816,60,0.4214624313962466,1.8122884550038605
1971,0,IDFM:486818,IDFM:486820,130,0.9459159908675426,4.067438760730433
1972,0,IDFM:486820,IDFM:486818,120,0.932434514247612,4.009468411264731
1973,0,IDFM:486820,IDFM:486822,80,0.5816419346613921,2.501060319043986
1974,0,IDFM:486822,IDFM:486820,80,0.5831680046503812,2.5076224199966397
1975,0,IDFM:486822,IDFM:486824,70,0.4250706320720618,1.8278037179098656
1976,0,IDFM:486824,IDFM:486822,60,0.4223035898126835,1.815905436194539
1977,0,IDFM:486824,IDFM:486826,100,0.5460962339522647,2.348213805994738
1978,0,IDFM:486826,IDFM:486824,80,0.5443664365961745,2.34077567736355
1979,0,IDFM:486826,IDFM:486828,60,0.5768272294363455,2.4803570865762854
1980,0,IDFM:486828,IDFM:486826,60,0.5764895256035155,2.4789049600951167
1981,0,IDFM:486828,IDFM:486830,80,0.6788043393495854,2.918858659203217
1982,0,IDFM:486830,IDFM:486828,80,0.6804591420519869,2.9259743108235434
1983,0,IDFM:486830,IDFM:486842,110,0.8392200655951297,3.6086462820590577
1984,0,IDFM:486834,IDFM:486842,160,1.0640099970496384,4.575242987313445
1985,6,IDFM:486834,IDFM:monomodalStopPlace:46007,186,0.16539502791918786,0.0
1986,0,IDFM:486842,IDFM:486830,90,0.8394587300313209,3.60967253913468
1987,0,IDFM:486842,IDFM:486834,140,1.066940411655033,4.587843770116642
1988,0,IDFM:486888,IDFM:486889,120,1.7992299799334577,7.736688913713866
1989,0,IDFM:486888,IDFM:486898,120,0.7938304817631404,3.4134710715815038
1990,0,IDFM:486889,IDFM:486888,60,1.7951895889003326,7.7193152322714305
1991,0,IDFM:486889,IDFM:486892,120,2.0722152411806416,8.910525537076758
1992,0,IDFM:486892,IDFM:486889,120,2.0673954725198787,8.889800531835478
1993,0,IDFM:486892,IDFM:486897,60,1.1128970708357897,4.785457404593895
1994,0,IDFM:486897,IDFM:486892,60,1.1261307039069752,4.842362026799993
1995,0,IDFM:486897,IDFM:486957,60,1.3246136664757502,5.695838765845726
1996,0,IDFM:486898,IDFM:486888,240,0.786832127522075,3.383378148344922
1997,0,IDFM:486898,IDFM:486978,300,1.7426012497747063,7.493185374031236
1998,6,IDFM:486898,IDFM:monomodalStopPlace:43076,347,0.30612545854370604,0.0
1999,0,IDFM:486902,IDFM:486963,120,0.9037297414824066,3.8860378883743483
2000,0,IDFM:486957,IDFM:486897,60,1.32302249288014,5.688996719384601
2001,0,IDFM:486957,IDFM:486960,60,2.0997613133237603,9.028973647292167
2002,0,IDFM:486960,IDFM:486957,60,2.0943035992622034,9.005505476827475
2003,0,IDFM:486960,IDFM:494313,240,1.278247626569087,5.496464794247074
2004,0,IDFM:486963,IDFM:486902,120,0.8999264191749066,3.869683602452098
2005,0,IDFM:486963,IDFM:486965,60,0.8155485643325996,3.506858826630178
2006,0,IDFM:486965,IDFM:486963,120,0.8223545929537431,3.5361247497010955
2007,0,IDFM:486965,IDFM:486967,180,1.5337121668093543,6.594962317280224
2008,0,IDFM:486967,IDFM:486965,240,1.4978308562643985,6.440672681936912
2009,0,IDFM:486967,IDFM:486970,180,2.5058341971612745,10.77508704779348
2010,0,IDFM:486970,IDFM:486967,360,2.553692042505644,10.98087578277427
2011,0,IDFM:486970,IDFM:486973,180,1.1721717545155088,5.040338544416688
2012,0,IDFM:486973,IDFM:486970,180,1.1649232873891435,5.009170135773318
2013,0,IDFM:486973,IDFM:486976,120,1.2607868794252368,5.421383581528518
2014,0,IDFM:486976,IDFM:486973,120,1.2607163446442262,5.421080281970172
2015,0,IDFM:486976,IDFM:486978,60,0.6987203454423339,3.004497485402036
2016,0,IDFM:486978,IDFM:486898,240,1.748290988626434,7.517651251093666
2017,0,IDFM:486978,IDFM:486976,60,0.6935189477879965,2.982131475488385
2018,6,IDFM:490553,IDFM:22267,120,0.05674485581427813,0.0
2019,0,IDFM:490553,IDFM:28866,101,0.4104478060701455,1.7649255661016257
2020,1,IDFM:490762,IDFM:21999,65,0.9337926613911424,4.202066976260141
2021,1,IDFM:490762,IDFM:490764,77,1.1760589510574582,5.292265279758562
2022,1,IDFM:490764,IDFM:490762,78,1.1795037700275086,5.307766965123789
2023,1,IDFM:490764,IDFM:490789,88,1.358129078456492,6.111580853054214
2024,1,IDFM:490789,IDFM:490764,87,1.361629621507647,6.127333296784412
2025,1,IDFM:490789,IDFM:490791,80,0.8791902772004341,3.9563562474019536
2026,1,IDFM:490791,IDFM:490789,80,0.8814310218771855,3.966439598447335
2027,1,IDFM:490791,IDFM:490792,54,0.5563612590075906,2.5036256655341576
2028,1,IDFM:490792,IDFM:490791,56,0.548836459899915,2.4697640695496177
2029,1,IDFM:490792,IDFM:490793,99,1.1145085274263835,5.015288373418726
2030,1,IDFM:490793,IDFM:490792,97,1.120328728017942,5.041479276080739
2031,6,IDFM:490793,IDFM:monomodalStopPlace:42356,240,0.07644443797515685,0.0
2032,6,IDFM:490794,IDFM:22239,840,0.27366587324876995,0.0
2033,1,IDFM:490794,IDFM:480330,83,1.3856619895858628,6.235478953136383
2034,6,IDFM:490794,IDFM:monomodalStopPlace:43204,840,0.41464555192718233,0.0
2035,6,IDFM:490835,IDFM:35930,360,0.16431608432600908,0.0
2036,6,IDFM:490835,IDFM:35941,540,0.24403148670884525,0.0
2037,1,IDFM:490835,IDFM:490850,139,2.393293583131608,10.769821124092235
2038,1,IDFM:490835,IDFM:490852,102,1.5482377650644812,6.967069942790165
2039,6,IDFM:490848,IDFM:22385,180,0.12925881146773985,0.0
2040,6,IDFM:490848,IDFM:24117,335,0.2941555462946439,0.0
2041,1,IDFM:490848,IDFM:463045,96,1.0002045782240456,4.500920602008206
2042,6,IDFM:490848,IDFM:463235,312,0.2760533525196259,0.0
2043,1,IDFM:490848,IDFM:490849,115,1.6233806678238112,7.3052130052071504
2044,1,IDFM:490849,IDFM:490848,117,1.6243943191141992,7.309774436013896
2045,1,IDFM:490849,IDFM:490916,142,2.1405272974144203,9.63237283836489
2046,1,IDFM:490850,IDFM:490835,138,2.393347795404206,10.770065079318927
2047,1,IDFM:490850,IDFM:490916,137,2.341589332970355,10.537151998366598
2048,1,IDFM:490852,IDFM:490835,96,1.5485421720841994,6.968439774378897
2049,1,IDFM:490852,IDFM:490917,149,2.586564247642112,11.639539114389502
2050,6,IDFM:490852,IDFM:monomodalStopPlace:47907,420,0.2036624800886031,0.0
2051,6,IDFM:490876,IDFM:22111,240,0.2931401493797887,0.0
2052,0,IDFM:490876,IDFM:490881,176,0.5873702605777978,2.52569212048453
2053,6,IDFM:490876,IDFM:monomodalStopPlace:45437,120,0.06560299861677635,0.0
2054,0,IDFM:490881,IDFM:490876,145,0.5962988199396364,2.5640849257404366
2055,0,IDFM:490881,IDFM:490892,184,0.6627671625537331,2.8498987989810525
2056,0,IDFM:490886,IDFM:490889,100,0.3710671218865681,1.5955886241122428
2057,0,IDFM:490886,IDFM:490892,120,0.4486832581301931,1.9293380099598303
2058,0,IDFM:490889,IDFM:490886,101,0.403291650417707,1.73415409679614
2059,0,IDFM:490889,IDFM:490890,140,0.4698923505545638,2.0205371073846243
2060,6,IDFM:490890,IDFM:463258,120,0.044182159490616026,0.0
2061,0,IDFM:490890,IDFM:490889,139,0.4166216997411021,1.7914733088867392
2062,0,IDFM:490890,IDFM:490896,105,0.3945361711742446,1.696505536049252
2063,6,IDFM:490892,IDFM:463257,120,0.12248656216359616,0.0
2064,0,IDFM:490892,IDFM:490881,155,0.6471505574309093,2.78274739695291
2065,0,IDFM:490892,IDFM:490886,120,0.4391825928966341,1.8884851494555264
2066,6,IDFM:490892,IDFM:monomodalStopPlace:415093,60,0.06387802195502146,0.0
2067,6,IDFM:490896,IDFM:22021,374,0.3333249803359347,0.0
2068,0,IDFM:490896,IDFM:462440,135,0.6258734823015775,2.691255973896783
2069,0,IDFM:490896,IDFM:490890,105,0.4462417729165339,1.918839623541096
2070,6,IDFM:490896,IDFM:monomodalStopPlace:44314,342,0.28988011097128913,0.0
2071,1,IDFM:490916,IDFM:490849,138,2.137207899866681,9.617435549400064
2072,1,IDFM:490916,IDFM:490850,137,2.3413605357593696,10.536122410917164
2073,6,IDFM:490917,IDFM:35927,780,0.5434800849585643,0.0
2074,1,IDFM:490917,IDFM:490852,139,2.592750034453921,11.667375155042643
2075,0,IDFM:492416,IDFM:492418,180,2.0254766791714407,8.709549720437195
2076,0,IDFM:492416,IDFM:492424,480,9.773969186716885,42.02806750288259
2077,6,IDFM:492416,IDFM:monomodalStopPlace:47322,39,0.0356503482458413,0.0
2078,0,IDFM:492418,IDFM:492416,180,2.0254766791714407,8.709549720437195
2079,0,IDFM:492418,IDFM:492420,180,2.6240053841632363,11.283223151901916
2080,0,IDFM:492420,IDFM:492418,120,2.6240053841632363,11.283223151901916
2081,0,IDFM:492420,IDFM:492422,180,3.4312147291754957,14.754223335454627
2082,0,IDFM:492422,IDFM:492420,240,3.4312147291754957,14.754223335454627
2083,0,IDFM:492422,IDFM:492424,180,1.9726461004312947,8.482378231854566
2084,0,IDFM:492424,IDFM:492416,480,9.773969186716885,42.02806750288259
2085,0,IDFM:492424,IDFM:492422,120,1.9726461004312947,8.482378231854566
2086,0,IDFM:494313,IDFM:486960,120,1.3657231037996695,5.872609346338579
2087,6,IDFM:494313,IDFM:monomodalStopPlace:58774,263,0.1665048438174407,0.0
2088,6,IDFM:494486,IDFM:480908,2,0.0025700395218779,0.0
2089,0,IDFM:494486,IDFM:480936,120,0.9940637016775412,4.274473917213427
2090,6,IDFM:494486,IDFM:monomodalStopPlace:46990,190,0.1722423593248258,0.0
2091,2,IDFM:monomodalStopPlace:411326,IDFM:monomodalStopPlace:411329,170,3.571710077520897,43.93203395350704
2092,2,IDFM:monomodalStopPlace:411326,IDFM:monomodalStopPlace:411332,260,4.875656916750283,59.97058007602848
2093,2,IDFM:monomodalStopPlace:411329,IDFM:monomodalStopPlace:411326,180,3.571710077520897,43.93203395350704
2094,2,IDFM:monomodalStopPlace:411329,IDFM:monomodalStopPlace:411440,360,7.763149089628359,95.48673380242884
2095,2,IDFM:monomodalStopPlace:411332,IDFM:monomodalStopPlace:411326,200,4.875656916750283,59.97058007602848
2096,2,IDFM:monomodalStopPlace:411332,IDFM:monomodalStopPlace:47533,210,3.458076386599106,42.53433955516901
2097,2,IDFM:monomodalStopPlace:411338,IDFM:monomodalStopPlace:411345,240,5.311827742764409,65.33548123600224
2098,2,IDFM:monomodalStopPlace:411338,IDFM:monomodalStopPlace:59301,190,2.84132295784502,34.94827238149375
2099,2,IDFM:monomodalStopPlace:411342,IDFM:monomodalStopPlace:411345,240,5.853388211853682,71.9966750058003
2100,2,IDFM:monomodalStopPlace:411342,IDFM:monomodalStopPlace:411348,140,2.6427363054152244,32.50565655660726
2101,2,IDFM:monomodalStopPlace:411345,IDFM:monomodalStopPlace:411338,240,5.311827742764409,65.33548123600224
2102,2,IDFM:monomodalStopPlace:411345,IDFM:monomodalStopPlace:411342,250,5.853388211853682,71.9966750058003
2103,2,IDFM:monomodalStopPlace:411345,IDFM:monomodalStopPlace:47930,480,13.634478598793908,167.70408676516507
2104,2,IDFM:monomodalStopPlace:411345,IDFM:monomodalStopPlace:59301,350,8.009212662885957,98.51331575349728
2105,2,IDFM:monomodalStopPlace:411348,IDFM:monomodalStopPlace:411342,150,2.6427363054152244,32.50565655660726
2106,2,IDFM:monomodalStopPlace:411348,IDFM:monomodalStopPlace:47930,220,5.216526595205053,64.16327712102216
2107,2,IDFM:monomodalStopPlace:411365,IDFM:470928,1080,27.36254327424296,336.5592822731884
2108,2,IDFM:monomodalStopPlace:411365,IDFM:monomodalStopPlace:58566,3840,100.27402528733752,1233.3705110342516
2109,2,IDFM:monomodalStopPlace:411372,IDFM:monomodalStopPlace:411375,350,6.803870885627256,83.68761189321525
2110,2,IDFM:monomodalStopPlace:411375,IDFM:monomodalStopPlace:411372,400,6.803870885627256,83.68761189321525
2111,2,IDFM:monomodalStopPlace:411375,IDFM:monomodalStopPlace:47491,260,5.664048378241862,69.66779505237491
2112,2,IDFM:monomodalStopPlace:411378,IDFM:472386,900,26.338189478700855,323.9597305880206
2113,2,IDFM:monomodalStopPlace:411378,IDFM:monomodalStopPlace:411381,320,6.999191732975263,86.09005831559574
2114,2,IDFM:monomodalStopPlace:411378,IDFM:monomodalStopPlace:470519,3240,90.42117941693743,1112.1805068283304
2115,2,IDFM:monomodalStopPlace:411381,IDFM:monomodalStopPlace:411378,320,6.999191732975263,86.09005831559574
2116,2,IDFM:monomodalStopPlace:411381,IDFM:monomodalStopPlace:411384,200,4.5767036912945205,56.2934554029226
2117,2,IDFM:monomodalStopPlace:411384,IDFM:monomodalStopPlace:411381,220,4.5767036912945205,56.2934554029226
2118,2,IDFM:monomodalStopPlace:411384,IDFM:monomodalStopPlace:47482,370,8.707606001345901,107.1035538165546
2119,2,IDFM:monomodalStopPlace:411387,IDFM:monomodalStopPlace:411390,300,8.295145562438737,102.03029041799648
2120,2,IDFM:monomodalStopPlace:411387,IDFM:monomodalStopPlace:411396,320,5.710099303517011,70.23422143325924
2121,6,IDFM:monomodalStopPlace:411390,IDFM:472571,50,0.0454718273385815,0.0
2122,2,IDFM:monomodalStopPlace:411390,IDFM:monomodalStopPlace:411387,300,8.295145562438737,102.03029041799648
2123,2,IDFM:monomodalStopPlace:411390,IDFM:monomodalStopPlace:411396,500,13.78095088610772,169.505695899125
2124,2,IDFM:monomodalStopPlace:411390,IDFM:monomodalStopPlace:411405,270,7.196316558290506,88.51469366697323
2125,6,IDFM:monomodalStopPlace:411396,IDFM:472271,36,0.0316497515435192,0.0
2126,2,IDFM:monomodalStopPlace:411396,IDFM:monomodalStopPlace:411387,280,5.710099303517011,70.23422143325924
2127,2,IDFM:monomodalStopPlace:411396,IDFM:monomodalStopPlace:411390,480,13.78095088610772,169.505695899125
2128,2,IDFM:monomodalStopPlace:411396,IDFM:monomodalStopPlace:462394,2280,63.02408408585938,775.1962342560704
2129,2,IDFM:monomodalStopPlace:411396,IDFM:monomodalStopPlace:46736,900,29.955192923767733,368.4488729623432
2130,6,IDFM:monomodalStopPlace:411405,IDFM:472518,27,0.0249254445597599,0.0
2131,2,IDFM:monomodalStopPlace:411405,IDFM:monomodalStopPlace:411390,260,7.196316558290506,88.51469366697323
2132,2,IDFM:monomodalStopPlace:411405,IDFM:monomodalStopPlace:46736,300,9.0656912085759,111.50800186548358
2133,2,IDFM:monomodalStopPlace:411418,IDFM:monomodalStopPlace:411421,190,2.119424254678776,26.06891833254894
2134,2,IDFM:monomodalStopPlace:411418,IDFM:monomodalStopPlace:47958,190,3.747977162518323,46.10011909897538
2135,2,IDFM:monomodalStopPlace:411421,IDFM:monomodalStopPlace:411418,150,2.119424254678776,26.06891833254894
2136,2,IDFM:monomodalStopPlace:411421,IDFM:monomodalStopPlace:411428,250,6.715671664979186,82.602761479244
2137,2,IDFM:monomodalStopPlace:411428,IDFM:monomodalStopPlace:411421,290,6.715671664979186,82.602761479244
2138,2,IDFM:monomodalStopPlace:411428,IDFM:monomodalStopPlace:411440,470,9.897469620656196,121.73887633407122
2139,2,IDFM:monomodalStopPlace:411440,IDFM:monomodalStopPlace:411329,360,7.763149089628359,95.48673380242884
2140,2,IDFM:monomodalStopPlace:411440,IDFM:monomodalStopPlace:411428,540,9.897469620656196,121.73887633407122
2141,2,IDFM:monomodalStopPlace:411443,IDFM:monomodalStopPlace:411446,510,15.006837343765442,184.58409932831492
2142,2,IDFM:monomodalStopPlace:411446,IDFM:monomodalStopPlace:411443,570,15.006837343765442,184.58409932831492
2143,2,IDFM:monomodalStopPlace:411446,IDFM:monomodalStopPlace:411449,750,23.059063575191363,283.6264819748538
2144,2,IDFM:monomodalStopPlace:411449,IDFM:monomodalStopPlace:411446,720,23.059063575191363,283.6264819748538
2145,2,IDFM:monomodalStopPlace:411449,IDFM:monomodalStopPlace:59049,780,25.565841302143127,314.45984801636047
2146,2,IDFM:monomodalStopPlace:411452,IDFM:471308,930,30.670361523651763,377.24544674091675
2147,2,IDFM:monomodalStopPlace:411452,IDFM:monomodalStopPlace:411455,300,7.984327074873985,98.20722302095002
2148,2,IDFM:monomodalStopPlace:411452,IDFM:monomodalStopPlace:411458,390,12.55889865779527,154.47445349088184
2149,2,IDFM:monomodalStopPlace:411452,IDFM:monomodalStopPlace:411476,510,14.54403490878124,178.89162937800924
2150,2,IDFM:monomodalStopPlace:411452,IDFM:monomodalStopPlace:470195,4860,111.80926988825188,1375.254019625498
2151,2,IDFM:monomodalStopPlace:411452,IDFM:monomodalStopPlace:479035,3960,110.90891727186244,1364.1796824439082
2152,2,IDFM:monomodalStopPlace:411455,IDFM:monomodalStopPlace:411452,300,7.984327074873985,98.20722302095002
2153,2,IDFM:monomodalStopPlace:411455,IDFM:monomodalStopPlace:411476,270,6.713136450059268,82.571578335729
2154,2,IDFM:monomodalStopPlace:411458,IDFM:monomodalStopPlace:411452,600,12.55889865779527,154.47445349088184
2155,2,IDFM:monomodalStopPlace:411458,IDFM:monomodalStopPlace:411461,420,7.796406063944079,95.89579458651215
2156,2,IDFM:monomodalStopPlace:411461,IDFM:monomodalStopPlace:411458,510,7.796406063944079,95.89579458651215
2157,2,IDFM:monomodalStopPlace:411461,IDFM:monomodalStopPlace:411464,420,5.474002696845392,67.33023317119832
2158,2,IDFM:monomodalStopPlace:411464,IDFM:monomodalStopPlace:411461,240,5.474002696845392,67.33023317119832
2159,2,IDFM:monomodalStopPlace:411464,IDFM:monomodalStopPlace:479035,3240,86.06112389943372,1058.5518239630348
2160,2,IDFM:monomodalStopPlace:411464,IDFM:monomodalStopPlace:47910,660,11.999165432661087,147.58973482173135
2161,2,IDFM:monomodalStopPlace:411473,IDFM:471308,390,10.313947876197307,126.86155887722688
2162,2,IDFM:monomodalStopPlace:411473,IDFM:monomodalStopPlace:411476,300,7.619000011743961,93.71370014445073
2163,2,IDFM:monomodalStopPlace:411476,IDFM:monomodalStopPlace:411455,270,6.713136450059268,82.571578335729
2164,2,IDFM:monomodalStopPlace:411476,IDFM:monomodalStopPlace:411473,300,7.619000011743961,93.71370014445073
2165,2,IDFM:monomodalStopPlace:411482,IDFM:471867,990,33.85669768726243,416.437381553328
2166,2,IDFM:monomodalStopPlace:411482,IDFM:monomodalStopPlace:411488,550,11.669727442616615,143.53764754418438
2167,2,IDFM:monomodalStopPlace:411482,IDFM:monomodalStopPlace:43245,990,33.860817781001685,416.4880587063208
2168,2,IDFM:monomodalStopPlace:411482,IDFM:monomodalStopPlace:47118,780,22.32043758590904,274.5413823066812
2169,2,IDFM:monomodalStopPlace:411482,IDFM:monomodalStopPlace:479035,3960,110.65300240716812,1361.0319296081682
2170,2,IDFM:monomodalStopPlace:411485,IDFM:monomodalStopPlace:43092,310,6.375348368904327,78.41678493752323
2171,2,IDFM:monomodalStopPlace:411488,IDFM:monomodalStopPlace:411482,700,11.669727442616615,143.53764754418438
2172,2,IDFM:monomodalStopPlace:411488,IDFM:monomodalStopPlace:58955,300,6.700016085829514,82.41019785570303
2173,2,IDFM:monomodalStopPlace:411492,IDFM:472407,2700,64.92063593859785,798.5238220447536
2174,2,IDFM:monomodalStopPlace:411492,IDFM:monomodalStopPlace:411495,430,12.976282257911103,159.6082717723066
2175,2,IDFM:monomodalStopPlace:411492,IDFM:monomodalStopPlace:43219,2220,64.95843272277165,798.9887224900913
2176,2,IDFM:monomodalStopPlace:411492,IDFM:monomodalStopPlace:43238,3270,80.87356173338286,994.7448093206092
2177,2,IDFM:monomodalStopPlace:411492,IDFM:monomodalStopPlace:47935,640,21.221441611615468,261.0237318228703
2178,2,IDFM:monomodalStopPlace:411495,IDFM:monomodalStopPlace:411492,440,12.976282257911103,159.6082717723066
2179,2,IDFM:monomodalStopPlace:411495,IDFM:monomodalStopPlace:47935,290,8.256673162783347,101.55707990223516
2180,6,IDFM:monomodalStopPlace:412743,IDFM:24431,276,0.18688593217583732,0.0
2181,6,IDFM:monomodalStopPlace:412743,IDFM:42122,324,0.20313918032303113,0.0
2182,2,IDFM:monomodalStopPlace:412743,IDFM:monomodalStopPlace:43078,170,3.270618446673368,40.228606894082425
2183,2,IDFM:monomodalStopPlace:412743,IDFM:monomodalStopPlace:43179,290,4.138551703860764,50.9041859574874
2184,2,IDFM:monomodalStopPlace:412743,IDFM:monomodalStopPlace:43204,130,2.2300270048580613,27.429332159754157
2185,2,IDFM:monomodalStopPlace:412743,IDFM:monomodalStopPlace:462394,400,6.7820265406288565,83.41892644973494
2186,2,IDFM:monomodalStopPlace:415091,IDFM:monomodalStopPlace:470540,110,1.0350388533786123,12.730977896556931
2187,2,IDFM:monomodalStopPlace:415091,IDFM:monomodalStopPlace:58757,90,1.1828531565507954,14.549093825574785
2188,6,IDFM:monomodalStopPlace:415093,IDFM:463257,240,0.1665536706030203,0.0
2189,6,IDFM:monomodalStopPlace:415093,IDFM:490892,60,0.06387802195502146,0.0
2190,2,IDFM:monomodalStopPlace:415093,IDFM:monomodalStopPlace:44314,120,1.599278341683685,19.67112360270933
2191,2,IDFM:monomodalStopPlace:415093,IDFM:monomodalStopPlace:45437,150,1.345814513518954,16.553518516283134
2192,2,IDFM:monomodalStopPlace:415093,IDFM:monomodalStopPlace:470549,200,4.240487771539696,52.15799958993826
2193,2,IDFM:monomodalStopPlace:415093,IDFM:monomodalStopPlace:58718,170,3.760935629521567,46.25950824311528
2194,2,IDFM:monomodalStopPlace:415484,IDFM:monomodalStopPlace:43068,140,1.559367144086892,19.18021587226877
2195,2,IDFM:monomodalStopPlace:415484,IDFM:monomodalStopPlace:47925,150,2.720144840539401,33.45778153863464
2196,2,IDFM:monomodalStopPlace:422065,IDFM:monomodalStopPlace:43184,210,3.753077973821768,46.16285907800774
2197,2,IDFM:monomodalStopPlace:422065,IDFM:monomodalStopPlace:43196,130,1.306865992427724,16.074451706861005
2198,2,IDFM:monomodalStopPlace:422065,IDFM:monomodalStopPlace:43205,130,2.009896016604562,24.72172100423612
2199,6,IDFM:monomodalStopPlace:42356,IDFM:490793,240,0.07644443797515685,0.0
2200,2,IDFM:monomodalStopPlace:42356,IDFM:monomodalStopPlace:44201,140,2.580352803262038,31.73833948012307
2201,2,IDFM:monomodalStopPlace:42356,IDFM:monomodalStopPlace:47877,110,1.6459194521347458,20.244809261257373
2202,2,IDFM:monomodalStopPlace:42516,IDFM:monomodalStopPlace:45784,220,4.243962275355094,52.20073598686766
2203,2,IDFM:monomodalStopPlace:42516,IDFM:monomodalStopPlace:47665,190,4.019232657253177,49.43656168421408
2204,2,IDFM:monomodalStopPlace:427870,IDFM:471264,240,5.482745488861164,67.43776951299233
2205,6,IDFM:monomodalStopPlace:427870,IDFM:472483,179,0.1431156824235537,0.0
2206,2,IDFM:monomodalStopPlace:427870,IDFM:473004,540,13.655129496257308,167.9580928039649
2207,2,IDFM:monomodalStopPlace:427870,IDFM:monomodalStopPlace:43219,1110,32.04728061235554,394.1815515319732
2208,2,IDFM:monomodalStopPlace:427870,IDFM:monomodalStopPlace:43235,320,6.659753302143009,81.91496561635901
2209,2,IDFM:monomodalStopPlace:427870,IDFM:monomodalStopPlace:461504,800,25.661972172639818,315.6422577234697
2210,2,IDFM:monomodalStopPlace:427872,IDFM:monomodalStopPlace:43211,230,5.809347190908783,71.45497044817803
2211,2,IDFM:monomodalStopPlace:427872,IDFM:monomodalStopPlace:47322,380,9.110355481967574,112.05737242820116
2212,2,IDFM:monomodalStopPlace:43044,IDFM:monomodalStopPlace:43127,130,2.4500106805037274,30.13513137019585
2213,2,IDFM:monomodalStopPlace:43044,IDFM:monomodalStopPlace:47901,90,1.2275373990169107,15.098710007908004
2214,6,IDFM:monomodalStopPlace:43066,IDFM:462400,150,0.02188290571632345,0.0
2215,2,IDFM:monomodalStopPlace:43066,IDFM:monomodalStopPlace:43124,95,1.5384297657646275,18.92268611890492
2216,2,IDFM:monomodalStopPlace:43066,IDFM:monomodalStopPlace:43228,128,2.1763465780505524,26.769062910021795
2217,2,IDFM:monomodalStopPlace:43066,IDFM:monomodalStopPlace:46007,71,0.9483759490099652,11.665024172822571
2218,2,IDFM:monomodalStopPlace:43066,IDFM:monomodalStopPlace:47009,407,6.714115847545996,82.58362492481575
2219,2,IDFM:monomodalStopPlace:43066,IDFM:monomodalStopPlace:58774,255,5.145614942934918,63.29106379809949
2220,2,IDFM:monomodalStopPlace:43067,IDFM:monomodalStopPlace:43607,93,1.3430621377793777,16.519664294686347
2221,2,IDFM:monomodalStopPlace:43067,IDFM:monomodalStopPlace:44493,68,0.8559278932409725,10.527913086863965
2222,2,IDFM:monomodalStopPlace:43068,IDFM:monomodalStopPlace:415484,100,1.559367144086892,19.18021587226877
2223,2,IDFM:monomodalStopPlace:43068,IDFM:monomodalStopPlace:47939,160,2.2136361673907787,27.22772485890658
2224,2,IDFM:monomodalStopPlace:43069,IDFM:monomodalStopPlace:43112,110,1.6072905143274068,19.769673326227103
2225,2,IDFM:monomodalStopPlace:43069,IDFM:monomodalStopPlace:43118,170,3.006652536152799,36.98182619467943
2226,2,IDFM:monomodalStopPlace:43069,IDFM:monomodalStopPlace:470549,260,4.150037058940422,51.04545582496719
2227,2,IDFM:monomodalStopPlace:43069,IDFM:monomodalStopPlace:47875,330,5.659725407570047,69.61462251311158
2228,2,IDFM:monomodalStopPlace:43069,IDFM:monomodalStopPlace:47923,90,1.213135205506776,14.921563027733344
2229,2,IDFM:monomodalStopPlace:43069,IDFM:monomodalStopPlace:51238,110,1.4409876818666456,17.72414848695974
2230,2,IDFM:monomodalStopPlace:43069,IDFM:monomodalStopPlace:58566,380,5.020190671807064,61.74834526322689
2231,2,IDFM:monomodalStopPlace:43070,IDFM:monomodalStopPlace:47881,280,6.0015027335944335,73.81848362321153
2232,2,IDFM:monomodalStopPlace:43070,IDFM:monomodalStopPlace:47882,170,3.532880743177442,43.45443314108254
2233,6,IDFM:monomodalStopPlace:43071,IDFM:472147,252,0.09445880763980236,0.0
2234,2,IDFM:monomodalStopPlace:43071,IDFM:monomodalStopPlace:43145,600,11.329928610337411,139.35812190715018
2235,2,IDFM:monomodalStopPlace:43071,IDFM:monomodalStopPlace:43164,500,13.51643949104911,166.25220573990407
2236,2,IDFM:monomodalStopPlace:43071,IDFM:monomodalStopPlace:43193,170,3.097236311948217,38.09600663696308
2237,2,IDFM:monomodalStopPlace:43071,IDFM:monomodalStopPlace:43194,170,3.3782659214163235,41.552670833420784
2238,2,IDFM:monomodalStopPlace:43071,IDFM:monomodalStopPlace:46163,100,1.6978015953125416,20.882959622344263
2239,2,IDFM:monomodalStopPlace:43071,IDFM:monomodalStopPlace:462394,910,13.301301055975475,163.60600298849835
2240,2,IDFM:monomodalStopPlace:43071,IDFM:monomodalStopPlace:462398,680,11.362102968180531,139.75386650862055
2241,2,IDFM:monomodalStopPlace:43071,IDFM:monomodalStopPlace:47878,330,5.530176616645424,68.02117238473872
2242,6,IDFM:monomodalStopPlace:43072,IDFM:21967,240,0.3809327878855763,0.0
2243,6,IDFM:monomodalStopPlace:43072,IDFM:463023,240,0.3231124667794696,0.0
2244,6,IDFM:monomodalStopPlace:43072,IDFM:471335,104,0.0805488509132559,0.0
2245,2,IDFM:monomodalStopPlace:43072,IDFM:471744,2760,49.55710722396599,609.5524188547818
2246,2,IDFM:monomodalStopPlace:43072,IDFM:471897,2040,54.482878344739106,670.139403640291
2247,2,IDFM:monomodalStopPlace:43072,IDFM:monomodalStopPlace:44877,190,2.51775082965882,30.96833520480349
2248,2,IDFM:monomodalStopPlace:43072,IDFM:monomodalStopPlace:45301,140,1.685253711396819,20.728620650180872
2249,2,IDFM:monomodalStopPlace:43072,IDFM:monomodalStopPlace:59049,2970,70.85716100753129,871.5430803926349
2250,2,IDFM:monomodalStopPlace:43073,IDFM:monomodalStopPlace:43120,140,2.4397451901478666,30.00886583881876
2251,2,IDFM:monomodalStopPlace:43073,IDFM:monomodalStopPlace:43190,170,3.4939880523327536,42.97605304369287
2252,2,IDFM:monomodalStopPlace:43074,IDFM:monomodalStopPlace:46568,150,2.998964974157195,36.8872691821335
2253,2,IDFM:monomodalStopPlace:43074,IDFM:monomodalStopPlace:58288,170,3.921585265534739,48.23549876607729
2254,2,IDFM:monomodalStopPlace:43075,IDFM:monomodalStopPlace:43078,130,2.656378834423622,32.673459663410554
2255,2,IDFM:monomodalStopPlace:43075,IDFM:monomodalStopPlace:46470,80,1.184726053496481,14.572130458006717
2256,2,IDFM:monomodalStopPlace:43075,IDFM:monomodalStopPlace:46477,110,1.5759338823064502,19.38398675236934
2257,2,IDFM:monomodalStopPlace:43075,IDFM:monomodalStopPlace:47898,180,3.177863626517371,39.08772260616367
2258,6,IDFM:monomodalStopPlace:43076,IDFM:486898,347,0.30612545854370604,0.0
2259,2,IDFM:monomodalStopPlace:43076,IDFM:monomodalStopPlace:43188,140,2.644343865395484,32.52542954436445
2260,2,IDFM:monomodalStopPlace:43076,IDFM:monomodalStopPlace:43192,110,1.9374209181041384,23.830277292680904
2261,6,IDFM:monomodalStopPlace:43077,IDFM:42102,379,0.25467632218809416,0.0
2262,6,IDFM:monomodalStopPlace:43077,IDFM:472986,233,0.09894703034995955,0.0
2263,2,IDFM:monomodalStopPlace:43077,IDFM:monomodalStopPlace:43130,150,2.726397043375821,33.534683633522604
2264,2,IDFM:monomodalStopPlace:43077,IDFM:monomodalStopPlace:43201,130,1.8777267869633107,23.096039479648724
2265,6,IDFM:monomodalStopPlace:43078,IDFM:470874,262,0.14200555540453,0.0
2266,2,IDFM:monomodalStopPlace:43078,IDFM:monomodalStopPlace:412743,170,3.270618446673368,40.228606894082425
2267,2,IDFM:monomodalStopPlace:43078,IDFM:monomodalStopPlace:43075,180,2.656378834423622,32.673459663410554
2268,2,IDFM:monomodalStopPlace:43078,IDFM:monomodalStopPlace:43190,310,5.931742790937829,72.9604363285353
2269,2,IDFM:monomodalStopPlace:43078,IDFM:monomodalStopPlace:462394,480,9.950877756315858,122.39579640268506
2270,2,IDFM:monomodalStopPlace:43078,IDFM:monomodalStopPlace:46470,100,1.471783235936427,18.10293380201805
2271,2,IDFM:monomodalStopPlace:43078,IDFM:monomodalStopPlace:473159,160,2.4320781920890564,29.9145617626954
2272,2,IDFM:monomodalStopPlace:43079,IDFM:monomodalStopPlace:47447,220,2.7685937357391968,34.05370294959212
2273,2,IDFM:monomodalStopPlace:43079,IDFM:monomodalStopPlace:47955,150,2.9178331707483625,35.88934800020486
2274,2,IDFM:monomodalStopPlace:43081,IDFM:471897,370,7.84627421847848,96.5091728872853
2275,2,IDFM:monomodalStopPlace:43081,IDFM:monomodalStopPlace:47927,150,3.1047949512337394,38.188977900175
2276,2,IDFM:monomodalStopPlace:43082,IDFM:monomodalStopPlace:43169,250,4.459008539324385,54.84580503368994
2277,2,IDFM:monomodalStopPlace:43082,IDFM:monomodalStopPlace:43170,190,3.42350119454806,42.10906469294113
2278,2,IDFM:monomodalStopPlace:43082,IDFM:monomodalStopPlace:43191,160,3.2306351147348678,39.73681191123887
2279,2,IDFM:monomodalStopPlace:43082,IDFM:monomodalStopPlace:47874,520,12.241218689442016,150.5669898801368
2280,2,IDFM:monomodalStopPlace:43082,IDFM:monomodalStopPlace:47964,780,18.704670494014,230.06744707637216
2281,2,IDFM:monomodalStopPlace:43082,IDFM:monomodalStopPlace:58566,730,12.926932961059412,159.00127542103078
2282,2,IDFM:monomodalStopPlace:43083,IDFM:monomodalStopPlace:43091,110,1.7799671804374495,21.89359631938063
2283,2,IDFM:monomodalStopPlace:43083,IDFM:monomodalStopPlace:58774,270,3.066561462582018,37.71870598975882
2284,2,IDFM:monomodalStopPlace:43084,IDFM:monomodalStopPlace:43163,130,2.0751472691505364,25.5243114105516
2285,2,IDFM:monomodalStopPlace:43084,IDFM:monomodalStopPlace:462357,120,1.5189341492900508,18.682890036267622
2286,2,IDFM:monomodalStopPlace:43086,IDFM:monomodalStopPlace:43103,87,1.3993510894711485,17.21201840049513
2287,2,IDFM:monomodalStopPlace:43086,IDFM:monomodalStopPlace:43232,104,1.4484127380767824,17.815476678344424
2288,2,IDFM:monomodalStopPlace:43087,IDFM:monomodalStopPlace:43142,260,6.013022077272121,73.96017155044709
2289,2,IDFM:monomodalStopPlace:43087,IDFM:monomodalStopPlace:47899,290,7.27723841620244,89.51003251929002
2290,2,IDFM:monomodalStopPlace:43088,IDFM:monomodalStopPlace:43162,100,1.2314063632441414,15.14629826790294
2291,2,IDFM:monomodalStopPlace:43088,IDFM:monomodalStopPlace:43195,110,1.2878223725124105,15.840215181902646
2292,2,IDFM:monomodalStopPlace:43090,IDFM:monomodalStopPlace:43206,120,1.6566202884921633,20.376429548453608
2293,2,IDFM:monomodalStopPlace:43090,IDFM:monomodalStopPlace:47580,120,1.6912759990351085,20.802694788131834
2294,2,IDFM:monomodalStopPlace:43091,IDFM:monomodalStopPlace:43083,110,1.7799671804374495,21.89359631938063
2295,2,IDFM:monomodalStopPlace:43091,IDFM:monomodalStopPlace:43215,130,2.2436030800121927,27.59631788414997
2296,2,IDFM:monomodalStopPlace:43092,IDFM:monomodalStopPlace:411485,350,6.375348368904327,78.41678493752323
2297,2,IDFM:monomodalStopPlace:43092,IDFM:monomodalStopPlace:43102,190,3.941732848860149,48.48331404097984
2298,2,IDFM:monomodalStopPlace:43094,IDFM:monomodalStopPlace:58792,139,2.54408744387677,31.292275559684278
2299,6,IDFM:monomodalStopPlace:43096,IDFM:479491,244,0.21697018459630824,0.0
2300,2,IDFM:monomodalStopPlace:43096,IDFM:monomodalStopPlace:44201,150,1.747869437169884,21.49879407718957
2301,2,IDFM:monomodalStopPlace:43096,IDFM:monomodalStopPlace:47901,160,2.8898265642320213,35.54486674005386
2302,2,IDFM:monomodalStopPlace:43097,IDFM:monomodalStopPlace:43177,87,1.362872912049206,16.763336818205236
2303,2,IDFM:monomodalStopPlace:43097,IDFM:monomodalStopPlace:44493,119,1.861841151418647,22.90064616244936
2304,2,IDFM:monomodalStopPlace:43097,IDFM:monomodalStopPlace:46007,130,2.4671215371791435,30.345594907303468
2305,2,IDFM:monomodalStopPlace:43097,IDFM:monomodalStopPlace:473843,306,5.729242322936637,70.46968057212064
2306,2,IDFM:monomodalStopPlace:43097,IDFM:monomodalStopPlace:59206,87,1.2165035326774258,14.962993451932338
2307,2,IDFM:monomodalStopPlace:43098,IDFM:monomodalStopPlace:43076,360,8.410934523145384,103.45449463468825
2308,2,IDFM:monomodalStopPlace:43098,IDFM:monomodalStopPlace:43159,250,5.326064110573807,65.51058856005783
2309,2,IDFM:monomodalStopPlace:43098,IDFM:monomodalStopPlace:43202,200,3.7266393510918414,45.83766401842965
2310,2,IDFM:monomodalStopPlace:43098,IDFM:monomodalStopPlace:45739,510,12.652195568134976,155.6220054880602
2311,2,IDFM:monomodalStopPlace:43098,IDFM:monomodalStopPlace:47939,230,3.616545894472592,44.48351450201288
2312,2,IDFM:monomodalStopPlace:43099,IDFM:monomodalStopPlace:47925,170,2.5127449171507243,30.906762480953912
2313,2,IDFM:monomodalStopPlace:43099,IDFM:monomodalStopPlace:47952,210,4.205282771861077,51.724978093891245
2314,2,IDFM:monomodalStopPlace:43101,IDFM:monomodalStopPlace:43172,94,1.3273084593850182,16.325894050435725
2315,2,IDFM:monomodalStopPlace:43101,IDFM:monomodalStopPlace:474082,133,2.0215931936808094,24.865596282273955
2316,2,IDFM:monomodalStopPlace:43102,IDFM:monomodalStopPlace:43092,190,3.941732848860149,48.48331404097984
2317,2,IDFM:monomodalStopPlace:43102,IDFM:monomodalStopPlace:43156,150,2.884880164895699,35.4840260282171
2318,2,IDFM:monomodalStopPlace:43103,IDFM:monomodalStopPlace:43086,120,1.3993510894711485,17.21201840049513
2319,2,IDFM:monomodalStopPlace:43103,IDFM:monomodalStopPlace:47046,82,1.0812225956884285,13.299037926967667
2320,2,IDFM:monomodalStopPlace:43104,IDFM:monomodalStopPlace:47897,130,1.9312828974942555,23.754779639179343
2321,2,IDFM:monomodalStopPlace:43105,IDFM:monomodalStopPlace:43126,130,2.208504585636821,27.164606403332897
2322,2,IDFM:monomodalStopPlace:43105,IDFM:monomodalStopPlace:47898,110,1.2971102186811476,15.954455689778117
2323,6,IDFM:monomodalStopPlace:43106,IDFM:470966,25,0.0233318554175661,0.0
2324,2,IDFM:monomodalStopPlace:43106,IDFM:monomodalStopPlace:43218,250,4.517352359475572,55.56343402154953
2325,2,IDFM:monomodalStopPlace:43106,IDFM:monomodalStopPlace:470195,2490,66.2260412151612,814.5803069464829
2326,2,IDFM:monomodalStopPlace:43106,IDFM:monomodalStopPlace:47136,240,4.904103345300929,60.32047114720143
2327,2,IDFM:monomodalStopPlace:43106,IDFM:monomodalStopPlace:47910,540,12.69790296526114,156.18420647271202
2328,2,IDFM:monomodalStopPlace:43107,IDFM:monomodalStopPlace:43123,200,4.6782528585926615,57.54251016068974
2329,2,IDFM:monomodalStopPlace:43107,IDFM:monomodalStopPlace:45804,170,3.2817037366248423,40.36495596048556
2330,2,IDFM:monomodalStopPlace:43108,IDFM:monomodalStopPlace:43195,170,2.977379756400087,36.62177100372107
2331,2,IDFM:monomodalStopPlace:43108,IDFM:monomodalStopPlace:462388,120,1.6103739977296947,19.807600172075247
2332,6,IDFM:monomodalStopPlace:43110,IDFM:478978,480,0.46102945642798016,0.0
2333,2,IDFM:monomodalStopPlace:43110,IDFM:monomodalStopPlace:43227,190,2.38397763047549,29.322924854848527
2334,2,IDFM:monomodalStopPlace:43110,IDFM:monomodalStopPlace:45301,350,8.77860623836267,107.97685673186083
2335,2,IDFM:monomodalStopPlace:43110,IDFM:monomodalStopPlace:45739,370,9.7731718874416,120.2100142155317
2336,2,IDFM:monomodalStopPlace:43110,IDFM:monomodalStopPlace:46298,150,2.4444647095412355,30.0669159273572
2337,2,IDFM:monomodalStopPlace:43110,IDFM:monomodalStopPlace:46307,200,3.346516649535064,41.162154789281296
2338,2,IDFM:monomodalStopPlace:43110,IDFM:monomodalStopPlace:46375,240,4.710759591200354,57.942342971764354
2339,2,IDFM:monomodalStopPlace:43111,IDFM:monomodalStopPlace:43162,160,2.641172021762705,32.48641586768127
2340,2,IDFM:monomodalStopPlace:43111,IDFM:monomodalStopPlace:43214,120,1.5807897388873478,19.44371378831438
2341,2,IDFM:monomodalStopPlace:43111,IDFM:monomodalStopPlace:43238,350,4.706692450050494,57.89231713562108
2342,2,IDFM:monomodalStopPlace:43111,IDFM:monomodalStopPlace:462388,470,8.81797649622777,108.46111090360158
2343,2,IDFM:monomodalStopPlace:43112,IDFM:monomodalStopPlace:43069,120,1.6072905143274068,19.769673326227103
2344,2,IDFM:monomodalStopPlace:43112,IDFM:monomodalStopPlace:45493,110,1.746241648656588,21.478772278476036
2345,2,IDFM:monomodalStopPlace:43113,IDFM:monomodalStopPlace:43236,90,1.0019647242346807,12.324166108086574
2346,2,IDFM:monomodalStopPlace:43113,IDFM:monomodalStopPlace:51238,140,1.6223629426428878,19.95506419450752
2347,2,IDFM:monomodalStopPlace:43114,IDFM:monomodalStopPlace:43160,110,1.3744066775099344,16.905202133372192
2348,2,IDFM:monomodalStopPlace:43114,IDFM:monomodalStopPlace:46647,130,2.635724252926268,32.41940831099309
2349,2,IDFM:monomodalStopPlace:43114,IDFM:monomodalStopPlace:47447,120,2.1495463728152244,26.439420385627265
2350,2,IDFM:monomodalStopPlace:43114,IDFM:monomodalStopPlace:47879,150,2.9048467781046594,35.72961537068731
2351,2,IDFM:monomodalStopPlace:43115,IDFM:monomodalStopPlace:45745,200,3.196997161819333,39.3230650903778
2352,2,IDFM:monomodalStopPlace:43115,IDFM:monomodalStopPlace:45759,110,1.225529518181322,15.07401307363026
2353,2,IDFM:monomodalStopPlace:43115,IDFM:monomodalStopPlace:45761,230,3.371310867405932,41.46712366909296
2354,2,IDFM:monomodalStopPlace:43115,IDFM:monomodalStopPlace:45850,180,2.1563087017697717,26.52259703176819
2355,2,IDFM:monomodalStopPlace:43116,IDFM:monomodalStopPlace:43143,120,1.7899456707099772,22.01633174973272
2356,2,IDFM:monomodalStopPlace:43116,IDFM:monomodalStopPlace:43212,180,4.045787758331156,49.76318942747322
2357,2,IDFM:monomodalStopPlace:43116,IDFM:monomodalStopPlace:47447,340,8.703360413295668,107.05133308353672
2358,2,IDFM:monomodalStopPlace:43116,IDFM:monomodalStopPlace:47603,170,3.774115088399122,46.421615587309205
2359,2,IDFM:monomodalStopPlace:43116,IDFM:monomodalStopPlace:47875,330,6.115088011603703,75.21558254272556
2360,2,IDFM:monomodalStopPlace:43117,IDFM:monomodalStopPlace:47943,310,3.296678933838047,40.54915088620798
2361,2,IDFM:monomodalStopPlace:43118,IDFM:monomodalStopPlace:43069,160,3.006652536152799,36.98182619467943
2362,2,IDFM:monomodalStopPlace:43118,IDFM:monomodalStopPlace:470549,90,1.219336210700917,14.99783539162128
2363,2,IDFM:monomodalStopPlace:43118,IDFM:monomodalStopPlace:47923,110,1.8674464383393197,22.96959119157363
2364,2,IDFM:monomodalStopPlace:43120,IDFM:monomodalStopPlace:43073,130,2.4397451901478666,30.00886583881876
2365,2,IDFM:monomodalStopPlace:43120,IDFM:monomodalStopPlace:47517,130,1.970158909035394,24.232954581135346
2366,2,IDFM:monomodalStopPlace:43122,IDFM:monomodalStopPlace:43231,140,2.4542678431986813,30.187494471343783
2367,2,IDFM:monomodalStopPlace:43122,IDFM:monomodalStopPlace:46163,100,1.7234362792530662,21.19826623481272
2368,2,IDFM:monomodalStopPlace:43123,IDFM:monomodalStopPlace:43107,210,4.6782528585926615,57.54251016068974
2369,2,IDFM:monomodalStopPlace:43123,IDFM:monomodalStopPlace:47145,260,5.77291621823044,71.00686948423441
2370,2,IDFM:monomodalStopPlace:43124,IDFM:monomodalStopPlace:43066,96,1.5384297657646275,18.92268611890492
2371,2,IDFM:monomodalStopPlace:43124,IDFM:monomodalStopPlace:43228,64,0.7783100405375615,9.573213498612006
2372,2,IDFM:monomodalStopPlace:43125,IDFM:monomodalStopPlace:43186,116,1.35051029143767,16.611276584683342
2373,2,IDFM:monomodalStopPlace:43125,IDFM:monomodalStopPlace:59206,74,0.905252019849574,11.13459984414976
2374,2,IDFM:monomodalStopPlace:43126,IDFM:monomodalStopPlace:43105,150,2.208504585636821,27.164606403332897
2375,2,IDFM:monomodalStopPlace:43126,IDFM:monomodalStopPlace:43166,170,3.632321412625745,44.67755337529667
2376,2,IDFM:monomodalStopPlace:43127,IDFM:monomodalStopPlace:43044,140,2.4500106805037274,30.13513137019585
2377,2,IDFM:monomodalStopPlace:43127,IDFM:monomodalStopPlace:58879,140,2.6033961568893638,32.02177272973917
2378,2,IDFM:monomodalStopPlace:43129,IDFM:monomodalStopPlace:43137,150,3.239020583738313,39.83995317998125
2379,2,IDFM:monomodalStopPlace:43129,IDFM:monomodalStopPlace:46975,120,2.1646897695892147,26.62568416594734
2380,2,IDFM:monomodalStopPlace:43130,IDFM:monomodalStopPlace:43077,140,2.726397043375821,33.534683633522604
2381,2,IDFM:monomodalStopPlace:43130,IDFM:monomodalStopPlace:43230,110,1.6293689711867638,20.0412383455972
2382,2,IDFM:monomodalStopPlace:43131,IDFM:monomodalStopPlace:43208,280,2.8220978814087534,34.711803941327666
2383,2,IDFM:monomodalStopPlace:43131,IDFM:monomodalStopPlace:462901,190,4.406878031058233,54.204599782016274
2384,2,IDFM:monomodalStopPlace:43132,IDFM:monomodalStopPlace:43225,160,2.817175679406424,34.65126085669902
2385,2,IDFM:monomodalStopPlace:43132,IDFM:monomodalStopPlace:45739,220,4.601062286314016,56.5930661216624
2386,2,IDFM:monomodalStopPlace:43132,IDFM:monomodalStopPlace:48489,170,2.539025440695293,31.23001292055211
2387,2,IDFM:monomodalStopPlace:43133,IDFM:monomodalStopPlace:43190,130,1.9777183498571416,24.325935703242845
2388,2,IDFM:monomodalStopPlace:43133,IDFM:monomodalStopPlace:473159,110,1.683129601175844,20.70249409446288
2389,2,IDFM:monomodalStopPlace:43135,IDFM:monomodalStopPlace:44801,117,2.063608114705365,25.382379810875992
2390,2,IDFM:monomodalStopPlace:43135,IDFM:monomodalStopPlace:47886,103,1.800640514120671,22.147878323684253
2391,2,IDFM:monomodalStopPlace:43136,IDFM:monomodalStopPlace:43215,150,2.481973216489152,30.52827056281657
2392,2,IDFM:monomodalStopPlace:43136,IDFM:monomodalStopPlace:57674,120,1.6986772666482113,20.893730379773
2393,2,IDFM:monomodalStopPlace:43137,IDFM:monomodalStopPlace:43129,160,3.239020583738313,39.83995317998125
2394,2,IDFM:monomodalStopPlace:43137,IDFM:monomodalStopPlace:46897,200,5.101260290177777,62.74550156918666
2395,2,IDFM:monomodalStopPlace:43140,IDFM:monomodalStopPlace:43145,120,2.1408302161138484,26.332211658200336
2396,2,IDFM:monomodalStopPlace:43140,IDFM:monomodalStopPlace:43231,160,3.436710969836478,42.27154492898868
2397,2,IDFM:monomodalStopPlace:43142,IDFM:monomodalStopPlace:43087,260,6.013022077272121,73.96017155044709
2398,2,IDFM:monomodalStopPlace:43142,IDFM:monomodalStopPlace:47895,310,6.853309789981624,84.29571041677399
2399,2,IDFM:monomodalStopPlace:43143,IDFM:monomodalStopPlace:43116,120,1.7899456707099772,22.01633174973272
2400,2,IDFM:monomodalStopPlace:43143,IDFM:monomodalStopPlace:43212,240,5.769200210626026,70.96116259070011
2401,2,IDFM:monomodalStopPlace:43143,IDFM:monomodalStopPlace:47447,270,7.187458619286453,88.40574101722338
2402,2,IDFM:monomodalStopPlace:43143,IDFM:monomodalStopPlace:47603,120,2.007109924187026,24.68745206750042
2403,2,IDFM:monomodalStopPlace:43144,IDFM:monomodalStopPlace:43218,210,4.762389156441768,58.57738662423375
2404,2,IDFM:monomodalStopPlace:43144,IDFM:monomodalStopPlace:47910,280,3.878324135480325,47.703386866408
2405,2,IDFM:monomodalStopPlace:43145,IDFM:monomodalStopPlace:43071,600,11.329928610337411,139.35812190715018
2406,2,IDFM:monomodalStopPlace:43145,IDFM:monomodalStopPlace:43140,120,2.1408302161138484,26.332211658200336
2407,2,IDFM:monomodalStopPlace:43145,IDFM:monomodalStopPlace:462394,280,4.599648889245737,56.57568133772256
2408,2,IDFM:monomodalStopPlace:43146,IDFM:monomodalStopPlace:58270,96,1.4874032323097313,18.295059757409696
2409,2,IDFM:monomodalStopPlace:43146,IDFM:monomodalStopPlace:58792,148,3.013768298975993,37.06935007740472
2410,2,IDFM:monomodalStopPlace:43147,IDFM:monomodalStopPlace:43209,300,5.913340929950989,72.73409343839717
2411,2,IDFM:monomodalStopPlace:43147,IDFM:monomodalStopPlace:47932,140,2.337196213486835,28.747513425888076
2412,2,IDFM:monomodalStopPlace:43149,IDFM:monomodalStopPlace:47905,160,3.3592466376465047,41.318733643052006
2413,2,IDFM:monomodalStopPlace:43149,IDFM:monomodalStopPlace:47927,180,3.4789692421557645,42.79132167851591
2414,2,IDFM:monomodalStopPlace:43150,IDFM:monomodalStopPlace:43180,150,2.9247820098103063,35.97481872066677
2415,2,IDFM:monomodalStopPlace:43150,IDFM:monomodalStopPlace:47599,150,2.393298764184692,29.437574799471715
2416,2,IDFM:monomodalStopPlace:43151,IDFM:monomodalStopPlace:46965,150,2.7099234295403094,33.33205818334581
2417,2,IDFM:monomodalStopPlace:43151,IDFM:monomodalStopPlace:46975,140,3.120594721883347,38.38331507916517
2418,2,IDFM:monomodalStopPlace:43152,IDFM:monomodalStopPlace:43207,105,1.8644610094566816,22.932870416317183
2419,2,IDFM:monomodalStopPlace:43152,IDFM:monomodalStopPlace:44199,96,1.4811510834303827,18.21815832619371
2420,2,IDFM:monomodalStopPlace:43152,IDFM:monomodalStopPlace:58937,201,4.478339007237271,55.08356978901844
2421,2,IDFM:monomodalStopPlace:43154,IDFM:monomodalStopPlace:464040,120,1.772663232104252,21.8037577548823
2422,2,IDFM:monomodalStopPlace:43154,IDFM:monomodalStopPlace:470195,350,6.749810324115947,83.02266698662615
2423,2,IDFM:monomodalStopPlace:43156,IDFM:monomodalStopPlace:43102,160,2.884880164895699,35.4840260282171
2424,2,IDFM:monomodalStopPlace:43156,IDFM:monomodalStopPlace:47895,250,5.401790561962829,66.4420239121428
2425,2,IDFM:monomodalStopPlace:43159,IDFM:monomodalStopPlace:43098,230,5.326064110573807,65.51058856005783
2426,2,IDFM:monomodalStopPlace:43159,IDFM:monomodalStopPlace:47905,210,4.187335262458336,51.504223728237534
2427,2,IDFM:monomodalStopPlace:43160,IDFM:monomodalStopPlace:43114,100,1.3744066775099344,16.905202133372192
2428,2,IDFM:monomodalStopPlace:43160,IDFM:monomodalStopPlace:47916,110,1.8159215118147287,22.33583459532117
2429,2,IDFM:monomodalStopPlace:43161,IDFM:monomodalStopPlace:470519,1510,44.2486745256349,544.2586966653093
2430,2,IDFM:monomodalStopPlace:43161,IDFM:monomodalStopPlace:47322,360,8.706779440864144,107.09338712262898
2431,2,IDFM:monomodalStopPlace:43161,IDFM:monomodalStopPlace:47962,260,6.428939763982855,79.07595909698911
2432,2,IDFM:monomodalStopPlace:43162,IDFM:monomodalStopPlace:43088,100,1.2314063632441414,15.14629826790294
2433,2,IDFM:monomodalStopPlace:43162,IDFM:monomodalStopPlace:43111,150,2.641172021762705,32.48641586768127
2434,2,IDFM:monomodalStopPlace:43163,IDFM:monomodalStopPlace:43084,130,2.0751472691505364,25.5243114105516
2435,2,IDFM:monomodalStopPlace:43163,IDFM:monomodalStopPlace:47883,270,4.94823650104961,60.86330896291021
2436,2,IDFM:monomodalStopPlace:43164,IDFM:monomodalStopPlace:43071,430,13.51643949104911,166.25220573990407
2437,2,IDFM:monomodalStopPlace:43164,IDFM:monomodalStopPlace:462394,1440,26.80002714688564,329.6403339066934
2438,2,IDFM:monomodalStopPlace:43164,IDFM:monomodalStopPlace:46725,200,4.366801314515902,53.7116561685456
2439,2,IDFM:monomodalStopPlace:43164,IDFM:monomodalStopPlace:46731,160,2.758141148463992,33.925136126107105
2440,2,IDFM:monomodalStopPlace:43164,IDFM:monomodalStopPlace:46736,320,8.644912642715184,106.33242550539676
2441,2,IDFM:monomodalStopPlace:43166,IDFM:monomodalStopPlace:43126,190,3.632321412625745,44.67755337529667
2442,2,IDFM:monomodalStopPlace:43166,IDFM:monomodalStopPlace:43180,170,3.8127576626776416,46.89691925093499
2443,2,IDFM:monomodalStopPlace:43167,IDFM:monomodalStopPlace:44602,170,1.416137677358417,17.418493431508526
2444,2,IDFM:monomodalStopPlace:43167,IDFM:monomodalStopPlace:46689,90,1.250291112339312,15.378580681773537
2445,2,IDFM:monomodalStopPlace:43168,IDFM:monomodalStopPlace:43190,440,9.73690770130229,119.76396472601816
2446,2,IDFM:monomodalStopPlace:43168,IDFM:monomodalStopPlace:47517,140,2.692609711494235,33.11909945137909
2447,2,IDFM:monomodalStopPlace:43168,IDFM:monomodalStopPlace:47522,140,2.863169358755039,35.21698311268698
2448,2,IDFM:monomodalStopPlace:43168,IDFM:monomodalStopPlace:47946,330,6.744878018310415,82.96199962521811
2449,2,IDFM:monomodalStopPlace:43169,IDFM:monomodalStopPlace:43082,230,4.459008539324385,54.84580503368994
2450,2,IDFM:monomodalStopPlace:43169,IDFM:monomodalStopPlace:43170,97,1.0394871160528387,12.785691527449917
2451,2,IDFM:monomodalStopPlace:43169,IDFM:monomodalStopPlace:470549,100,1.3791205368578578,16.96318260335165
2452,6,IDFM:monomodalStopPlace:43169,IDFM:monomodalStopPlace:487011,300,0.3710254141299722,0.0
2453,2,IDFM:monomodalStopPlace:43170,IDFM:monomodalStopPlace:43082,200,3.42350119454806,42.10906469294113
2454,2,IDFM:monomodalStopPlace:43170,IDFM:monomodalStopPlace:43169,99,1.0394871160528387,12.785691527449917
2455,2,IDFM:monomodalStopPlace:43170,IDFM:monomodalStopPlace:43171,107,1.7343283840030348,21.33223912323733
2456,2,IDFM:monomodalStopPlace:43170,IDFM:monomodalStopPlace:470549,180,2.3813177059048813,29.29020778263004
2457,2,IDFM:monomodalStopPlace:43170,IDFM:monomodalStopPlace:47412,130,2.45721522210997,30.223747231952636
2458,2,IDFM:monomodalStopPlace:43171,IDFM:monomodalStopPlace:43170,103,1.7343283840030348,21.33223912323733
2459,2,IDFM:monomodalStopPlace:43171,IDFM:monomodalStopPlace:58875,112,2.1311099368477024,26.21265222322674
2460,2,IDFM:monomodalStopPlace:43172,IDFM:monomodalStopPlace:43101,96,1.3273084593850182,16.325894050435725
2461,2,IDFM:monomodalStopPlace:43172,IDFM:monomodalStopPlace:474082,176,3.2413566509837124,39.868686807099664
2462,2,IDFM:monomodalStopPlace:43172,IDFM:monomodalStopPlace:47900,126,2.1598612973509863,26.56629395741713
2463,2,IDFM:monomodalStopPlace:43175,IDFM:monomodalStopPlace:47009,81,1.3143309619366534,16.16627083182084
2464,2,IDFM:monomodalStopPlace:43175,IDFM:monomodalStopPlace:474069,128,2.0964585222012837,25.786439823075785
2465,6,IDFM:monomodalStopPlace:43176,IDFM:24398,484,0.5059192674065585,0.0
2466,2,IDFM:monomodalStopPlace:43176,IDFM:monomodalStopPlace:44201,210,4.891915793940383,60.17056426546671
2467,2,IDFM:monomodalStopPlace:43176,IDFM:monomodalStopPlace:470519,530,4.230344168931231,52.03323327785415
2468,2,IDFM:monomodalStopPlace:43176,IDFM:monomodalStopPlace:47900,670,9.277621784356278,114.11474794758222
2469,2,IDFM:monomodalStopPlace:43176,IDFM:monomodalStopPlace:58498,140,2.305258770345004,28.35468287524355
2470,2,IDFM:monomodalStopPlace:43177,IDFM:monomodalStopPlace:43097,89,1.362872912049206,16.763336818205236
2471,2,IDFM:monomodalStopPlace:43177,IDFM:monomodalStopPlace:46007,79,1.1311436789086458,13.913067250576344
2472,6,IDFM:monomodalStopPlace:43178,IDFM:472536,25,0.021300616203452298,0.0
2473,2,IDFM:monomodalStopPlace:43178,IDFM:472914,2730,38.98056846147945,479.4609920761973
2474,2,IDFM:monomodalStopPlace:43178,IDFM:monomodalStopPlace:462394,1950,34.561232966643274,425.1031654897123
2475,2,IDFM:monomodalStopPlace:43178,IDFM:monomodalStopPlace:47530,240,1.895271840328537,23.311843636041004
2476,2,IDFM:monomodalStopPlace:43178,IDFM:monomodalStopPlace:47533,240,4.049979468626316,49.81474746410369
2477,2,IDFM:monomodalStopPlace:43178,IDFM:monomodalStopPlace:47590,230,3.2620121391892325,40.122749312027565
2478,6,IDFM:monomodalStopPlace:43179,IDFM:471933,240,0.4199522637237849,0.0
2479,2,IDFM:monomodalStopPlace:43179,IDFM:monomodalStopPlace:412743,190,4.138551703860764,50.9041859574874
2480,2,IDFM:monomodalStopPlace:43179,IDFM:monomodalStopPlace:43251,140,2.3907633136339523,29.406388757697616
2481,2,IDFM:monomodalStopPlace:43180,IDFM:monomodalStopPlace:43150,150,2.9247820098103063,35.97481872066677
2482,2,IDFM:monomodalStopPlace:43180,IDFM:monomodalStopPlace:43166,170,3.8127576626776416,46.89691925093499
2483,2,IDFM:monomodalStopPlace:43181,IDFM:monomodalStopPlace:43221,180,2.902081833450962,35.69560655144684
2484,2,IDFM:monomodalStopPlace:43181,IDFM:monomodalStopPlace:47885,150,1.4003714958376074,17.224569398802572
2485,2,IDFM:monomodalStopPlace:43183,IDFM:monomodalStopPlace:43220,190,1.9093548476623023,23.48506462624632
2486,2,IDFM:monomodalStopPlace:43183,IDFM:monomodalStopPlace:462388,120,1.712830751111482,21.06781823867123
2487,6,IDFM:monomodalStopPlace:43184,IDFM:22298,216,0.061281026978349,0.0
2488,2,IDFM:monomodalStopPlace:43184,IDFM:monomodalStopPlace:422065,220,3.753077973821768,46.16285907800774
2489,2,IDFM:monomodalStopPlace:43184,IDFM:monomodalStopPlace:43205,110,1.8296027821756229,22.50411422076016
2490,2,IDFM:monomodalStopPlace:43184,IDFM:monomodalStopPlace:470549,90,1.2024788389879764,14.79048971955211
2491,2,IDFM:monomodalStopPlace:43186,IDFM:monomodalStopPlace:43125,121,1.35051029143767,16.611276584683342
2492,2,IDFM:monomodalStopPlace:43188,IDFM:monomodalStopPlace:43076,150,2.644343865395484,32.52542954436445
2493,2,IDFM:monomodalStopPlace:43188,IDFM:monomodalStopPlace:43202,130,2.277306019075261,28.010864034625715
2494,2,IDFM:monomodalStopPlace:43189,IDFM:monomodalStopPlace:47875,220,3.1070124206109004,38.21625277351408
2495,2,IDFM:monomodalStopPlace:43189,IDFM:monomodalStopPlace:47898,180,1.3606091858714595,16.735492986218954
2496,2,IDFM:monomodalStopPlace:43190,IDFM:monomodalStopPlace:43073,170,3.4939880523327536,42.97605304369287
2497,2,IDFM:monomodalStopPlace:43190,IDFM:monomodalStopPlace:43078,280,5.931742790937829,72.9604363285353
2498,2,IDFM:monomodalStopPlace:43190,IDFM:monomodalStopPlace:43133,120,1.9777183498571416,24.325935703242845
2499,2,IDFM:monomodalStopPlace:43190,IDFM:monomodalStopPlace:43168,520,9.73690770130229,119.76396472601816
2500,2,IDFM:monomodalStopPlace:43190,IDFM:monomodalStopPlace:462394,740,14.599409534472167,179.57273727400766
2501,2,IDFM:monomodalStopPlace:43191,IDFM:monomodalStopPlace:43082,160,3.2306351147348678,39.73681191123887
2502,2,IDFM:monomodalStopPlace:43191,IDFM:monomodalStopPlace:46647,370,7.89354617770119,97.09061798572463
2503,2,IDFM:monomodalStopPlace:43191,IDFM:monomodalStopPlace:473109,90,1.4727908413441702,18.11532734853329
2504,2,IDFM:monomodalStopPlace:43192,IDFM:monomodalStopPlace:43076,120,1.9374209181041384,23.830277292680904
2505,2,IDFM:monomodalStopPlace:43192,IDFM:monomodalStopPlace:45739,190,3.1208873009558027,38.38691380175638
2506,2,IDFM:monomodalStopPlace:43193,IDFM:monomodalStopPlace:43071,170,3.097236311948217,38.09600663696308
2507,2,IDFM:monomodalStopPlace:43193,IDFM:monomodalStopPlace:58793,120,2.2284816415765825,27.410324191391965
2508,2,IDFM:monomodalStopPlace:43194,IDFM:monomodalStopPlace:43071,160,3.3782659214163235,41.552670833420784
2509,2,IDFM:monomodalStopPlace:43194,IDFM:monomodalStopPlace:46222,140,2.791780240200374,34.3388969544646
2510,2,IDFM:monomodalStopPlace:43195,IDFM:monomodalStopPlace:43088,100,1.2878223725124105,15.840215181902646
2511,2,IDFM:monomodalStopPlace:43195,IDFM:monomodalStopPlace:43108,170,2.977379756400087,36.62177100372107
2512,2,IDFM:monomodalStopPlace:43196,IDFM:monomodalStopPlace:422065,100,1.306865992427724,16.074451706861005
2513,2,IDFM:monomodalStopPlace:43196,IDFM:monomodalStopPlace:43205,240,3.290187018363882,40.46930032587575
2514,2,IDFM:monomodalStopPlace:43196,IDFM:monomodalStopPlace:470549,380,6.15757781855292,75.73820716820093
2515,2,IDFM:monomodalStopPlace:43196,IDFM:monomodalStopPlace:47767,190,2.793994441024808,34.36613162460514
2516,2,IDFM:monomodalStopPlace:43196,IDFM:monomodalStopPlace:47770,170,2.757027392716616,33.91143693041438
2517,6,IDFM:monomodalStopPlace:43198,IDFM:481067,180,0.3652960258494993,0.0
2518,2,IDFM:monomodalStopPlace:43198,IDFM:monomodalStopPlace:43237,190,2.2795955282293185,28.03902499722062
2519,2,IDFM:monomodalStopPlace:43201,IDFM:monomodalStopPlace:43077,120,1.8777267869633107,23.096039479648724
2520,2,IDFM:monomodalStopPlace:43201,IDFM:monomodalStopPlace:47898,190,2.495563470127628,30.69543068256982
2521,2,IDFM:monomodalStopPlace:43202,IDFM:monomodalStopPlace:43098,180,3.7266393510918414,45.83766401842965
2522,2,IDFM:monomodalStopPlace:43202,IDFM:monomodalStopPlace:43188,130,2.277306019075261,28.010864034625715
2523,6,IDFM:monomodalStopPlace:43203,IDFM:480341,240,0.0807939888309333,0.0
2524,2,IDFM:monomodalStopPlace:43203,IDFM:monomodalStopPlace:43230,180,2.190906399845865,26.94814871810414
2525,2,IDFM:monomodalStopPlace:43203,IDFM:monomodalStopPlace:44514,150,1.4340438731986298,17.638739640343147
2526,6,IDFM:monomodalStopPlace:43204,IDFM:490794,840,0.41464555192718233,0.0
2527,2,IDFM:monomodalStopPlace:43204,IDFM:monomodalStopPlace:412743,240,2.2300270048580613,27.429332159754157
2528,2,IDFM:monomodalStopPlace:43204,IDFM:monomodalStopPlace:43179,450,6.001599309561512,73.8196715076066
2529,2,IDFM:monomodalStopPlace:43204,IDFM:monomodalStopPlace:462394,270,4.555930860166161,56.03794958004378
2530,2,IDFM:monomodalStopPlace:43205,IDFM:monomodalStopPlace:422065,120,2.009896016604562,24.72172100423612
2531,2,IDFM:monomodalStopPlace:43205,IDFM:monomodalStopPlace:43184,130,1.8296027821756229,22.50411422076016
2532,2,IDFM:monomodalStopPlace:43205,IDFM:monomodalStopPlace:43196,220,3.290187018363882,40.46930032587575
2533,2,IDFM:monomodalStopPlace:43205,IDFM:monomodalStopPlace:470549,210,3.0050666911703936,36.96232030139584
2534,2,IDFM:monomodalStopPlace:43206,IDFM:monomodalStopPlace:43090,110,1.6566202884921633,20.376429548453608
2535,2,IDFM:monomodalStopPlace:43206,IDFM:monomodalStopPlace:47963,60,0.7305501787936279,8.985767199161623
2536,2,IDFM:monomodalStopPlace:43207,IDFM:monomodalStopPlace:43152,104,1.8644610094566816,22.932870416317183
2537,2,IDFM:monomodalStopPlace:43207,IDFM:monomodalStopPlace:43213,357,10.055274335183151,123.67987432275277
2538,2,IDFM:monomodalStopPlace:43207,IDFM:monomodalStopPlace:44199,157,3.277155572841801,40.30901354595416
2539,2,IDFM:monomodalStopPlace:43207,IDFM:monomodalStopPlace:58874,188,4.662847194678066,57.35302049454021
2540,2,IDFM:monomodalStopPlace:43208,IDFM:monomodalStopPlace:43131,260,2.8220978814087534,34.711803941327666
2541,2,IDFM:monomodalStopPlace:43208,IDFM:monomodalStopPlace:43247,350,9.288140901779148,114.24413309188353
2542,2,IDFM:monomodalStopPlace:43208,IDFM:monomodalStopPlace:470519,1710,37.99050866670502,467.28325660047176
2543,2,IDFM:monomodalStopPlace:43208,IDFM:monomodalStopPlace:58572,1810,38.2441134603352,470.402595562123
2544,2,IDFM:monomodalStopPlace:43209,IDFM:monomodalStopPlace:43147,300,5.913340929950989,72.73409343839717
2545,2,IDFM:monomodalStopPlace:43209,IDFM:monomodalStopPlace:461504,200,3.592127741712559,44.18317122306448
2546,2,IDFM:monomodalStopPlace:43211,IDFM:monomodalStopPlace:427872,250,5.809347190908783,71.45497044817803
2547,2,IDFM:monomodalStopPlace:43211,IDFM:monomodalStopPlace:58879,250,4.570923710030795,56.222361633378775
2548,2,IDFM:monomodalStopPlace:43212,IDFM:monomodalStopPlace:43116,190,4.045787758331156,49.76318942747322
2549,2,IDFM:monomodalStopPlace:43212,IDFM:monomodalStopPlace:43143,240,5.769200210626026,70.96116259070011
2550,2,IDFM:monomodalStopPlace:43212,IDFM:monomodalStopPlace:47603,270,7.776267600854946,95.64809149051584
2551,2,IDFM:monomodalStopPlace:43212,IDFM:monomodalStopPlace:47875,150,2.171864215339659,26.713929848677804
2552,2,IDFM:monomodalStopPlace:43213,IDFM:monomodalStopPlace:43207,349,10.055274335183151,123.67987432275277
2553,2,IDFM:monomodalStopPlace:43213,IDFM:monomodalStopPlace:43239,184,2.0903852176663333,25.711738177295903
2554,2,IDFM:monomodalStopPlace:43213,IDFM:monomodalStopPlace:58874,213,5.712879308291365,70.26841549198379
2555,2,IDFM:monomodalStopPlace:43214,IDFM:monomodalStopPlace:43111,120,1.5807897388873478,19.44371378831438
2556,2,IDFM:monomodalStopPlace:43214,IDFM:monomodalStopPlace:43238,310,3.293123789756668,40.50542261400702
2557,2,IDFM:monomodalStopPlace:43215,IDFM:monomodalStopPlace:43091,130,2.2436030800121927,27.59631788414997
2558,2,IDFM:monomodalStopPlace:43215,IDFM:monomodalStopPlace:43136,160,2.481973216489152,30.52827056281657
2559,2,IDFM:monomodalStopPlace:43216,IDFM:monomodalStopPlace:47770,170,2.903787832349697,35.71659033790128
2560,2,IDFM:monomodalStopPlace:43216,IDFM:monomodalStopPlace:47880,100,1.4330571622321897,17.626603095455934
2561,2,IDFM:monomodalStopPlace:43217,IDFM:monomodalStopPlace:46902,170,3.6797135841092894,45.26047708454426
2562,2,IDFM:monomodalStopPlace:43217,IDFM:monomodalStopPlace:46926,200,4.881297895861672,60.03996411909857
2563,2,IDFM:monomodalStopPlace:43218,IDFM:monomodalStopPlace:43106,250,4.517352359475572,55.56343402154953
2564,2,IDFM:monomodalStopPlace:43218,IDFM:monomodalStopPlace:43144,230,4.762389156441768,58.57738662423375
2565,6,IDFM:monomodalStopPlace:43219,IDFM:472407,49,0.042752408096532954,0.0
2566,6,IDFM:monomodalStopPlace:43219,IDFM:472737,37,0.0341819533398765,0.0
2567,2,IDFM:monomodalStopPlace:43219,IDFM:473004,1380,45.327367046076205,557.5266146667374
2568,2,IDFM:monomodalStopPlace:43219,IDFM:monomodalStopPlace:411492,2760,64.95843272277165,798.9887224900913
2569,2,IDFM:monomodalStopPlace:43219,IDFM:monomodalStopPlace:427870,1170,32.04728061235554,394.1815515319732
2570,2,IDFM:monomodalStopPlace:43219,IDFM:monomodalStopPlace:43238,750,16.24660778425344,199.83327574631736
2571,2,IDFM:monomodalStopPlace:43219,IDFM:monomodalStopPlace:43241,320,5.05814077718323,62.21513155935373
2572,2,IDFM:monomodalStopPlace:43219,IDFM:monomodalStopPlace:461504,360,7.6712428820106915,94.3562874487315
2573,2,IDFM:monomodalStopPlace:43219,IDFM:monomodalStopPlace:462388,200,3.1655930881874568,38.93679498470572
2574,2,IDFM:monomodalStopPlace:43219,IDFM:monomodalStopPlace:46990,320,5.258229414021839,64.67622179246862
2575,2,IDFM:monomodalStopPlace:43219,IDFM:monomodalStopPlace:47885,840,16.782853313652,206.42909575791964
2576,2,IDFM:monomodalStopPlace:43219,IDFM:monomodalStopPlace:57674,280,3.23253367093392,39.76016415248722
2577,2,IDFM:monomodalStopPlace:43220,IDFM:monomodalStopPlace:43183,200,1.9093548476623023,23.48506462624632
2578,2,IDFM:monomodalStopPlace:43221,IDFM:monomodalStopPlace:43181,170,2.902081833450962,35.69560655144684
2579,2,IDFM:monomodalStopPlace:43221,IDFM:monomodalStopPlace:47884,220,4.546090460384596,55.91691266273053
2580,2,IDFM:monomodalStopPlace:43222,IDFM:monomodalStopPlace:43251,150,3.1376446439956043,38.59302912114593
2581,2,IDFM:monomodalStopPlace:43222,IDFM:monomodalStopPlace:47876,280,5.427600590231553,66.75948725984811
2582,2,IDFM:monomodalStopPlace:43223,IDFM:monomodalStopPlace:47900,270,6.004727174859768,73.85814425077514
2583,2,IDFM:monomodalStopPlace:43223,IDFM:monomodalStopPlace:58267,160,2.588958035546032,31.8441838372162
2584,2,IDFM:monomodalStopPlace:43223,IDFM:monomodalStopPlace:58288,170,3.1433800397211566,38.66357448857023
2585,6,IDFM:monomodalStopPlace:43224,IDFM:22105,600,0.3831107465245214,0.0
2586,2,IDFM:monomodalStopPlace:43224,IDFM:monomodalStopPlace:470195,323,4.757732238743461,58.520106536544574
2587,2,IDFM:monomodalStopPlace:43224,IDFM:monomodalStopPlace:47238,138,2.6443240377278947,32.525185664053105
2588,2,IDFM:monomodalStopPlace:43224,IDFM:monomodalStopPlace:473875,160,3.0852323262185664,37.948357612488365
2589,2,IDFM:monomodalStopPlace:43224,IDFM:monomodalStopPlace:47900,226,4.832835145116056,59.44387228492749
2590,2,IDFM:monomodalStopPlace:43225,IDFM:monomodalStopPlace:43132,160,2.817175679406424,34.65126085669902
2591,2,IDFM:monomodalStopPlace:43225,IDFM:monomodalStopPlace:45739,120,1.792109775145632,22.04295023429128
2592,2,IDFM:monomodalStopPlace:43225,IDFM:monomodalStopPlace:47948,170,3.197596794767623,39.33044057564177
2593,2,IDFM:monomodalStopPlace:43226,IDFM:monomodalStopPlace:47684,110,1.8629469790761772,22.914247842636986
2594,2,IDFM:monomodalStopPlace:43226,IDFM:monomodalStopPlace:58873,130,2.2173743960884207,27.273705071887576
2595,2,IDFM:monomodalStopPlace:43227,IDFM:monomodalStopPlace:43110,130,2.38397763047549,29.322924854848527
2596,2,IDFM:monomodalStopPlace:43227,IDFM:monomodalStopPlace:45301,270,6.509734281216307,80.06973165896058
2597,2,IDFM:monomodalStopPlace:43227,IDFM:monomodalStopPlace:46375,170,2.348051094719699,28.8810284650523
2598,2,IDFM:monomodalStopPlace:43228,IDFM:monomodalStopPlace:43066,128,2.1763465780505524,26.769062910021795
2599,2,IDFM:monomodalStopPlace:43228,IDFM:monomodalStopPlace:43124,65,0.7783100405375615,9.573213498612006
2600,2,IDFM:monomodalStopPlace:43228,IDFM:monomodalStopPlace:47940,84,1.3455860972549367,16.550708996235723
2601,2,IDFM:monomodalStopPlace:43228,IDFM:monomodalStopPlace:58774,159,3.079006053528322,37.87177445839836
2602,2,IDFM:monomodalStopPlace:43229,IDFM:monomodalStopPlace:43235,200,4.56992265989316,56.21004871668587
2603,2,IDFM:monomodalStopPlace:43229,IDFM:monomodalStopPlace:47932,180,3.889444056498038,47.84016189492587
2604,2,IDFM:monomodalStopPlace:43230,IDFM:monomodalStopPlace:43130,110,1.6293689711867638,20.0412383455972
2605,2,IDFM:monomodalStopPlace:43230,IDFM:monomodalStopPlace:43203,180,2.190906399845865,26.94814871810414
2606,6,IDFM:monomodalStopPlace:43231,IDFM:470688,337,0.21299115495634519,0.0
2607,2,IDFM:monomodalStopPlace:43231,IDFM:monomodalStopPlace:43122,130,2.4542678431986813,30.187494471343783
2608,2,IDFM:monomodalStopPlace:43231,IDFM:monomodalStopPlace:43140,180,3.436710969836478,42.27154492898868
2609,2,IDFM:monomodalStopPlace:43232,IDFM:monomodalStopPlace:43086,93,1.4484127380767824,17.815476678344424
2610,2,IDFM:monomodalStopPlace:43232,IDFM:monomodalStopPlace:47009,231,4.671121666893155,57.45479650278581
2611,2,IDFM:monomodalStopPlace:43232,IDFM:monomodalStopPlace:474069,97,1.6669639495214907,20.503656579114335
2612,2,IDFM:monomodalStopPlace:43232,IDFM:monomodalStopPlace:58774,299,6.113064084308486,75.19068823699438
2613,2,IDFM:monomodalStopPlace:43234,IDFM:monomodalStopPlace:44801,79,1.1593872270904546,14.260462893212592
2614,2,IDFM:monomodalStopPlace:43234,IDFM:monomodalStopPlace:58270,116,2.02213327000063,24.87223922100775
2615,2,IDFM:monomodalStopPlace:43235,IDFM:monomodalStopPlace:427870,320,6.659753302143009,81.91496561635901
2616,2,IDFM:monomodalStopPlace:43235,IDFM:monomodalStopPlace:43229,200,4.56992265989316,56.21004871668587
2617,2,IDFM:monomodalStopPlace:43236,IDFM:monomodalStopPlace:43113,110,1.0019647242346807,12.324166108086574
2618,2,IDFM:monomodalStopPlace:43236,IDFM:monomodalStopPlace:47875,130,1.9571378041365872,24.072794990880023
2619,2,IDFM:monomodalStopPlace:43237,IDFM:monomodalStopPlace:43198,197,2.2795955282293185,28.03902499722062
2620,2,IDFM:monomodalStopPlace:43237,IDFM:monomodalStopPlace:53784,92,1.4318480599670558,17.611731137594788
2621,6,IDFM:monomodalStopPlace:43238,IDFM:22038,420,0.9366977934002917,0.0
2622,6,IDFM:monomodalStopPlace:43238,IDFM:462954,240,0.6183189933196955,0.0
2623,6,IDFM:monomodalStopPlace:43238,IDFM:462955,240,0.623495521155896,0.0
2624,6,IDFM:monomodalStopPlace:43238,IDFM:462996,480,0.9693218698408715,0.0
2625,6,IDFM:monomodalStopPlace:43238,IDFM:472325,145,0.1297023649225986,0.0
2626,2,IDFM:monomodalStopPlace:43238,IDFM:472407,870,16.227061878023463,199.5928610996886
2627,2,IDFM:monomodalStopPlace:43238,IDFM:472737,660,16.22654973831499,199.5865617812744
2628,2,IDFM:monomodalStopPlace:43238,IDFM:monomodalStopPlace:411492,2850,80.87356173338286,994.7448093206092
2629,2,IDFM:monomodalStopPlace:43238,IDFM:monomodalStopPlace:43111,330,4.706692450050494,57.89231713562108
2630,2,IDFM:monomodalStopPlace:43238,IDFM:monomodalStopPlace:43214,260,3.293123789756668,40.50542261400702
2631,2,IDFM:monomodalStopPlace:43238,IDFM:monomodalStopPlace:43219,750,16.24660778425344,199.83327574631736
2632,2,IDFM:monomodalStopPlace:43239,IDFM:monomodalStopPlace:43213,116,2.0903852176663333,25.711738177295903
2633,2,IDFM:monomodalStopPlace:43239,IDFM:monomodalStopPlace:58874,278,7.395772617629917,90.968003196848
2634,2,IDFM:monomodalStopPlace:43241,IDFM:monomodalStopPlace:43219,330,5.05814077718323,62.21513155935373
2635,2,IDFM:monomodalStopPlace:43241,IDFM:monomodalStopPlace:46689,130,2.0084279002740795,24.70366317337118
2636,2,IDFM:monomodalStopPlace:43241,IDFM:monomodalStopPlace:47767,150,2.0900911531484305,25.708121183725694
2637,6,IDFM:monomodalStopPlace:43245,IDFM:471867,21,0.01374584543564525,0.0
2638,2,IDFM:monomodalStopPlace:43245,IDFM:monomodalStopPlace:411482,960,33.860817781001685,416.4880587063208
2639,2,IDFM:monomodalStopPlace:43245,IDFM:monomodalStopPlace:47118,410,11.992272542032511,147.5049522669999
2640,2,IDFM:monomodalStopPlace:43245,IDFM:monomodalStopPlace:47119,250,5.272470201551987,64.85138347908945
2641,2,IDFM:monomodalStopPlace:43245,IDFM:monomodalStopPlace:47124,330,8.180840872811885,100.6243427355862
2642,2,IDFM:monomodalStopPlace:43245,IDFM:monomodalStopPlace:47130,850,17.07351777097551,210.0042685829988
2643,2,IDFM:monomodalStopPlace:43245,IDFM:monomodalStopPlace:479035,3630,77.20201822707904,949.5848241930722
2644,2,IDFM:monomodalStopPlace:43247,IDFM:monomodalStopPlace:43208,360,9.288140901779148,114.24413309188353
2645,2,IDFM:monomodalStopPlace:43247,IDFM:monomodalStopPlace:47942,290,7.725251743953182,95.02059645062414
2646,2,IDFM:monomodalStopPlace:43248,IDFM:monomodalStopPlace:473506,150,2.568365556335459,31.590896342926147
2647,2,IDFM:monomodalStopPlace:43248,IDFM:monomodalStopPlace:47937,120,1.7066189302255328,20.991412841774054
2648,6,IDFM:monomodalStopPlace:43251,IDFM:479383,222,0.12143569634845064,0.0
2649,2,IDFM:monomodalStopPlace:43251,IDFM:monomodalStopPlace:43179,140,2.3907633136339523,29.406388757697616
2650,2,IDFM:monomodalStopPlace:43251,IDFM:monomodalStopPlace:43222,170,3.1376446439956043,38.59302912114593
2651,2,IDFM:monomodalStopPlace:43607,IDFM:monomodalStopPlace:43067,88,1.3430621377793777,16.519664294686347
2652,2,IDFM:monomodalStopPlace:43607,IDFM:monomodalStopPlace:45877,77,1.0385487007652376,12.774149019412423
2653,2,IDFM:monomodalStopPlace:43833,IDFM:monomodalStopPlace:44500,65,0.7222136805002997,8.883228270153687
2654,2,IDFM:monomodalStopPlace:43833,IDFM:monomodalStopPlace:44877,96,1.0631831880415226,13.077153212910728
2655,2,IDFM:monomodalStopPlace:44161,IDFM:monomodalStopPlace:46801,120,1.9891288989701048,24.46628545733229
2656,2,IDFM:monomodalStopPlace:44161,IDFM:monomodalStopPlace:47922,170,3.6202957943630767,44.52963827066585
2657,2,IDFM:monomodalStopPlace:44199,IDFM:monomodalStopPlace:43152,95,1.4811510834303827,18.21815832619371
2658,2,IDFM:monomodalStopPlace:44199,IDFM:monomodalStopPlace:43207,179,3.277155572841801,40.30901354595416
2659,2,IDFM:monomodalStopPlace:44199,IDFM:monomodalStopPlace:58937,146,3.0775562680345456,37.85394209682492
2660,2,IDFM:monomodalStopPlace:44201,IDFM:monomodalStopPlace:42356,140,2.580352803262038,31.73833948012307
2661,2,IDFM:monomodalStopPlace:44201,IDFM:monomodalStopPlace:43096,110,1.747869437169884,21.49879407718957
2662,2,IDFM:monomodalStopPlace:44201,IDFM:monomodalStopPlace:43176,220,4.891915793940383,60.17056426546671
2663,2,IDFM:monomodalStopPlace:44201,IDFM:monomodalStopPlace:47900,350,5.977020857027242,73.51735654143508
2664,6,IDFM:monomodalStopPlace:44314,IDFM:22021,240,0.19480668507369026,0.0
2665,6,IDFM:monomodalStopPlace:44314,IDFM:490896,342,0.28988011097128913,0.0
2666,2,IDFM:monomodalStopPlace:44314,IDFM:monomodalStopPlace:415093,120,1.599278341683685,19.67112360270933
2667,2,IDFM:monomodalStopPlace:44314,IDFM:monomodalStopPlace:44514,150,1.7559887553124347,21.598661690342947
2668,2,IDFM:monomodalStopPlace:44411,IDFM:monomodalStopPlace:47447,470,6.374656259154879,78.40827198760502
2669,2,IDFM:monomodalStopPlace:44411,IDFM:monomodalStopPlace:47599,80,0.8123692897790861,9.99214226428276
2670,2,IDFM:monomodalStopPlace:44411,IDFM:monomodalStopPlace:47955,130,1.1700988376328805,14.39221570288443
2671,2,IDFM:monomodalStopPlace:44411,IDFM:monomodalStopPlace:51494,290,3.76501026484935,46.30962625764701
2672,2,IDFM:monomodalStopPlace:44493,IDFM:monomodalStopPlace:43067,70,0.8559278932409725,10.527913086863965
2673,2,IDFM:monomodalStopPlace:44493,IDFM:monomodalStopPlace:43097,118,1.861841151418647,22.90064616244936
2674,2,IDFM:monomodalStopPlace:44500,IDFM:monomodalStopPlace:43833,64,0.7222136805002997,8.883228270153687
2675,2,IDFM:monomodalStopPlace:44500,IDFM:monomodalStopPlace:473890,78,0.9392913771715096,11.55328393920957
2676,6,IDFM:monomodalStopPlace:44514,IDFM:22219,240,0.203544954340028,0.0
2677,6,IDFM:monomodalStopPlace:44514,IDFM:462441,273,0.1505336456351114,0.0
2678,6,IDFM:monomodalStopPlace:44514,IDFM:480531,240,0.21223886302310965,0.0
2679,2,IDFM:monomodalStopPlace:44514,IDFM:monomodalStopPlace:43203,140,1.4340438731986298,17.638739640343147
2680,2,IDFM:monomodalStopPlace:44514,IDFM:monomodalStopPlace:44314,150,1.7559887553124347,21.598661690342947
2681,2,IDFM:monomodalStopPlace:44559,IDFM:monomodalStopPlace:47879,170,2.8878407505470878,35.52044123172918
2682,2,IDFM:monomodalStopPlace:44559,IDFM:monomodalStopPlace:47897,210,4.159280306101263,51.15914776504554
2683,2,IDFM:monomodalStopPlace:44602,IDFM:monomodalStopPlace:43167,130,1.416137677358417,17.418493431508526
2684,2,IDFM:monomodalStopPlace:44628,IDFM:monomodalStopPlace:47958,260,6.716297085638921,82.61045415335873
2685,2,IDFM:monomodalStopPlace:44628,IDFM:monomodalStopPlace:47968,170,2.8993264846746616,35.66171576149834
2686,6,IDFM:monomodalStopPlace:44787,IDFM:29900,269,0.1965793884860434,0.0
2687,2,IDFM:monomodalStopPlace:44787,IDFM:monomodalStopPlace:46035,180,3.477910589537596,42.77830025131243
2688,2,IDFM:monomodalStopPlace:44787,IDFM:monomodalStopPlace:47907,130,2.0542675913275303,25.267491373328625
2689,2,IDFM:monomodalStopPlace:44801,IDFM:monomodalStopPlace:43135,114,2.063608114705365,25.382379810875992
2690,2,IDFM:monomodalStopPlace:44801,IDFM:monomodalStopPlace:43234,82,1.1593872270904546,14.260462893212592
2691,6,IDFM:monomodalStopPlace:44877,IDFM:21966,780,0.646857674417724,0.0
2692,6,IDFM:monomodalStopPlace:44877,IDFM:21983,300,0.27031256244261914,0.0
2693,6,IDFM:monomodalStopPlace:44877,IDFM:22087,780,0.7545391193573399,0.0
2694,6,IDFM:monomodalStopPlace:44877,IDFM:22364,780,0.5641315879475471,0.0
2695,6,IDFM:monomodalStopPlace:44877,IDFM:463158,780,0.8647519970093525,0.0
2696,6,IDFM:monomodalStopPlace:44877,IDFM:463159,780,0.8408492145642009,0.0
2697,6,IDFM:monomodalStopPlace:44877,IDFM:463306,330,0.1097962349378063,0.0
2698,2,IDFM:monomodalStopPlace:44877,IDFM:monomodalStopPlace:43072,190,2.51775082965882,30.96833520480349
2699,2,IDFM:monomodalStopPlace:44877,IDFM:monomodalStopPlace:43833,82,1.0631831880415226,13.077153212910728
2700,2,IDFM:monomodalStopPlace:44877,IDFM:monomodalStopPlace:45102,80,1.1280545627436362,13.875071121746728
2701,2,IDFM:monomodalStopPlace:44877,IDFM:monomodalStopPlace:45705,150,1.8059501372078617,22.2131866876567
2702,2,IDFM:monomodalStopPlace:45067,IDFM:monomodalStopPlace:45735,180,3.945576144896542,48.53058658222746
2703,2,IDFM:monomodalStopPlace:45067,IDFM:monomodalStopPlace:46286,250,5.345963405966609,65.7553498933893
2704,2,IDFM:monomodalStopPlace:45067,IDFM:monomodalStopPlace:46304,150,1.965751880249777,24.178748127072264
2705,2,IDFM:monomodalStopPlace:45067,IDFM:monomodalStopPlace:470195,750,15.64316383348758,192.41091515189729
2706,2,IDFM:monomodalStopPlace:45067,IDFM:monomodalStopPlace:47684,230,3.0139484475197613,37.07156590449306
2707,6,IDFM:monomodalStopPlace:45102,IDFM:21966,420,0.518710654142961,0.0
2708,6,IDFM:monomodalStopPlace:45102,IDFM:22087,300,0.40990817598890283,0.0
2709,6,IDFM:monomodalStopPlace:45102,IDFM:22147,334,0.3016391573074859,0.0
2710,6,IDFM:monomodalStopPlace:45102,IDFM:22364,480,0.6258005264423974,0.0
2711,6,IDFM:monomodalStopPlace:45102,IDFM:463158,296,0.2640379728871348,0.0
2712,6,IDFM:monomodalStopPlace:45102,IDFM:463159,240,0.2875090808250761,0.0
2713,6,IDFM:monomodalStopPlace:45102,IDFM:463208,180,0.12483360901146734,0.0
2714,2,IDFM:monomodalStopPlace:45102,IDFM:monomodalStopPlace:44877,82,1.1280545627436362,13.875071121746728
2715,2,IDFM:monomodalStopPlace:45102,IDFM:monomodalStopPlace:45873,129,1.990106632304509,24.478311577345465
2716,2,IDFM:monomodalStopPlace:45102,IDFM:monomodalStopPlace:462394,180,2.753415197485941,33.86700692907708
2717,2,IDFM:monomodalStopPlace:45102,IDFM:monomodalStopPlace:470195,158,3.408324497252334,41.92239131620371
2718,6,IDFM:monomodalStopPlace:45301,IDFM:24137,180,0.5191672290596724,0.0
2719,6,IDFM:monomodalStopPlace:45301,IDFM:463112,240,0.1769623444998201,0.0
2720,2,IDFM:monomodalStopPlace:45301,IDFM:monomodalStopPlace:43072,130,1.685253711396819,20.728620650180872
2721,2,IDFM:monomodalStopPlace:45301,IDFM:monomodalStopPlace:43110,400,8.77860623836267,107.97685673186083
2722,2,IDFM:monomodalStopPlace:45301,IDFM:monomodalStopPlace:43227,280,6.509734281216307,80.06973165896058
2723,2,IDFM:monomodalStopPlace:45301,IDFM:monomodalStopPlace:45739,610,17.802545432892494,218.97130882457768
2724,2,IDFM:monomodalStopPlace:45301,IDFM:monomodalStopPlace:46366,140,2.239143859792954,27.541469475453336
2725,6,IDFM:monomodalStopPlace:45346,IDFM:21972,240,0.13141310837827191,0.0
2726,2,IDFM:monomodalStopPlace:45346,IDFM:monomodalStopPlace:58757,130,1.5410070065413033,18.95438618045803
2727,2,IDFM:monomodalStopPlace:45346,IDFM:monomodalStopPlace:58798,100,1.2353396952631146,15.19467825173631
2728,2,IDFM:monomodalStopPlace:45419,IDFM:monomodalStopPlace:45453,70,0.6027710556824593,7.4140839848942495
2729,2,IDFM:monomodalStopPlace:45419,IDFM:monomodalStopPlace:58757,110,0.9203408502022644,11.320192457487853
2730,6,IDFM:monomodalStopPlace:45437,IDFM:22111,240,0.33117265833923615,0.0
2731,6,IDFM:monomodalStopPlace:45437,IDFM:490876,120,0.06560299861677635,0.0
2732,2,IDFM:monomodalStopPlace:45437,IDFM:monomodalStopPlace:415093,150,1.345814513518954,16.553518516283134
2733,2,IDFM:monomodalStopPlace:45437,IDFM:monomodalStopPlace:45447,70,0.6014242679045347,7.3975184952257775
2734,2,IDFM:monomodalStopPlace:45447,IDFM:monomodalStopPlace:45437,60,0.6014242679045347,7.3975184952257775
2735,2,IDFM:monomodalStopPlace:45447,IDFM:monomodalStopPlace:45453,100,1.1050267326269927,13.591828811312013
2736,6,IDFM:monomodalStopPlace:45453,IDFM:21929,180,0.15411922552965,0.0
2737,2,IDFM:monomodalStopPlace:45453,IDFM:monomodalStopPlace:45419,70,0.6027710556824593,7.4140839848942495
2738,2,IDFM:monomodalStopPlace:45453,IDFM:monomodalStopPlace:45447,110,1.1050267326269927,13.591828811312013
2739,6,IDFM:monomodalStopPlace:45493,IDFM:480340,240,0.19937449517463945,0.0
2740,2,IDFM:monomodalStopPlace:45493,IDFM:monomodalStopPlace:43112,130,1.746241648656588,21.478772278476036
2741,2,IDFM:monomodalStopPlace:45493,IDFM:monomodalStopPlace:58566,190,1.6979422619767772,20.88468982231436
2742,6,IDFM:monomodalStopPlace:45705,IDFM:463311,420,0.3779002151422724,0.0
2743,2,IDFM:monomodalStopPlace:45705,IDFM:monomodalStopPlace:44877,150,1.8059501372078617,22.2131866876567
2744,2,IDFM:monomodalStopPlace:45705,IDFM:monomodalStopPlace:470540,100,1.2125929121527608,14.914892819478958
2745,2,IDFM:monomodalStopPlace:45735,IDFM:monomodalStopPlace:45067,220,3.945576144896542,48.53058658222746
2746,2,IDFM:monomodalStopPlace:45735,IDFM:monomodalStopPlace:45739,180,3.464887890585633,42.618121054203286
2747,2,IDFM:monomodalStopPlace:45739,IDFM:monomodalStopPlace:43098,440,12.652195568134976,155.6220054880602
2748,2,IDFM:monomodalStopPlace:45739,IDFM:monomodalStopPlace:43110,420,9.7731718874416,120.2100142155317
2749,2,IDFM:monomodalStopPlace:45739,IDFM:monomodalStopPlace:43132,220,4.601062286314016,56.5930661216624
2750,2,IDFM:monomodalStopPlace:45739,IDFM:monomodalStopPlace:43192,160,3.1208873009558027,38.38691380175638
2751,2,IDFM:monomodalStopPlace:45739,IDFM:monomodalStopPlace:43225,130,1.792109775145632,22.04295023429128
2752,2,IDFM:monomodalStopPlace:45739,IDFM:monomodalStopPlace:45301,710,17.802545432892494,218.97130882457768
2753,2,IDFM:monomodalStopPlace:45739,IDFM:monomodalStopPlace:45735,180,3.464887890585633,42.618121054203286
2754,2,IDFM:monomodalStopPlace:45739,IDFM:monomodalStopPlace:46395,230,3.400620915719291,41.827637263347285
2755,2,IDFM:monomodalStopPlace:45739,IDFM:monomodalStopPlace:470195,1050,19.662102351815125,241.84385892732607
2756,2,IDFM:monomodalStopPlace:45739,IDFM:monomodalStopPlace:47948,230,4.74461862566758,58.35880909571124
2757,2,IDFM:monomodalStopPlace:45745,IDFM:monomodalStopPlace:43115,200,3.196997161819333,39.3230650903778
2758,2,IDFM:monomodalStopPlace:45745,IDFM:monomodalStopPlace:45860,150,2.3615744263191742,29.047365443725845
2759,2,IDFM:monomodalStopPlace:45759,IDFM:monomodalStopPlace:43115,170,1.225529518181322,15.07401307363026
2760,2,IDFM:monomodalStopPlace:45759,IDFM:monomodalStopPlace:47904,120,1.6693450378458412,20.532943965503847
2761,2,IDFM:monomodalStopPlace:45761,IDFM:monomodalStopPlace:43115,230,3.371310867405932,41.46712366909296
2762,2,IDFM:monomodalStopPlace:45761,IDFM:monomodalStopPlace:47899,230,4.085952112911563,50.25721098881223
2763,2,IDFM:monomodalStopPlace:45763,IDFM:monomodalStopPlace:45812,140,2.402862274894634,29.555205981204
2764,2,IDFM:monomodalStopPlace:45763,IDFM:monomodalStopPlace:47967,160,3.0072425288499938,36.98908310485493
2765,2,IDFM:monomodalStopPlace:45771,IDFM:monomodalStopPlace:47669,230,5.374527880878037,66.10669293479985
2766,2,IDFM:monomodalStopPlace:45771,IDFM:monomodalStopPlace:47924,130,2.0703812572016966,25.46568946358087
2767,2,IDFM:monomodalStopPlace:45784,IDFM:monomodalStopPlace:42516,200,4.243962275355094,52.20073598686766
2768,2,IDFM:monomodalStopPlace:45784,IDFM:monomodalStopPlace:47909,180,2.8569049948612424,35.13993143679328
2769,2,IDFM:monomodalStopPlace:45804,IDFM:monomodalStopPlace:43107,170,3.2817037366248423,40.36495596048556
2770,2,IDFM:monomodalStopPlace:45804,IDFM:monomodalStopPlace:47909,230,3.0094253221853933,37.01593146288034
2771,2,IDFM:monomodalStopPlace:45812,IDFM:monomodalStopPlace:45763,150,2.402862274894634,29.555205981204
2772,2,IDFM:monomodalStopPlace:45812,IDFM:monomodalStopPlace:45814,220,3.832168749317967,47.135675616611
2773,2,IDFM:monomodalStopPlace:45814,IDFM:monomodalStopPlace:45812,230,3.832168749317967,47.135675616611
2774,2,IDFM:monomodalStopPlace:45814,IDFM:monomodalStopPlace:45824,210,4.249460598845029,52.268365365793855
2775,2,IDFM:monomodalStopPlace:45820,IDFM:monomodalStopPlace:45824,110,1.4438287034307224,17.759093052197887
2776,2,IDFM:monomodalStopPlace:45820,IDFM:monomodalStopPlace:47904,170,2.8915360238191616,35.56589309297569
2777,2,IDFM:monomodalStopPlace:45824,IDFM:monomodalStopPlace:45814,220,4.249460598845029,52.268365365793855
2778,2,IDFM:monomodalStopPlace:45824,IDFM:monomodalStopPlace:45820,100,1.4438287034307224,17.759093052197887
2779,2,IDFM:monomodalStopPlace:45850,IDFM:monomodalStopPlace:43115,190,2.1563087017697717,26.52259703176819
2780,2,IDFM:monomodalStopPlace:45850,IDFM:monomodalStopPlace:47906,120,1.8862489459950336,23.20086203573892
2781,2,IDFM:monomodalStopPlace:45850,IDFM:monomodalStopPlace:48489,210,4.099270028413051,50.42102134948053
2782,2,IDFM:monomodalStopPlace:45860,IDFM:monomodalStopPlace:45745,140,2.3615744263191742,29.047365443725845
2783,2,IDFM:monomodalStopPlace:45860,IDFM:monomodalStopPlace:47948,150,2.1276479981093086,26.170070376744498
2784,6,IDFM:monomodalStopPlace:45873,IDFM:21906,259,0.2338577181288142,0.0
2785,6,IDFM:monomodalStopPlace:45873,IDFM:22030,240,0.16432799827407485,0.0
2786,6,IDFM:monomodalStopPlace:45873,IDFM:463188,271,0.24197697766113546,0.0
2787,6,IDFM:monomodalStopPlace:45873,IDFM:463244,240,0.3014440565778606,0.0
2788,6,IDFM:monomodalStopPlace:45873,IDFM:463245,300,0.3535552101924194,0.0
2789,2,IDFM:monomodalStopPlace:45873,IDFM:monomodalStopPlace:45102,120,1.990106632304509,24.478311577345465
2790,6,IDFM:monomodalStopPlace:45873,IDFM:monomodalStopPlace:58718,300,0.3494149461830242,0.0
2791,2,IDFM:monomodalStopPlace:45873,IDFM:monomodalStopPlace:58759,148,2.9049635965460325,35.7310522375162
2792,2,IDFM:monomodalStopPlace:45877,IDFM:monomodalStopPlace:43607,76,1.0385487007652376,12.774149019412423
2793,2,IDFM:monomodalStopPlace:45877,IDFM:monomodalStopPlace:473843,66,0.8214700218719294,10.104081269024732
2794,6,IDFM:monomodalStopPlace:46007,IDFM:462400,900,0.9697756991707278,0.0
2795,6,IDFM:monomodalStopPlace:46007,IDFM:486834,186,0.16539502791918786,0.0
2796,2,IDFM:monomodalStopPlace:46007,IDFM:monomodalStopPlace:43066,70,0.9483759490099652,11.665024172822571
2797,2,IDFM:monomodalStopPlace:46007,IDFM:monomodalStopPlace:43097,131,2.4671215371791435,30.345594907303468
2798,2,IDFM:monomodalStopPlace:46007,IDFM:monomodalStopPlace:43177,78,1.1311436789086458,13.913067250576344
2799,2,IDFM:monomodalStopPlace:46035,IDFM:monomodalStopPlace:44787,200,3.477910589537596,42.77830025131243
2800,2,IDFM:monomodalStopPlace:46035,IDFM:monomodalStopPlace:47940,180,3.659050776399145,45.00632454970949
2801,6,IDFM:monomodalStopPlace:461504,IDFM:472731,36,0.0329854395407037,0.0
2802,2,IDFM:monomodalStopPlace:461504,IDFM:monomodalStopPlace:427870,840,25.661972172639818,315.6422577234697
2803,2,IDFM:monomodalStopPlace:461504,IDFM:monomodalStopPlace:43209,180,3.592127741712559,44.18317122306448
2804,2,IDFM:monomodalStopPlace:461504,IDFM:monomodalStopPlace:43219,330,7.6712428820106915,94.3562874487315
2805,2,IDFM:monomodalStopPlace:461504,IDFM:monomodalStopPlace:46990,210,2.7724047884188,34.10057889755124
2806,2,IDFM:monomodalStopPlace:46163,IDFM:monomodalStopPlace:43071,110,1.6978015953125416,20.882959622344263
2807,2,IDFM:monomodalStopPlace:46163,IDFM:monomodalStopPlace:43122,100,1.7234362792530662,21.19826623481272
2808,2,IDFM:monomodalStopPlace:46222,IDFM:monomodalStopPlace:43194,130,2.791780240200374,34.3388969544646
2809,2,IDFM:monomodalStopPlace:46222,IDFM:monomodalStopPlace:46725,160,3.3027984412560025,40.62442082744883
2810,6,IDFM:monomodalStopPlace:462357,IDFM:25635,195,0.1304088841347189,0.0
2811,2,IDFM:monomodalStopPlace:462357,IDFM:monomodalStopPlace:43084,110,1.5189341492900508,18.682890036267622
2812,2,IDFM:monomodalStopPlace:462357,IDFM:monomodalStopPlace:58798,110,1.2008859579907043,14.770897283285665
2813,6,IDFM:monomodalStopPlace:462388,IDFM:422038,190,0.05108945361455595,0.0
2814,2,IDFM:monomodalStopPlace:462388,IDFM:monomodalStopPlace:43108,120,1.6103739977296947,19.807600172075247
2815,2,IDFM:monomodalStopPlace:462388,IDFM:monomodalStopPlace:43111,360,8.81797649622777,108.46111090360158
2816,2,IDFM:monomodalStopPlace:462388,IDFM:monomodalStopPlace:43183,120,1.712830751111482,21.06781823867123
2817,2,IDFM:monomodalStopPlace:462388,IDFM:monomodalStopPlace:43219,200,3.1655930881874568,38.93679498470572
2818,2,IDFM:monomodalStopPlace:462388,IDFM:monomodalStopPlace:47883,100,1.004865983280476,12.359851594349855
2819,6,IDFM:monomodalStopPlace:462394,IDFM:22007,137,0.33816273472031133,0.0
2820,6,IDFM:monomodalStopPlace:462394,IDFM:22119,360,0.41457861661598217,0.0
2821,6,IDFM:monomodalStopPlace:462394,IDFM:463183,203,0.3524823197653114,0.0
2822,2,IDFM:monomodalStopPlace:462394,IDFM:470808,1500,34.56509206090066,425.1506323490781
2823,2,IDFM:monomodalStopPlace:462394,IDFM:472271,2520,63.01386956738207,775.0705956787996
2824,2,IDFM:monomodalStopPlace:462394,IDFM:472536,1830,34.58151589772735,425.3526455420465
2825,2,IDFM:monomodalStopPlace:462394,IDFM:472914,4200,73.08497797457058,898.9452290872181
2826,2,IDFM:monomodalStopPlace:462394,IDFM:monomodalStopPlace:411396,2490,63.02408408585938,775.1962342560704
2827,2,IDFM:monomodalStopPlace:462394,IDFM:monomodalStopPlace:411440,3240,49.72926475814925,611.6699565252358
2828,2,IDFM:monomodalStopPlace:462394,IDFM:monomodalStopPlace:412743,300,6.7820265406288565,83.41892644973494
2829,2,IDFM:monomodalStopPlace:462394,IDFM:monomodalStopPlace:43071,860,13.301301055975475,163.60600298849835
2830,2,IDFM:monomodalStopPlace:462394,IDFM:monomodalStopPlace:43078,430,9.950877756315858,122.39579640268506
2831,2,IDFM:monomodalStopPlace:462394,IDFM:monomodalStopPlace:43145,260,4.599648889245737,56.57568133772256
2832,2,IDFM:monomodalStopPlace:462394,IDFM:monomodalStopPlace:43164,1630,26.80002714688564,329.6403339066934
2833,2,IDFM:monomodalStopPlace:462394,IDFM:monomodalStopPlace:43178,1950,34.561232966643274,425.1031654897123
2834,2,IDFM:monomodalStopPlace:462394,IDFM:monomodalStopPlace:43190,680,14.599409534472167,179.57273727400766
2835,2,IDFM:monomodalStopPlace:462394,IDFM:monomodalStopPlace:43204,260,4.555930860166161,56.03794958004378
2836,2,IDFM:monomodalStopPlace:462394,IDFM:monomodalStopPlace:45102,180,2.753415197485941,33.86700692907708
2837,2,IDFM:monomodalStopPlace:462394,IDFM:monomodalStopPlace:46736,1380,34.546598856072755,424.9231659296949
2838,2,IDFM:monomodalStopPlace:462394,IDFM:monomodalStopPlace:47918,2640,28.47717325325072,350.26923101498386
2839,6,IDFM:monomodalStopPlace:462394,IDFM:monomodalStopPlace:58572,240,0.2549006283272896,0.0
2840,6,IDFM:monomodalStopPlace:462398,IDFM:2272,300,0.04630536940391715,0.0
2841,2,IDFM:monomodalStopPlace:462398,IDFM:monomodalStopPlace:43071,700,11.362102968180531,139.75386650862055
2842,2,IDFM:monomodalStopPlace:462398,IDFM:monomodalStopPlace:473364,130,1.0797256195010734,13.280625119863204
2843,2,IDFM:monomodalStopPlace:462398,IDFM:monomodalStopPlace:47878,290,6.076097218378261,74.73599578605261
2844,2,IDFM:monomodalStopPlace:46286,IDFM:monomodalStopPlace:43154,230,4.02451195640964,49.50149706383857
2845,2,IDFM:monomodalStopPlace:46286,IDFM:monomodalStopPlace:45067,330,5.345963405966609,65.7553498933893
2846,2,IDFM:monomodalStopPlace:46286,IDFM:monomodalStopPlace:46304,180,3.418851081066094,42.05186829711296
2847,2,IDFM:monomodalStopPlace:46286,IDFM:monomodalStopPlace:464040,140,2.263706198860979,27.84358624599004
2848,2,IDFM:monomodalStopPlace:462901,IDFM:monomodalStopPlace:43131,190,4.406878031058233,54.204599782016274
2849,2,IDFM:monomodalStopPlace:462901,IDFM:monomodalStopPlace:46568,200,4.6082280163257705,56.68120460080698
2850,6,IDFM:monomodalStopPlace:46298,IDFM:478985,363,0.24177444968471215,0.0
2851,2,IDFM:monomodalStopPlace:46298,IDFM:monomodalStopPlace:43110,190,2.4444647095412355,30.0669159273572
2852,2,IDFM:monomodalStopPlace:46298,IDFM:monomodalStopPlace:46299,110,1.2972002552112036,15.955563139097803
2853,2,IDFM:monomodalStopPlace:46299,IDFM:monomodalStopPlace:46298,110,1.2972002552112036,15.955563139097803
2854,2,IDFM:monomodalStopPlace:46299,IDFM:monomodalStopPlace:47907,240,2.659001622475448,32.705719956448014
2855,2,IDFM:monomodalStopPlace:46304,IDFM:monomodalStopPlace:45067,130,1.965751880249777,24.178748127072264
2856,2,IDFM:monomodalStopPlace:46304,IDFM:monomodalStopPlace:46286,190,3.418851081066094,42.05186829711296
2857,2,IDFM:monomodalStopPlace:46307,IDFM:monomodalStopPlace:43110,180,3.346516649535064,41.162154789281296
2858,2,IDFM:monomodalStopPlace:46307,IDFM:monomodalStopPlace:46387,140,1.8621688956567957,22.904677416578583
2859,2,IDFM:monomodalStopPlace:46366,IDFM:monomodalStopPlace:43227,200,4.2976708741970056,52.86135175262317
2860,2,IDFM:monomodalStopPlace:46366,IDFM:monomodalStopPlace:45301,170,2.239143859792954,27.541469475453336
2861,2,IDFM:monomodalStopPlace:46366,IDFM:monomodalStopPlace:46375,110,1.979931821100888,24.353161399540923
2862,2,IDFM:monomodalStopPlace:46375,IDFM:monomodalStopPlace:43227,130,2.348051094719699,28.8810284650523
2863,2,IDFM:monomodalStopPlace:46375,IDFM:monomodalStopPlace:46366,140,1.979931821100888,24.353161399540923
2864,2,IDFM:monomodalStopPlace:46387,IDFM:monomodalStopPlace:46307,130,1.8621688956567957,22.904677416578583
2865,2,IDFM:monomodalStopPlace:46387,IDFM:monomodalStopPlace:46395,150,2.163149932332335,26.60674416768772
2866,2,IDFM:monomodalStopPlace:46395,IDFM:monomodalStopPlace:45739,260,3.400620915719291,41.827637263347285
2867,2,IDFM:monomodalStopPlace:46395,IDFM:monomodalStopPlace:46387,140,2.163149932332335,26.60674416768772
2868,2,IDFM:monomodalStopPlace:464040,IDFM:monomodalStopPlace:43154,120,1.772663232104252,21.8037577548823
2869,2,IDFM:monomodalStopPlace:464040,IDFM:monomodalStopPlace:46286,150,2.263706198860979,27.84358624599004
2870,2,IDFM:monomodalStopPlace:46470,IDFM:monomodalStopPlace:43075,90,1.184726053496481,14.572130458006717
2871,2,IDFM:monomodalStopPlace:46470,IDFM:monomodalStopPlace:43078,100,1.471783235936427,18.10293380201805
2872,2,IDFM:monomodalStopPlace:46477,IDFM:monomodalStopPlace:43075,100,1.5759338823064502,19.38398675236934
2873,2,IDFM:monomodalStopPlace:46477,IDFM:monomodalStopPlace:47898,110,1.7147268095746373,21.09113975776804
2874,2,IDFM:monomodalStopPlace:46482,IDFM:monomodalStopPlace:47920,70,0.7680816534206316,9.447404337073769
2875,2,IDFM:monomodalStopPlace:46482,IDFM:monomodalStopPlace:48964,150,2.82623632637469,34.76270681440869
2876,2,IDFM:monomodalStopPlace:46552,IDFM:monomodalStopPlace:47900,120,1.868970702997827,22.988339646873275
2877,2,IDFM:monomodalStopPlace:46552,IDFM:monomodalStopPlace:58267,150,2.4589934704077527,30.24561968601536
2878,2,IDFM:monomodalStopPlace:46568,IDFM:monomodalStopPlace:43074,150,2.998964974157195,36.8872691821335
2879,2,IDFM:monomodalStopPlace:46568,IDFM:monomodalStopPlace:462901,200,4.6082280163257705,56.68120460080698
2880,2,IDFM:monomodalStopPlace:46647,IDFM:monomodalStopPlace:43114,130,2.635724252926268,32.41940831099309
2881,2,IDFM:monomodalStopPlace:46647,IDFM:monomodalStopPlace:43191,410,7.89354617770119,97.09061798572463
2882,2,IDFM:monomodalStopPlace:46647,IDFM:monomodalStopPlace:473109,330,6.460359166714324,79.46241775058618
2883,6,IDFM:monomodalStopPlace:46689,IDFM:422040,215,0.1001449123282481,0.0
2884,2,IDFM:monomodalStopPlace:46689,IDFM:monomodalStopPlace:43167,100,1.250291112339312,15.378580681773537
2885,2,IDFM:monomodalStopPlace:46689,IDFM:monomodalStopPlace:43241,130,2.0084279002740795,24.70366317337118
2886,2,IDFM:monomodalStopPlace:46725,IDFM:monomodalStopPlace:43164,230,4.366801314515902,53.7116561685456
2887,2,IDFM:monomodalStopPlace:46725,IDFM:monomodalStopPlace:46222,140,3.3027984412560025,40.62442082744883
2888,2,IDFM:monomodalStopPlace:46731,IDFM:monomodalStopPlace:43164,140,2.758141148463992,33.925136126107105
2889,2,IDFM:monomodalStopPlace:46731,IDFM:monomodalStopPlace:47960,140,2.502925138739261,30.78597920649291
2890,6,IDFM:monomodalStopPlace:46736,IDFM:470808,38,0.0272681351646133,0.0
2891,2,IDFM:monomodalStopPlace:46736,IDFM:monomodalStopPlace:411396,900,29.955192923767733,368.4488729623432
2892,2,IDFM:monomodalStopPlace:46736,IDFM:monomodalStopPlace:411405,310,9.0656912085759,111.50800186548358
2893,2,IDFM:monomodalStopPlace:46736,IDFM:monomodalStopPlace:43164,280,8.644912642715184,106.33242550539676
2894,2,IDFM:monomodalStopPlace:46736,IDFM:monomodalStopPlace:462394,1530,34.546598856072755,424.9231659296949
2895,2,IDFM:monomodalStopPlace:46736,IDFM:monomodalStopPlace:47960,170,3.451813715386105,42.4573086992491
2896,2,IDFM:monomodalStopPlace:46801,IDFM:monomodalStopPlace:44161,120,1.9891288989701048,24.46628545733229
2897,2,IDFM:monomodalStopPlace:46801,IDFM:monomodalStopPlace:47922,220,5.5119402442911865,67.7968650047816
2898,2,IDFM:monomodalStopPlace:46801,IDFM:monomodalStopPlace:51494,170,3.2029335674598847,39.39608287975658
2899,2,IDFM:monomodalStopPlace:46847,IDFM:monomodalStopPlace:46850,240,5.442451929773332,66.942158736212
2900,2,IDFM:monomodalStopPlace:46847,IDFM:monomodalStopPlace:47885,300,5.948436584691009,73.16576999169942
2901,2,IDFM:monomodalStopPlace:46850,IDFM:monomodalStopPlace:46847,220,5.442451929773332,66.942158736212
2902,2,IDFM:monomodalStopPlace:46850,IDFM:monomodalStopPlace:47885,430,11.385114508202983,140.03690845089673
2903,2,IDFM:monomodalStopPlace:46850,IDFM:monomodalStopPlace:47903,210,4.430462662263825,54.49469074584505
2904,2,IDFM:monomodalStopPlace:46850,IDFM:monomodalStopPlace:47935,600,18.0201099887312,221.64735286139373
2905,2,IDFM:monomodalStopPlace:46857,IDFM:monomodalStopPlace:46884,200,4.226953311988216,51.991525737455056
2906,2,IDFM:monomodalStopPlace:46857,IDFM:monomodalStopPlace:47885,300,6.754918810201319,83.08550136547623
2907,2,IDFM:monomodalStopPlace:46884,IDFM:monomodalStopPlace:46857,190,4.226953311988216,51.991525737455056
2908,2,IDFM:monomodalStopPlace:46884,IDFM:monomodalStopPlace:46886,150,2.434804709845749,29.94809793110272
2909,2,IDFM:monomodalStopPlace:46886,IDFM:monomodalStopPlace:46884,150,2.434804709845749,29.94809793110272
2910,2,IDFM:monomodalStopPlace:46886,IDFM:monomodalStopPlace:47944,230,4.018596788673733,49.42874050068692
2911,2,IDFM:monomodalStopPlace:46897,IDFM:monomodalStopPlace:43137,210,5.101260290177777,62.74550156918666
2912,2,IDFM:monomodalStopPlace:46897,IDFM:monomodalStopPlace:46902,100,1.4336889404186577,17.63437396714949
2913,2,IDFM:monomodalStopPlace:46902,IDFM:monomodalStopPlace:43217,170,3.6797135841092894,45.26047708454426
2914,2,IDFM:monomodalStopPlace:46902,IDFM:monomodalStopPlace:46897,100,1.4336889404186577,17.63437396714949
2915,2,IDFM:monomodalStopPlace:46926,IDFM:monomodalStopPlace:43217,200,4.881297895861672,60.03996411909857
2916,2,IDFM:monomodalStopPlace:46926,IDFM:monomodalStopPlace:47929,130,2.319960873830826,28.53551874811916
2917,2,IDFM:monomodalStopPlace:46965,IDFM:472625,120,1.1947053097087277,14.694875309417348
2918,2,IDFM:monomodalStopPlace:46965,IDFM:monomodalStopPlace:43151,140,2.7099234295403094,33.33205818334581
2919,2,IDFM:monomodalStopPlace:46965,IDFM:monomodalStopPlace:47882,350,8.302345764712655,102.11885290596568
2920,2,IDFM:monomodalStopPlace:46975,IDFM:monomodalStopPlace:43129,160,2.1646897695892147,26.62568416594734
2921,2,IDFM:monomodalStopPlace:46975,IDFM:monomodalStopPlace:43151,140,3.120594721883347,38.38331507916517
2922,6,IDFM:monomodalStopPlace:46984,IDFM:470812,5,0.0049100488725221,0.0
2923,2,IDFM:monomodalStopPlace:46984,IDFM:monomodalStopPlace:479059,330,6.62879610056754,81.53419203698074
2924,2,IDFM:monomodalStopPlace:46984,IDFM:monomodalStopPlace:59038,420,11.041950971421173,135.8159969484804
2925,6,IDFM:monomodalStopPlace:46990,IDFM:480908,189,0.1714718237554093,0.0
2926,6,IDFM:monomodalStopPlace:46990,IDFM:494486,190,0.1722423593248258,0.0
2927,2,IDFM:monomodalStopPlace:46990,IDFM:monomodalStopPlace:43219,300,5.258229414021839,64.67622179246862
2928,2,IDFM:monomodalStopPlace:46990,IDFM:monomodalStopPlace:461504,180,2.7724047884188,34.10057889755124
2929,2,IDFM:monomodalStopPlace:46990,IDFM:monomodalStopPlace:47884,170,2.9066604829946736,35.75192394083449
2930,2,IDFM:monomodalStopPlace:47009,IDFM:monomodalStopPlace:43175,80,1.3143309619366534,16.16627083182084
2931,2,IDFM:monomodalStopPlace:47009,IDFM:monomodalStopPlace:43232,238,4.671121666893155,57.45479650278581
2932,2,IDFM:monomodalStopPlace:47009,IDFM:monomodalStopPlace:58774,102,1.56891736711644,19.29768361553221
2933,6,IDFM:monomodalStopPlace:470195,IDFM:21958,180,0.33036643088864426,0.0
2934,6,IDFM:monomodalStopPlace:470195,IDFM:22083,247,0.38611042225889064,0.0
2935,2,IDFM:monomodalStopPlace:470195,IDFM:470966,2550,66.24926233395328,814.8659267076255
2936,2,IDFM:monomodalStopPlace:470195,IDFM:monomodalStopPlace:411452,3810,111.80926988825188,1375.254019625498
2937,2,IDFM:monomodalStopPlace:470195,IDFM:monomodalStopPlace:43106,2550,66.2260412151612,814.5803069464829
2938,2,IDFM:monomodalStopPlace:470195,IDFM:monomodalStopPlace:43154,350,6.749810324115947,83.02266698662615
2939,2,IDFM:monomodalStopPlace:470195,IDFM:monomodalStopPlace:43224,325,4.757732238743461,58.520106536544574
2940,2,IDFM:monomodalStopPlace:470195,IDFM:monomodalStopPlace:45067,1310,15.64316383348758,192.41091515189729
2941,2,IDFM:monomodalStopPlace:470195,IDFM:monomodalStopPlace:45102,164,3.408324497252334,41.92239131620371
2942,2,IDFM:monomodalStopPlace:470195,IDFM:monomodalStopPlace:45739,920,19.662102351815125,241.84385892732607
2943,2,IDFM:monomodalStopPlace:470195,IDFM:monomodalStopPlace:46286,590,10.476833350966198,128.86505021688424
2944,2,IDFM:monomodalStopPlace:470195,IDFM:monomodalStopPlace:473875,125,1.7596124792022871,21.64323349418813
2945,2,IDFM:monomodalStopPlace:470195,IDFM:monomodalStopPlace:47909,2060,46.733489614262055,574.8219222554233
2946,2,IDFM:monomodalStopPlace:47046,IDFM:monomodalStopPlace:43103,82,1.0812225956884285,13.299037926967667
2947,2,IDFM:monomodalStopPlace:47046,IDFM:monomodalStopPlace:47888,83,1.3277963464001676,16.33189506072206
2948,6,IDFM:monomodalStopPlace:470519,IDFM:22007,329,0.2919228738647355,0.0
2949,6,IDFM:monomodalStopPlace:470519,IDFM:22367,162,0.146072212005894,0.0
2950,6,IDFM:monomodalStopPlace:470519,IDFM:463001,240,0.3423899578645749,0.0
2951,6,IDFM:monomodalStopPlace:470519,IDFM:463021,240,0.36730746047332874,0.0
2952,6,IDFM:monomodalStopPlace:470519,IDFM:463022,240,0.35969818423717836,0.0
2953,6,IDFM:monomodalStopPlace:470519,IDFM:463183,356,0.32118366530824904,0.0
2954,6,IDFM:monomodalStopPlace:470519,IDFM:471604,84,0.06271758975821047,0.0
2955,2,IDFM:monomodalStopPlace:470519,IDFM:471787,2820,88.39679852387508,1087.2806218436635
2956,2,IDFM:monomodalStopPlace:470519,IDFM:472386,2160,64.87295699125067,797.9373709923832
2957,2,IDFM:monomodalStopPlace:470519,IDFM:monomodalStopPlace:411378,3180,90.42117941693743,1112.1805068283304
2958,2,IDFM:monomodalStopPlace:470519,IDFM:monomodalStopPlace:427872,1450,29.070882657450788,357.5718566866447
2959,2,IDFM:monomodalStopPlace:470519,IDFM:monomodalStopPlace:43161,1500,44.2486745256349,544.2586966653093
2960,2,IDFM:monomodalStopPlace:470519,IDFM:monomodalStopPlace:43176,320,4.230344168931231,52.03323327785415
2961,2,IDFM:monomodalStopPlace:470519,IDFM:monomodalStopPlace:43208,1630,37.99050866670502,467.28325660047176
2962,2,IDFM:monomodalStopPlace:470519,IDFM:monomodalStopPlace:47187,1880,49.31188174518283,606.5361454657489
2963,2,IDFM:monomodalStopPlace:470519,IDFM:monomodalStopPlace:58498,270,2.550166090501145,31.367042913164088
2964,6,IDFM:monomodalStopPlace:470519,IDFM:monomodalStopPlace:58572,350,0.3166453101956472,0.0
2965,2,IDFM:monomodalStopPlace:470519,IDFM:monomodalStopPlace:58879,810,18.76952315486394,230.86513480482648
2966,2,IDFM:monomodalStopPlace:47052,IDFM:monomodalStopPlace:47888,157,3.2967773494823565,40.55036139863299
2967,2,IDFM:monomodalStopPlace:47052,IDFM:monomodalStopPlace:47889,142,2.230043345921073,27.4295331548292
2968,6,IDFM:monomodalStopPlace:470540,IDFM:22185,240,0.37535756372850065,0.0
2969,6,IDFM:monomodalStopPlace:470540,IDFM:22193,240,0.2999891107377057,0.0
2970,2,IDFM:monomodalStopPlace:470540,IDFM:monomodalStopPlace:415091,100,1.0350388533786123,12.730977896556931
2971,2,IDFM:monomodalStopPlace:470540,IDFM:monomodalStopPlace:45705,100,1.2125929121527608,14.914892819478958
2972,6,IDFM:monomodalStopPlace:470549,IDFM:22101,240,0.11722575046746075,0.0
2973,6,IDFM:monomodalStopPlace:470549,IDFM:25642,240,0.1301949705437429,0.0
2974,2,IDFM:monomodalStopPlace:470549,IDFM:monomodalStopPlace:415093,200,4.240487771539696,52.15799958993826
2975,2,IDFM:monomodalStopPlace:470549,IDFM:monomodalStopPlace:43069,290,4.150037058940422,51.04545582496719
2976,2,IDFM:monomodalStopPlace:470549,IDFM:monomodalStopPlace:43118,90,1.219336210700917,14.99783539162128
2977,2,IDFM:monomodalStopPlace:470549,IDFM:monomodalStopPlace:43169,95,1.3791205368578578,16.96318260335165
2978,2,IDFM:monomodalStopPlace:470549,IDFM:monomodalStopPlace:43170,165,2.3813177059048813,29.29020778263004
2979,2,IDFM:monomodalStopPlace:470549,IDFM:monomodalStopPlace:43184,110,1.2024788389879764,14.79048971955211
2980,2,IDFM:monomodalStopPlace:470549,IDFM:monomodalStopPlace:43196,300,6.15757781855292,75.73820716820093
2981,2,IDFM:monomodalStopPlace:470549,IDFM:monomodalStopPlace:43205,170,3.0050666911703936,36.96232030139584
2982,2,IDFM:monomodalStopPlace:470549,IDFM:monomodalStopPlace:487011,140,1.2086079388670248,14.865877648064403
2983,2,IDFM:monomodalStopPlace:470549,IDFM:monomodalStopPlace:58566,520,7.475157315664626,91.9444349826749
2984,2,IDFM:monomodalStopPlace:470549,IDFM:monomodalStopPlace:58759,225,5.306114927146211,65.2652136038984
2985,2,IDFM:monomodalStopPlace:47095,IDFM:471744,130,1.1003698666464925,13.53454935975186
2986,2,IDFM:monomodalStopPlace:47115,IDFM:471897,240,1.7393367238345248,21.393841703164657
2987,2,IDFM:monomodalStopPlace:47118,IDFM:monomodalStopPlace:411482,870,22.32043758590904,274.5413823066812
2988,2,IDFM:monomodalStopPlace:47118,IDFM:monomodalStopPlace:43245,530,11.992272542032511,147.5049522669999
2989,2,IDFM:monomodalStopPlace:47118,IDFM:monomodalStopPlace:47119,350,6.735601049924535,82.84789291407178
2990,2,IDFM:monomodalStopPlace:47118,IDFM:monomodalStopPlace:58955,270,4.829456542352412,59.402315470934674
2991,2,IDFM:monomodalStopPlace:47119,IDFM:monomodalStopPlace:43245,280,5.272470201551987,64.85138347908945
2992,2,IDFM:monomodalStopPlace:47119,IDFM:monomodalStopPlace:47118,370,6.735601049924535,82.84789291407178
2993,2,IDFM:monomodalStopPlace:47124,IDFM:monomodalStopPlace:43245,380,8.180840872811885,100.6243427355862
2994,2,IDFM:monomodalStopPlace:47124,IDFM:monomodalStopPlace:47125,220,3.983231309975932,48.99374511270397
2995,2,IDFM:monomodalStopPlace:47125,IDFM:monomodalStopPlace:47124,200,3.983231309975932,48.99374511270397
2996,2,IDFM:monomodalStopPlace:47125,IDFM:monomodalStopPlace:47130,550,7.476174092845792,91.95694134200323
2997,2,IDFM:monomodalStopPlace:47130,IDFM:monomodalStopPlace:43245,620,17.07351777097551,210.0042685829988
2998,2,IDFM:monomodalStopPlace:47130,IDFM:monomodalStopPlace:47125,380,7.476174092845792,91.95694134200323
2999,2,IDFM:monomodalStopPlace:47130,IDFM:monomodalStopPlace:47911,350,7.982581206860583,98.18574884438516
3000,2,IDFM:monomodalStopPlace:47130,IDFM:monomodalStopPlace:47953,110,1.491835501486641,18.34957666828568
3001,2,IDFM:monomodalStopPlace:47130,IDFM:monomodalStopPlace:47961,200,3.7254962756207104,45.82360419013474
3002,2,IDFM:monomodalStopPlace:47136,IDFM:monomodalStopPlace:43106,260,4.904103345300929,60.32047114720143
3003,2,IDFM:monomodalStopPlace:47136,IDFM:monomodalStopPlace:47145,120,1.7034317654413549,20.952210714928665
3004,2,IDFM:monomodalStopPlace:47145,IDFM:monomodalStopPlace:43123,270,5.77291621823044,71.00686948423441
3005,2,IDFM:monomodalStopPlace:47145,IDFM:monomodalStopPlace:47136,110,1.7034317654413549,20.952210714928665
3006,2,IDFM:monomodalStopPlace:47158,IDFM:471787,720,21.05758905451297,259.0083453705096
3007,2,IDFM:monomodalStopPlace:47158,IDFM:monomodalStopPlace:47184,480,12.451427444272372,153.1525575645502
3008,2,IDFM:monomodalStopPlace:47171,IDFM:471787,170,2.014278153123211,24.775621283415497
3009,2,IDFM:monomodalStopPlace:47171,IDFM:monomodalStopPlace:47174,240,3.351624801454084,41.22498505788524
3010,2,IDFM:monomodalStopPlace:47174,IDFM:monomodalStopPlace:47171,230,3.351624801454084,41.22498505788524
3011,2,IDFM:monomodalStopPlace:47174,IDFM:monomodalStopPlace:47181,220,1.873423768423168,23.043112351604968
3012,2,IDFM:monomodalStopPlace:47181,IDFM:monomodalStopPlace:47174,210,1.873423768423168,23.043112351604968
3013,2,IDFM:monomodalStopPlace:47184,IDFM:monomodalStopPlace:47158,510,12.451427444272372,153.1525575645502
3014,2,IDFM:monomodalStopPlace:47184,IDFM:monomodalStopPlace:47187,300,6.584407787419453,80.98821578525927
3015,2,IDFM:monomodalStopPlace:47187,IDFM:monomodalStopPlace:470519,2240,49.31188174518283,606.5361454657489
3016,2,IDFM:monomodalStopPlace:47187,IDFM:monomodalStopPlace:47184,330,6.584407787419453,80.98821578525927
3017,2,IDFM:monomodalStopPlace:47199,IDFM:monomodalStopPlace:47205,180,3.335477868857216,41.02637778694376
3018,2,IDFM:monomodalStopPlace:47199,IDFM:monomodalStopPlace:47943,190,4.244475763658085,52.20705189299444
3019,2,IDFM:monomodalStopPlace:47205,IDFM:monomodalStopPlace:47199,190,3.335477868857216,41.02637778694376
3020,2,IDFM:monomodalStopPlace:47205,IDFM:monomodalStopPlace:47942,320,4.750256535482177,58.42815538643078
3021,2,IDFM:monomodalStopPlace:47238,IDFM:monomodalStopPlace:43224,133,2.6443240377278947,32.525185664053105
3022,2,IDFM:monomodalStopPlace:47238,IDFM:monomodalStopPlace:47886,94,1.3929192735544431,17.132907064719653
3023,2,IDFM:monomodalStopPlace:473109,IDFM:monomodalStopPlace:43191,90,1.4727908413441702,18.11532734853329
3024,2,IDFM:monomodalStopPlace:473109,IDFM:monomodalStopPlace:46647,350,6.460359166714324,79.46241775058618
3025,2,IDFM:monomodalStopPlace:473109,IDFM:monomodalStopPlace:47874,400,8.869366981383626,109.0932138710186
3026,2,IDFM:monomodalStopPlace:473109,IDFM:monomodalStopPlace:47915,200,4.4592964073525625,54.849345810436525
3027,2,IDFM:monomodalStopPlace:473159,IDFM:monomodalStopPlace:43078,150,2.4320781920890564,29.9145617626954
3028,2,IDFM:monomodalStopPlace:473159,IDFM:monomodalStopPlace:43133,110,1.683129601175844,20.70249409446288
3029,6,IDFM:monomodalStopPlace:47322,IDFM:492416,39,0.0356503482458413,0.0
3030,2,IDFM:monomodalStopPlace:47322,IDFM:monomodalStopPlace:427872,330,9.110355481967574,112.05737242820116
3031,2,IDFM:monomodalStopPlace:47322,IDFM:monomodalStopPlace:43161,440,8.706779440864144,107.09338712262898
3032,6,IDFM:monomodalStopPlace:473364,IDFM:10219,300,0.09532896771007784,0.0
3033,2,IDFM:monomodalStopPlace:473364,IDFM:monomodalStopPlace:462398,140,1.0797256195010734,13.280625119863204
3034,2,IDFM:monomodalStopPlace:473506,IDFM:monomodalStopPlace:43248,160,2.568365556335459,31.590896342926147
3035,2,IDFM:monomodalStopPlace:473506,IDFM:monomodalStopPlace:47790,100,1.2318290372456628,15.151497158121654
3036,6,IDFM:monomodalStopPlace:473843,IDFM:24115,210,0.1558023125441246,0.0
3037,2,IDFM:monomodalStopPlace:473843,IDFM:monomodalStopPlace:43097,280,5.729242322936637,70.46968057212064
3038,2,IDFM:monomodalStopPlace:473843,IDFM:monomodalStopPlace:45877,67,0.8214700218719294,10.104081269024732
3039,2,IDFM:monomodalStopPlace:473843,IDFM:monomodalStopPlace:473890,110,1.567198188315787,19.27653771628418
3040,6,IDFM:monomodalStopPlace:473875,IDFM:22073,200,0.04474782791567755,0.0
3041,6,IDFM:monomodalStopPlace:473875,IDFM:22080,255,0.08854229417608164,0.0
3042,6,IDFM:monomodalStopPlace:473875,IDFM:462942,193,0.08941789995336685,0.0
3043,6,IDFM:monomodalStopPlace:473875,IDFM:463067,219,0.0294240347476266,0.0
3044,2,IDFM:monomodalStopPlace:473875,IDFM:monomodalStopPlace:43224,160,3.0852323262185664,37.948357612488365
3045,2,IDFM:monomodalStopPlace:473875,IDFM:monomodalStopPlace:470195,136,1.7596124792022871,21.64323349418813
3046,6,IDFM:monomodalStopPlace:473890,IDFM:22151,192,0.13602480186281218,0.0
3047,6,IDFM:monomodalStopPlace:473890,IDFM:22158,156,0.143737236740972,0.0
3048,6,IDFM:monomodalStopPlace:473890,IDFM:22160,368,0.33093669145133925,0.0
3049,2,IDFM:monomodalStopPlace:473890,IDFM:monomodalStopPlace:44500,77,0.9392913771715096,11.55328393920957
3050,2,IDFM:monomodalStopPlace:473890,IDFM:monomodalStopPlace:473843,108,1.567198188315787,19.27653771628418
3051,2,IDFM:monomodalStopPlace:474069,IDFM:monomodalStopPlace:43175,124,2.0964585222012837,25.786439823075785
3052,2,IDFM:monomodalStopPlace:474069,IDFM:monomodalStopPlace:43232,96,1.6669639495214907,20.503656579114335
3053,2,IDFM:monomodalStopPlace:474082,IDFM:monomodalStopPlace:43101,127,2.0215931936808094,24.865596282273955
3054,2,IDFM:monomodalStopPlace:474082,IDFM:monomodalStopPlace:43172,169,3.2413566509837124,39.868686807099664
3055,2,IDFM:monomodalStopPlace:474082,IDFM:monomodalStopPlace:58937,142,2.646366238283409,32.55030473088593
3056,6,IDFM:monomodalStopPlace:47412,IDFM:23436,316,0.280906340243503,0.0
3057,2,IDFM:monomodalStopPlace:47412,IDFM:monomodalStopPlace:43082,230,4.792161311100679,58.943584126538354
3058,2,IDFM:monomodalStopPlace:47412,IDFM:monomodalStopPlace:43170,210,2.45721522210997,30.223747231952636
3059,2,IDFM:monomodalStopPlace:47412,IDFM:monomodalStopPlace:47969,100,1.5532120422556002,19.104508119743883
3060,2,IDFM:monomodalStopPlace:47447,IDFM:monomodalStopPlace:43079,210,2.7685937357391968,34.05370294959212
3061,2,IDFM:monomodalStopPlace:47447,IDFM:monomodalStopPlace:43114,120,2.1495463728152244,26.439420385627265
3062,2,IDFM:monomodalStopPlace:47447,IDFM:monomodalStopPlace:43116,320,8.703360413295668,107.05133308353672
3063,2,IDFM:monomodalStopPlace:47447,IDFM:monomodalStopPlace:43143,280,7.187458619286453,88.40574101722338
3064,2,IDFM:monomodalStopPlace:47447,IDFM:monomodalStopPlace:44411,390,6.374656259154879,78.40827198760502
3065,2,IDFM:monomodalStopPlace:47447,IDFM:monomodalStopPlace:47603,230,5.399290734153337,66.41127603008604
3066,2,IDFM:monomodalStopPlace:47447,IDFM:monomodalStopPlace:47875,710,14.815181615605503,182.2267338719477
3067,2,IDFM:monomodalStopPlace:47447,IDFM:monomodalStopPlace:58566,1440,24.347126238881472,299.46965273824213
3068,2,IDFM:monomodalStopPlace:47482,IDFM:472386,330,8.488709888109184,104.41113162374296
3069,2,IDFM:monomodalStopPlace:47482,IDFM:monomodalStopPlace:411384,380,8.707606001345901,107.1035538165546
3070,2,IDFM:monomodalStopPlace:47484,IDFM:monomodalStopPlace:47486,190,3.597151397976966,44.244962195116685
3071,2,IDFM:monomodalStopPlace:47484,IDFM:monomodalStopPlace:47962,320,6.907677409481469,84.96443213662207
3072,2,IDFM:monomodalStopPlace:47486,IDFM:monomodalStopPlace:47484,190,3.597151397976966,44.244962195116685
3073,2,IDFM:monomodalStopPlace:47486,IDFM:monomodalStopPlace:47491,400,9.337925913352796,114.85648873423938
3074,2,IDFM:monomodalStopPlace:47491,IDFM:monomodalStopPlace:411375,250,5.664048378241862,69.66779505237491
3075,2,IDFM:monomodalStopPlace:47491,IDFM:monomodalStopPlace:47486,400,9.337925913352796,114.85648873423938
3076,2,IDFM:monomodalStopPlace:47517,IDFM:monomodalStopPlace:43120,130,1.970158909035394,24.232954581135346
3077,2,IDFM:monomodalStopPlace:47517,IDFM:monomodalStopPlace:43168,150,2.692609711494235,33.11909945137909
3078,2,IDFM:monomodalStopPlace:47522,IDFM:monomodalStopPlace:43168,200,2.863169358755039,35.21698311268698
3079,2,IDFM:monomodalStopPlace:47522,IDFM:monomodalStopPlace:47524,160,2.607209470993354,32.06867649321826
3080,2,IDFM:monomodalStopPlace:47524,IDFM:monomodalStopPlace:47522,160,2.607209470993354,32.06867649321826
3081,2,IDFM:monomodalStopPlace:47524,IDFM:monomodalStopPlace:47525,170,2.403777369086737,29.566461639766867
3082,2,IDFM:monomodalStopPlace:47525,IDFM:monomodalStopPlace:47524,150,2.403777369086737,29.566461639766867
3083,2,IDFM:monomodalStopPlace:47525,IDFM:monomodalStopPlace:47951,150,2.64897485688218,32.582390739650805
3084,2,IDFM:monomodalStopPlace:47528,IDFM:monomodalStopPlace:47951,140,1.725717809372713,21.22632905528437
3085,2,IDFM:monomodalStopPlace:47530,IDFM:monomodalStopPlace:43178,260,1.895271840328537,23.311843636041004
3086,2,IDFM:monomodalStopPlace:47530,IDFM:monomodalStopPlace:47946,150,2.536769532586738,31.20226525081688
3087,2,IDFM:monomodalStopPlace:47533,IDFM:monomodalStopPlace:411332,170,3.458076386599106,42.53433955516901
3088,2,IDFM:monomodalStopPlace:47533,IDFM:monomodalStopPlace:43178,340,4.049979468626316,49.81474746410369
3089,2,IDFM:monomodalStopPlace:47580,IDFM:monomodalStopPlace:43090,110,1.6912759990351085,20.802694788131834
3090,2,IDFM:monomodalStopPlace:47580,IDFM:monomodalStopPlace:47582,110,1.7292189784430256,21.269393434849217
3091,2,IDFM:monomodalStopPlace:47582,IDFM:monomodalStopPlace:47580,120,1.7292189784430256,21.269393434849217
3092,2,IDFM:monomodalStopPlace:47582,IDFM:monomodalStopPlace:47585,150,2.7535323259089166,33.86844760867967
3093,2,IDFM:monomodalStopPlace:47585,IDFM:monomodalStopPlace:47582,150,2.7535323259089166,33.86844760867967
3094,2,IDFM:monomodalStopPlace:47585,IDFM:monomodalStopPlace:47588,190,1.7115297551545292,21.051815988400712
3095,2,IDFM:monomodalStopPlace:47588,IDFM:monomodalStopPlace:47585,130,1.7115297551545292,21.051815988400712
3096,2,IDFM:monomodalStopPlace:47588,IDFM:monomodalStopPlace:47589,150,3.093159364538029,38.045860183817766
3097,2,IDFM:monomodalStopPlace:47588,IDFM:monomodalStopPlace:47918,170,3.4709448215617598,42.69262130520964
3098,2,IDFM:monomodalStopPlace:47588,IDFM:monomodalStopPlace:48964,550,10.270845824044166,126.33140363574324
3099,2,IDFM:monomodalStopPlace:47589,IDFM:monomodalStopPlace:47588,160,3.093159364538029,38.045860183817766
3100,2,IDFM:monomodalStopPlace:47589,IDFM:monomodalStopPlace:47590,180,3.903146221535465,48.00869852488622
3101,2,IDFM:monomodalStopPlace:47590,IDFM:monomodalStopPlace:43178,230,3.2620121391892325,40.122749312027565
3102,2,IDFM:monomodalStopPlace:47590,IDFM:monomodalStopPlace:47589,180,3.903146221535465,48.00869852488622
3103,2,IDFM:monomodalStopPlace:47591,IDFM:monomodalStopPlace:47595,100,1.339233509724379,16.47257216960986
3104,2,IDFM:monomodalStopPlace:47591,IDFM:monomodalStopPlace:47918,150,2.838530085970568,34.91392005743799
3105,2,IDFM:monomodalStopPlace:47595,IDFM:monomodalStopPlace:47591,90,1.339233509724379,16.47257216960986
3106,2,IDFM:monomodalStopPlace:47595,IDFM:monomodalStopPlace:47596,80,1.0356932734128992,12.73902726297866
3107,2,IDFM:monomodalStopPlace:47596,IDFM:monomodalStopPlace:47595,80,1.0356932734128992,12.73902726297866
3108,2,IDFM:monomodalStopPlace:47596,IDFM:monomodalStopPlace:47599,150,1.9196097607660323,23.6112000574222
3109,2,IDFM:monomodalStopPlace:47599,IDFM:monomodalStopPlace:43150,150,2.393298764184692,29.437574799471715
3110,2,IDFM:monomodalStopPlace:47599,IDFM:monomodalStopPlace:44411,130,0.8123692897790861,9.99214226428276
3111,2,IDFM:monomodalStopPlace:47599,IDFM:monomodalStopPlace:47596,140,1.9196097607660323,23.6112000574222
3112,2,IDFM:monomodalStopPlace:47603,IDFM:monomodalStopPlace:43116,270,3.774115088399122,46.421615587309205
3113,2,IDFM:monomodalStopPlace:47603,IDFM:monomodalStopPlace:43143,120,2.007109924187026,24.68745206750042
3114,2,IDFM:monomodalStopPlace:47603,IDFM:monomodalStopPlace:43212,370,7.776267600854946,95.64809149051584
3115,2,IDFM:monomodalStopPlace:47603,IDFM:monomodalStopPlace:47447,220,5.399290734153337,66.41127603008604
3116,2,IDFM:monomodalStopPlace:47654,IDFM:monomodalStopPlace:47909,290,7.3102843605313135,89.91649763453516
3117,2,IDFM:monomodalStopPlace:47654,IDFM:monomodalStopPlace:47911,320,8.130506405320055,100.00522878543669
3118,2,IDFM:monomodalStopPlace:47665,IDFM:monomodalStopPlace:42516,200,4.019232657253177,49.43656168421408
3119,2,IDFM:monomodalStopPlace:47665,IDFM:monomodalStopPlace:47669,190,4.373781339558538,53.79751047657002
3120,2,IDFM:monomodalStopPlace:47669,IDFM:monomodalStopPlace:45771,230,5.374527880878037,66.10669293479985
3121,2,IDFM:monomodalStopPlace:47669,IDFM:monomodalStopPlace:470195,1200,31.963297988008357,393.1485652525028
3122,2,IDFM:monomodalStopPlace:47669,IDFM:monomodalStopPlace:47665,200,4.373781339558538,53.79751047657002
3123,2,IDFM:monomodalStopPlace:47684,IDFM:monomodalStopPlace:43226,120,1.8629469790761772,22.914247842636986
3124,2,IDFM:monomodalStopPlace:47684,IDFM:monomodalStopPlace:45067,230,3.0139484475197613,37.07156590449306
3125,2,IDFM:monomodalStopPlace:47767,IDFM:monomodalStopPlace:43196,210,2.793994441024808,34.36613162460514
3126,2,IDFM:monomodalStopPlace:47767,IDFM:monomodalStopPlace:43241,160,2.0900911531484305,25.708121183725694
3127,2,IDFM:monomodalStopPlace:47770,IDFM:monomodalStopPlace:43196,170,2.757027392716616,33.91143693041438
3128,2,IDFM:monomodalStopPlace:47770,IDFM:monomodalStopPlace:43216,170,2.903787832349697,35.71659033790128
3129,2,IDFM:monomodalStopPlace:47790,IDFM:monomodalStopPlace:473506,100,1.2318290372456628,15.151497158121654
3130,2,IDFM:monomodalStopPlace:47790,IDFM:monomodalStopPlace:47880,100,1.520664862469545,18.7041778083754
3131,2,IDFM:monomodalStopPlace:47874,IDFM:monomodalStopPlace:43082,520,12.241218689442016,150.5669898801368
3132,2,IDFM:monomodalStopPlace:47874,IDFM:monomodalStopPlace:473109,360,8.869366981383626,109.0932138710186
3133,2,IDFM:monomodalStopPlace:47874,IDFM:monomodalStopPlace:47915,250,5.26606926293452,64.7726519340946
3134,2,IDFM:monomodalStopPlace:47874,IDFM:monomodalStopPlace:47966,190,3.565504954083981,43.85571093523297
3135,2,IDFM:monomodalStopPlace:47874,IDFM:monomodalStopPlace:58566,1120,24.884053327258496,306.0738559252796
3136,2,IDFM:monomodalStopPlace:47875,IDFM:monomodalStopPlace:43069,530,5.659725407570047,69.61462251311158
3137,2,IDFM:monomodalStopPlace:47875,IDFM:monomodalStopPlace:43116,280,6.115088011603703,75.21558254272556
3138,2,IDFM:monomodalStopPlace:47875,IDFM:monomodalStopPlace:43189,200,3.1070124206109004,38.21625277351408
3139,2,IDFM:monomodalStopPlace:47875,IDFM:monomodalStopPlace:43212,160,2.171864215339659,26.713929848677804
3140,2,IDFM:monomodalStopPlace:47875,IDFM:monomodalStopPlace:43236,150,1.9571378041365872,24.072794990880023
3141,2,IDFM:monomodalStopPlace:47875,IDFM:monomodalStopPlace:58566,610,10.490853039250336,129.0374923827791
3142,2,IDFM:monomodalStopPlace:47876,IDFM:monomodalStopPlace:43222,210,5.427600590231553,66.75948725984811
3143,2,IDFM:monomodalStopPlace:47876,IDFM:monomodalStopPlace:47968,110,1.7718484580019374,21.79373603342383
3144,2,IDFM:monomodalStopPlace:47877,IDFM:monomodalStopPlace:42356,130,1.6459194521347458,20.244809261257373
3145,2,IDFM:monomodalStopPlace:47877,IDFM:monomodalStopPlace:47900,120,2.042427690891035,25.12186059795973
3146,2,IDFM:monomodalStopPlace:47878,IDFM:monomodalStopPlace:43071,350,5.530176616645424,68.02117238473872
3147,2,IDFM:monomodalStopPlace:47878,IDFM:monomodalStopPlace:462398,280,6.076097218378261,74.73599578605261
3148,2,IDFM:monomodalStopPlace:47878,IDFM:monomodalStopPlace:58793,90,1.414765092472396,17.40161063741047
3149,2,IDFM:monomodalStopPlace:47879,IDFM:monomodalStopPlace:43114,150,2.9048467781046594,35.72961537068731
3150,2,IDFM:monomodalStopPlace:47879,IDFM:monomodalStopPlace:44559,170,2.8878407505470878,35.52044123172918
3151,2,IDFM:monomodalStopPlace:47880,IDFM:monomodalStopPlace:43216,100,1.4330571622321897,17.626603095455934
3152,2,IDFM:monomodalStopPlace:47880,IDFM:monomodalStopPlace:47790,110,1.520664862469545,18.7041778083754
3153,2,IDFM:monomodalStopPlace:47881,IDFM:monomodalStopPlace:43070,230,6.0015027335944335,73.81848362321153
3154,2,IDFM:monomodalStopPlace:47881,IDFM:monomodalStopPlace:47964,330,5.995240325871519,73.74145600821969
3155,2,IDFM:monomodalStopPlace:47881,IDFM:monomodalStopPlace:47966,480,9.88683052042759,121.60801540125937
3156,2,IDFM:monomodalStopPlace:47881,IDFM:monomodalStopPlace:54249,190,3.5052984877376696,43.11517139917334
3157,2,IDFM:monomodalStopPlace:47882,IDFM:472625,360,9.43757888342851,116.08222026617068
3158,2,IDFM:monomodalStopPlace:47882,IDFM:monomodalStopPlace:43070,220,3.532880743177442,43.45443314108254
3159,2,IDFM:monomodalStopPlace:47882,IDFM:monomodalStopPlace:46965,340,8.302345764712655,102.11885290596568
3160,2,IDFM:monomodalStopPlace:47882,IDFM:monomodalStopPlace:47944,220,4.095916795047216,50.37977657908076
3161,2,IDFM:monomodalStopPlace:47883,IDFM:monomodalStopPlace:43163,240,4.94823650104961,60.86330896291021
3162,2,IDFM:monomodalStopPlace:47883,IDFM:monomodalStopPlace:462388,90,1.004865983280476,12.359851594349855
3163,2,IDFM:monomodalStopPlace:47884,IDFM:monomodalStopPlace:43221,200,4.546090460384596,55.91691266273053
3164,2,IDFM:monomodalStopPlace:47884,IDFM:monomodalStopPlace:46990,180,2.9066604829946736,35.75192394083449
3165,2,IDFM:monomodalStopPlace:47885,IDFM:monomodalStopPlace:43181,150,1.4003714958376074,17.224569398802572
3166,2,IDFM:monomodalStopPlace:47885,IDFM:monomodalStopPlace:43219,760,16.782853313652,206.42909575791964
3167,2,IDFM:monomodalStopPlace:47885,IDFM:monomodalStopPlace:46847,300,5.948436584691009,73.16576999169942
3168,2,IDFM:monomodalStopPlace:47885,IDFM:monomodalStopPlace:46850,430,11.385114508202983,140.03690845089673
3169,2,IDFM:monomodalStopPlace:47885,IDFM:monomodalStopPlace:46857,300,6.754918810201319,83.08550136547623
3170,2,IDFM:monomodalStopPlace:47886,IDFM:monomodalStopPlace:43135,108,1.800640514120671,22.147878323684253
3171,2,IDFM:monomodalStopPlace:47886,IDFM:monomodalStopPlace:47238,90,1.3929192735544431,17.132907064719653
3172,2,IDFM:monomodalStopPlace:47888,IDFM:monomodalStopPlace:47046,86,1.3277963464001676,16.33189506072206
3173,2,IDFM:monomodalStopPlace:47888,IDFM:monomodalStopPlace:47052,158,3.2967773494823565,40.55036139863299
3174,2,IDFM:monomodalStopPlace:47889,IDFM:monomodalStopPlace:47052,161,2.230043345921073,27.4295331548292
3175,2,IDFM:monomodalStopPlace:47895,IDFM:monomodalStopPlace:43142,310,6.853309789981624,84.29571041677399
3176,2,IDFM:monomodalStopPlace:47895,IDFM:monomodalStopPlace:43156,250,5.401790561962829,66.4420239121428
3177,2,IDFM:monomodalStopPlace:47897,IDFM:monomodalStopPlace:43104,170,1.9312828974942555,23.754779639179343
3178,2,IDFM:monomodalStopPlace:47897,IDFM:monomodalStopPlace:44559,200,4.159280306101263,51.15914776504554
3179,2,IDFM:monomodalStopPlace:47898,IDFM:monomodalStopPlace:43075,200,3.177863626517371,39.08772260616367
3180,2,IDFM:monomodalStopPlace:47898,IDFM:monomodalStopPlace:43105,110,1.2971102186811476,15.954455689778117
3181,2,IDFM:monomodalStopPlace:47898,IDFM:monomodalStopPlace:43189,120,1.3606091858714595,16.735492986218954
3182,2,IDFM:monomodalStopPlace:47898,IDFM:monomodalStopPlace:43201,190,2.495563470127628,30.69543068256982
3183,2,IDFM:monomodalStopPlace:47898,IDFM:monomodalStopPlace:46477,120,1.7147268095746373,21.09113975776804
3184,2,IDFM:monomodalStopPlace:47898,IDFM:monomodalStopPlace:47920,130,1.4311888471133674,17.60362281949442
3185,2,IDFM:monomodalStopPlace:47899,IDFM:monomodalStopPlace:43087,300,7.27723841620244,89.51003251929002
3186,2,IDFM:monomodalStopPlace:47899,IDFM:monomodalStopPlace:45761,220,4.085952112911563,50.25721098881223
3187,2,IDFM:monomodalStopPlace:47900,IDFM:monomodalStopPlace:43172,138,2.1598612973509863,26.56629395741713
3188,2,IDFM:monomodalStopPlace:47900,IDFM:monomodalStopPlace:43223,290,6.004727174859768,73.85814425077514
3189,2,IDFM:monomodalStopPlace:47900,IDFM:monomodalStopPlace:43224,232,4.832835145116056,59.44387228492749
3190,2,IDFM:monomodalStopPlace:47900,IDFM:monomodalStopPlace:44201,340,5.977020857027242,73.51735654143508
3191,2,IDFM:monomodalStopPlace:47900,IDFM:monomodalStopPlace:46552,170,1.868970702997827,22.988339646873275
3192,2,IDFM:monomodalStopPlace:47900,IDFM:monomodalStopPlace:47877,120,2.042427690891035,25.12186059795973
3193,2,IDFM:monomodalStopPlace:47900,IDFM:monomodalStopPlace:58498,540,11.100741983235476,136.53912639379638
3194,2,IDFM:monomodalStopPlace:47901,IDFM:monomodalStopPlace:43044,90,1.2275373990169107,15.098710007908004
3195,2,IDFM:monomodalStopPlace:47901,IDFM:monomodalStopPlace:43096,160,2.8898265642320213,35.54486674005386
3196,2,IDFM:monomodalStopPlace:47903,IDFM:monomodalStopPlace:46850,190,4.430462662263825,54.49469074584505
3197,2,IDFM:monomodalStopPlace:47903,IDFM:monomodalStopPlace:47921,230,5.579320339355674,68.6256401740748
3198,6,IDFM:monomodalStopPlace:479035,IDFM:21957,240,0.4709218536651798,0.0
3199,6,IDFM:monomodalStopPlace:479035,IDFM:463128,240,0.44800364896956174,0.0
3200,2,IDFM:monomodalStopPlace:479035,IDFM:471867,3000,77.18263872337182,949.3464562974737
3201,2,IDFM:monomodalStopPlace:479035,IDFM:monomodalStopPlace:411452,4170,110.90891727186244,1364.1796824439082
3202,2,IDFM:monomodalStopPlace:479035,IDFM:monomodalStopPlace:411464,2790,86.06112389943372,1058.5518239630348
3203,2,IDFM:monomodalStopPlace:479035,IDFM:monomodalStopPlace:411482,3660,110.65300240716812,1361.0319296081682
3204,2,IDFM:monomodalStopPlace:479035,IDFM:monomodalStopPlace:43245,3000,77.20201822707904,949.5848241930722
3205,2,IDFM:monomodalStopPlace:479035,IDFM:monomodalStopPlace:47910,2580,75.32036053198402,926.4404345434036
3206,2,IDFM:monomodalStopPlace:47904,IDFM:monomodalStopPlace:45759,110,1.6693450378458412,20.532943965503847
3207,2,IDFM:monomodalStopPlace:47904,IDFM:monomodalStopPlace:45820,170,2.8915360238191616,35.56589309297569
3208,2,IDFM:monomodalStopPlace:47905,IDFM:monomodalStopPlace:43149,190,3.3592466376465047,41.318733643052006
3209,2,IDFM:monomodalStopPlace:47905,IDFM:monomodalStopPlace:43159,190,4.187335262458336,51.504223728237534
3210,2,IDFM:monomodalStopPlace:479059,IDFM:472625,270,6.2989342383966616,77.47689113227894
3211,6,IDFM:monomodalStopPlace:479059,IDFM:472945,74,0.0676273763888903,0.0
3212,2,IDFM:monomodalStopPlace:479059,IDFM:monomodalStopPlace:46984,320,6.62879610056754,81.53419203698074
3213,2,IDFM:monomodalStopPlace:47906,IDFM:monomodalStopPlace:45850,120,1.8862489459950336,23.20086203573892
3214,2,IDFM:monomodalStopPlace:47906,IDFM:monomodalStopPlace:48489,150,2.313330784880979,28.453968654036043
3215,6,IDFM:monomodalStopPlace:47907,IDFM:490852,420,0.2036624800886031,0.0
3216,2,IDFM:monomodalStopPlace:47907,IDFM:monomodalStopPlace:44787,120,2.0542675913275303,25.267491373328625
3217,2,IDFM:monomodalStopPlace:47907,IDFM:monomodalStopPlace:46298,300,3.7523092753270144,46.15340408652228
3218,2,IDFM:monomodalStopPlace:47907,IDFM:monomodalStopPlace:46299,160,2.659001622475448,32.705719956448014
3219,2,IDFM:monomodalStopPlace:47909,IDFM:monomodalStopPlace:43106,870,19.643596686024896,241.61623923810623
3220,2,IDFM:monomodalStopPlace:47909,IDFM:monomodalStopPlace:45784,170,2.8569049948612424,35.13993143679328
3221,2,IDFM:monomodalStopPlace:47909,IDFM:monomodalStopPlace:45804,220,3.0094253221853933,37.01593146288034
3222,2,IDFM:monomodalStopPlace:47909,IDFM:monomodalStopPlace:470195,1730,46.733489614262055,574.8219222554233
3223,2,IDFM:monomodalStopPlace:47909,IDFM:monomodalStopPlace:47654,330,7.3102843605313135,89.91649763453516
3224,2,IDFM:monomodalStopPlace:47909,IDFM:monomodalStopPlace:47967,280,4.944546277130959,60.8179192087108
3225,2,IDFM:monomodalStopPlace:47910,IDFM:470966,540,12.69078692961424,156.09667923425513
3226,2,IDFM:monomodalStopPlace:47910,IDFM:monomodalStopPlace:411464,390,11.974497913712984,147.28632433866971
3227,2,IDFM:monomodalStopPlace:47910,IDFM:monomodalStopPlace:43106,510,12.69790296526114,156.18420647271202
3228,2,IDFM:monomodalStopPlace:47910,IDFM:monomodalStopPlace:43144,250,3.878324135480325,47.703386866408
3229,2,IDFM:monomodalStopPlace:47910,IDFM:monomodalStopPlace:479035,2700,75.32036053198402,926.4404345434036
3230,2,IDFM:monomodalStopPlace:47910,IDFM:monomodalStopPlace:47953,410,10.711284385389064,131.7487979402855
3231,2,IDFM:monomodalStopPlace:47911,IDFM:monomodalStopPlace:47130,300,7.982581206860583,98.18574884438516
3232,2,IDFM:monomodalStopPlace:47911,IDFM:monomodalStopPlace:47654,340,8.130506405320055,100.00522878543669
3233,2,IDFM:monomodalStopPlace:47911,IDFM:monomodalStopPlace:47961,240,4.275687157693424,52.59095203962912
3234,2,IDFM:monomodalStopPlace:47915,IDFM:monomodalStopPlace:43082,510,8.899670982753772,109.4659530878714
3235,2,IDFM:monomodalStopPlace:47915,IDFM:monomodalStopPlace:473109,200,4.4592964073525625,54.849345810436525
3236,2,IDFM:monomodalStopPlace:47915,IDFM:monomodalStopPlace:47874,360,5.26606926293452,64.7726519340946
3237,2,IDFM:monomodalStopPlace:47916,IDFM:monomodalStopPlace:43160,110,1.8159215118147287,22.33583459532117
3238,2,IDFM:monomodalStopPlace:47916,IDFM:monomodalStopPlace:47929,120,1.8488569042294116,22.740939922021763
3239,2,IDFM:monomodalStopPlace:47918,IDFM:monomodalStopPlace:462394,2110,28.47717325325072,350.26923101498386
3240,2,IDFM:monomodalStopPlace:47918,IDFM:monomodalStopPlace:47588,170,3.4709448215617598,42.69262130520964
3241,2,IDFM:monomodalStopPlace:47918,IDFM:monomodalStopPlace:47591,150,2.838530085970568,34.91392005743799
3242,2,IDFM:monomodalStopPlace:47920,IDFM:monomodalStopPlace:46482,70,0.7680816534206316,9.447404337073769
3243,2,IDFM:monomodalStopPlace:47920,IDFM:monomodalStopPlace:47898,110,1.4311888471133674,17.60362281949442
3244,2,IDFM:monomodalStopPlace:47921,IDFM:monomodalStopPlace:47903,230,5.579320339355674,68.6256401740748
3245,2,IDFM:monomodalStopPlace:47921,IDFM:monomodalStopPlace:47959,160,2.913602061628917,35.837305358035685
3246,2,IDFM:monomodalStopPlace:47922,IDFM:monomodalStopPlace:44161,170,3.6202957943630767,44.52963827066585
3247,2,IDFM:monomodalStopPlace:47922,IDFM:monomodalStopPlace:46801,230,5.5119402442911865,67.7968650047816
3248,2,IDFM:monomodalStopPlace:47922,IDFM:monomodalStopPlace:47930,320,8.588621902417389,105.64004939973388
3249,2,IDFM:monomodalStopPlace:47922,IDFM:monomodalStopPlace:47949,170,3.5192250037903667,43.28646754662152
3250,2,IDFM:monomodalStopPlace:47923,IDFM:monomodalStopPlace:43069,90,1.213135205506776,14.921563027733344
3251,2,IDFM:monomodalStopPlace:47923,IDFM:monomodalStopPlace:43118,120,1.8674464383393197,22.96959119157363
3252,2,IDFM:monomodalStopPlace:47923,IDFM:monomodalStopPlace:47969,110,1.4273822893465655,17.55680215896276
3253,2,IDFM:monomodalStopPlace:47923,IDFM:monomodalStopPlace:58566,420,5.892690026909462,72.4800873309864
3254,2,IDFM:monomodalStopPlace:47924,IDFM:monomodalStopPlace:45771,130,2.0703812572016966,25.46568946358087
3255,2,IDFM:monomodalStopPlace:47924,IDFM:monomodalStopPlace:47909,1370,22.14159797203526,272.34165505603374
3256,2,IDFM:monomodalStopPlace:47924,IDFM:monomodalStopPlace:58873,160,3.20433837908149,39.41336206270233
3257,2,IDFM:monomodalStopPlace:47925,IDFM:monomodalStopPlace:415484,180,2.720144840539401,33.45778153863464
3258,2,IDFM:monomodalStopPlace:47925,IDFM:monomodalStopPlace:43099,150,2.5127449171507243,30.906762480953912
3259,2,IDFM:monomodalStopPlace:47927,IDFM:monomodalStopPlace:43081,170,3.1047949512337394,38.188977900175
3260,2,IDFM:monomodalStopPlace:47927,IDFM:monomodalStopPlace:43149,170,3.4789692421557645,42.79132167851591
3261,2,IDFM:monomodalStopPlace:47928,IDFM:472386,280,8.349733334798179,102.7017200180176
3262,2,IDFM:monomodalStopPlace:47928,IDFM:monomodalStopPlace:47962,300,6.416178335884318,78.91899353137711
3263,2,IDFM:monomodalStopPlace:47929,IDFM:monomodalStopPlace:46926,140,2.319960873830826,28.53551874811916
3264,2,IDFM:monomodalStopPlace:47929,IDFM:monomodalStopPlace:47916,110,1.8488569042294116,22.740939922021763
3265,2,IDFM:monomodalStopPlace:47930,IDFM:monomodalStopPlace:411345,480,13.634478598793908,167.70408676516507
3266,2,IDFM:monomodalStopPlace:47930,IDFM:monomodalStopPlace:411348,220,5.216526595205053,64.16327712102216
3267,2,IDFM:monomodalStopPlace:47930,IDFM:monomodalStopPlace:47922,310,8.588621902417389,105.64004939973388
3268,2,IDFM:monomodalStopPlace:47930,IDFM:monomodalStopPlace:47949,210,5.178442209047968,63.694839171290006
3269,2,IDFM:monomodalStopPlace:47932,IDFM:monomodalStopPlace:43147,140,2.337196213486835,28.747513425888076
3270,2,IDFM:monomodalStopPlace:47932,IDFM:monomodalStopPlace:43229,180,3.889444056498038,47.84016189492587
3271,2,IDFM:monomodalStopPlace:47935,IDFM:monomodalStopPlace:411492,660,21.221441611615468,261.0237318228703
3272,2,IDFM:monomodalStopPlace:47935,IDFM:monomodalStopPlace:411495,300,8.256673162783347,101.55707990223516
3273,2,IDFM:monomodalStopPlace:47935,IDFM:monomodalStopPlace:46850,600,18.0201099887312,221.64735286139373
3274,2,IDFM:monomodalStopPlace:47935,IDFM:monomodalStopPlace:47959,270,7.036334178539845,86.5469103960401
3275,2,IDFM:monomodalStopPlace:47937,IDFM:monomodalStopPlace:43248,110,1.7066189302255328,20.991412841774054
3276,2,IDFM:monomodalStopPlace:47937,IDFM:monomodalStopPlace:47954,230,2.15737865667996,26.535757477163507
3277,2,IDFM:monomodalStopPlace:47939,IDFM:monomodalStopPlace:43068,140,2.2136361673907787,27.22772485890658
3278,2,IDFM:monomodalStopPlace:47939,IDFM:monomodalStopPlace:43098,260,3.616545894472592,44.48351450201288
3279,2,IDFM:monomodalStopPlace:47940,IDFM:monomodalStopPlace:43066,148,3.3880299725588303,41.672768662473615
3280,2,IDFM:monomodalStopPlace:47940,IDFM:monomodalStopPlace:43228,88,1.3455860972549367,16.550708996235723
3281,2,IDFM:monomodalStopPlace:47940,IDFM:monomodalStopPlace:46035,200,3.659050776399145,45.00632454970949
3282,2,IDFM:monomodalStopPlace:47940,IDFM:monomodalStopPlace:58774,220,1.761506933485795,21.66653528187528
3283,2,IDFM:monomodalStopPlace:47942,IDFM:monomodalStopPlace:43247,310,7.725251743953182,95.02059645062414
3284,2,IDFM:monomodalStopPlace:47942,IDFM:monomodalStopPlace:47205,230,4.750256535482177,58.42815538643078
3285,2,IDFM:monomodalStopPlace:47943,IDFM:monomodalStopPlace:43117,360,3.296678933838047,40.54915088620798
3286,2,IDFM:monomodalStopPlace:47943,IDFM:monomodalStopPlace:47199,200,4.244475763658085,52.20705189299444
3287,2,IDFM:monomodalStopPlace:47944,IDFM:monomodalStopPlace:46886,180,4.018596788673733,49.42874050068692
3288,2,IDFM:monomodalStopPlace:47944,IDFM:monomodalStopPlace:47882,320,4.095916795047216,50.37977657908076
3289,2,IDFM:monomodalStopPlace:47946,IDFM:monomodalStopPlace:43168,330,6.744878018310415,82.96199962521811
3290,2,IDFM:monomodalStopPlace:47946,IDFM:monomodalStopPlace:47530,140,2.536769532586738,31.20226525081688
3291,2,IDFM:monomodalStopPlace:47948,IDFM:monomodalStopPlace:43225,190,3.197596794767623,39.33044057564177
3292,2,IDFM:monomodalStopPlace:47948,IDFM:monomodalStopPlace:45860,130,2.1276479981093086,26.170070376744498
3293,2,IDFM:monomodalStopPlace:47949,IDFM:monomodalStopPlace:47922,170,3.5192250037903667,43.28646754662152
3294,2,IDFM:monomodalStopPlace:47949,IDFM:monomodalStopPlace:47930,210,5.178442209047968,63.694839171290006
3295,2,IDFM:monomodalStopPlace:47950,IDFM:471744,300,5.114449645762769,62.90773064288207
3296,2,IDFM:monomodalStopPlace:47950,IDFM:monomodalStopPlace:47952,260,5.117591098847689,62.94637051582658
3297,2,IDFM:monomodalStopPlace:47951,IDFM:monomodalStopPlace:47525,150,2.64897485688218,32.582390739650805
3298,2,IDFM:monomodalStopPlace:47951,IDFM:monomodalStopPlace:47528,180,1.725717809372713,21.22632905528437
3299,2,IDFM:monomodalStopPlace:47952,IDFM:monomodalStopPlace:43099,220,4.205282771861077,51.724978093891245
3300,2,IDFM:monomodalStopPlace:47952,IDFM:monomodalStopPlace:47950,200,5.117591098847689,62.94637051582658
3301,2,IDFM:monomodalStopPlace:47953,IDFM:monomodalStopPlace:47130,110,1.491835501486641,18.34957666828568
3302,2,IDFM:monomodalStopPlace:47953,IDFM:monomodalStopPlace:47910,380,10.711284385389064,131.7487979402855
3303,6,IDFM:monomodalStopPlace:47954,IDFM:480906,77,0.06561652498860705,0.0
3304,2,IDFM:monomodalStopPlace:47954,IDFM:monomodalStopPlace:47937,170,2.15737865667996,26.535757477163507
3305,2,IDFM:monomodalStopPlace:47955,IDFM:monomodalStopPlace:43079,170,2.9178331707483625,35.88934800020486
3306,2,IDFM:monomodalStopPlace:47955,IDFM:monomodalStopPlace:44411,120,1.1700988376328805,14.39221570288443
3307,2,IDFM:monomodalStopPlace:47958,IDFM:monomodalStopPlace:411418,180,3.747977162518323,46.10011909897538
3308,2,IDFM:monomodalStopPlace:47958,IDFM:monomodalStopPlace:44628,260,6.716297085638921,82.61045415335873
3309,2,IDFM:monomodalStopPlace:47959,IDFM:monomodalStopPlace:47921,150,2.913602061628917,35.837305358035685
3310,2,IDFM:monomodalStopPlace:47959,IDFM:monomodalStopPlace:47935,270,7.036334178539845,86.5469103960401
3311,2,IDFM:monomodalStopPlace:47960,IDFM:monomodalStopPlace:46731,130,2.502925138739261,30.78597920649291
3312,2,IDFM:monomodalStopPlace:47960,IDFM:monomodalStopPlace:46736,180,3.451813715386105,42.4573086992491
3313,2,IDFM:monomodalStopPlace:47961,IDFM:monomodalStopPlace:47130,210,3.7254962756207104,45.82360419013474
3314,2,IDFM:monomodalStopPlace:47961,IDFM:monomodalStopPlace:47911,230,4.275687157693424,52.59095203962912
3315,2,IDFM:monomodalStopPlace:47962,IDFM:monomodalStopPlace:43161,270,6.428939763982855,79.07595909698911
3316,2,IDFM:monomodalStopPlace:47962,IDFM:monomodalStopPlace:47484,300,6.907677409481469,84.96443213662207
3317,2,IDFM:monomodalStopPlace:47962,IDFM:monomodalStopPlace:47928,340,6.416178335884318,78.91899353137711
3318,2,IDFM:monomodalStopPlace:47963,IDFM:monomodalStopPlace:43206,70,0.7305501787936279,8.985767199161623
3319,2,IDFM:monomodalStopPlace:47963,IDFM:monomodalStopPlace:48964,100,1.3991789893390314,17.209901568870087
3320,2,IDFM:monomodalStopPlace:47964,IDFM:monomodalStopPlace:43082,780,18.704670494014,230.06744707637216
3321,2,IDFM:monomodalStopPlace:47964,IDFM:monomodalStopPlace:47881,510,5.995240325871519,73.74145600821969
3322,2,IDFM:monomodalStopPlace:47964,IDFM:monomodalStopPlace:47966,250,5.526060622918149,67.97054566189324
3323,2,IDFM:monomodalStopPlace:47964,IDFM:monomodalStopPlace:54249,170,2.7180519295312435,33.4320387332343
3324,2,IDFM:monomodalStopPlace:47966,IDFM:monomodalStopPlace:47874,210,3.565504954083981,43.85571093523297
3325,2,IDFM:monomodalStopPlace:47966,IDFM:monomodalStopPlace:47964,220,5.526060622918149,67.97054566189324
3326,2,IDFM:monomodalStopPlace:47966,IDFM:monomodalStopPlace:58566,1320,28.445619819135725,349.8811237753694
3327,2,IDFM:monomodalStopPlace:47967,IDFM:monomodalStopPlace:45763,160,3.0072425288499938,36.98908310485493
3328,2,IDFM:monomodalStopPlace:47967,IDFM:monomodalStopPlace:47909,280,4.944546277130959,60.8179192087108
3329,2,IDFM:monomodalStopPlace:47968,IDFM:monomodalStopPlace:44628,150,2.8993264846746616,35.66171576149834
3330,2,IDFM:monomodalStopPlace:47968,IDFM:monomodalStopPlace:47876,120,1.7718484580019374,21.79373603342383
3331,2,IDFM:monomodalStopPlace:47969,IDFM:monomodalStopPlace:47412,110,1.5532120422556002,19.104508119743883
3332,2,IDFM:monomodalStopPlace:47969,IDFM:monomodalStopPlace:47923,110,1.4273822893465655,17.55680215896276
3333,2,IDFM:monomodalStopPlace:48489,IDFM:monomodalStopPlace:43132,160,2.539025440695293,31.23001292055211
3334,2,IDFM:monomodalStopPlace:48489,IDFM:monomodalStopPlace:47906,140,2.313330784880979,28.453968654036043
3335,6,IDFM:monomodalStopPlace:487011,IDFM:monomodalStopPlace:43169,300,0.3710254141299722,0.0
3336,2,IDFM:monomodalStopPlace:487011,IDFM:monomodalStopPlace:470549,110,1.2086079388670248,14.865877648064403
3337,2,IDFM:monomodalStopPlace:48964,IDFM:monomodalStopPlace:46482,150,2.82623632637469,34.76270681440869
3338,2,IDFM:monomodalStopPlace:48964,IDFM:monomodalStopPlace:47588,890,10.270845824044166,126.33140363574324
3339,2,IDFM:monomodalStopPlace:48964,IDFM:monomodalStopPlace:47963,110,1.3991789893390314,17.209901568870087
3340,2,IDFM:monomodalStopPlace:51238,IDFM:monomodalStopPlace:43069,130,1.4409876818666456,17.72414848695974
3341,2,IDFM:monomodalStopPlace:51238,IDFM:monomodalStopPlace:43113,140,1.6223629426428878,19.95506419450752
3342,2,IDFM:monomodalStopPlace:51494,IDFM:monomodalStopPlace:44411,260,3.76501026484935,46.30962625764701
3343,2,IDFM:monomodalStopPlace:51494,IDFM:monomodalStopPlace:46801,180,3.2029335674598847,39.39608287975658
3344,2,IDFM:monomodalStopPlace:53783,IDFM:monomodalStopPlace:53784,108,1.9232102853733488,23.655486510092192
3345,2,IDFM:monomodalStopPlace:53783,IDFM:monomodalStopPlace:58875,90,1.4172023445502244,17.431588837967762
3346,2,IDFM:monomodalStopPlace:53784,IDFM:monomodalStopPlace:43237,94,1.4318480599670558,17.611731137594788
3347,2,IDFM:monomodalStopPlace:53784,IDFM:monomodalStopPlace:53783,106,1.9232102853733488,23.655486510092192
3348,2,IDFM:monomodalStopPlace:54249,IDFM:monomodalStopPlace:47881,240,3.5052984877376696,43.11517139917334
3349,2,IDFM:monomodalStopPlace:54249,IDFM:monomodalStopPlace:47964,170,2.7180519295312435,33.4320387332343
3350,2,IDFM:monomodalStopPlace:57674,IDFM:monomodalStopPlace:43136,120,1.6986772666482113,20.893730379773
3351,2,IDFM:monomodalStopPlace:57674,IDFM:monomodalStopPlace:43219,290,3.23253367093392,39.76016415248722
3352,2,IDFM:monomodalStopPlace:58267,IDFM:monomodalStopPlace:43223,210,2.588958035546032,31.8441838372162
3353,2,IDFM:monomodalStopPlace:58267,IDFM:monomodalStopPlace:46552,130,2.4589934704077527,30.24561968601536
3354,2,IDFM:monomodalStopPlace:58270,IDFM:monomodalStopPlace:43146,100,1.4874032323097313,18.295059757409696
3355,2,IDFM:monomodalStopPlace:58270,IDFM:monomodalStopPlace:43234,114,2.02213327000063,24.87223922100775
3356,2,IDFM:monomodalStopPlace:58288,IDFM:monomodalStopPlace:43074,180,3.921585265534739,48.23549876607729
3357,2,IDFM:monomodalStopPlace:58288,IDFM:monomodalStopPlace:43223,160,3.1433800397211566,38.66357448857023
3358,6,IDFM:monomodalStopPlace:58498,IDFM:24530,343,0.14285908562044902,0.0
3359,2,IDFM:monomodalStopPlace:58498,IDFM:monomodalStopPlace:43176,130,2.305258770345004,28.35468287524355
3360,2,IDFM:monomodalStopPlace:58498,IDFM:monomodalStopPlace:470519,370,2.550166090501145,31.367042913164088
3361,2,IDFM:monomodalStopPlace:58498,IDFM:monomodalStopPlace:47900,520,11.100741983235476,136.53912639379638
3362,2,IDFM:monomodalStopPlace:58498,IDFM:monomodalStopPlace:58572,140,2.366265173790376,29.105061637621628
3363,6,IDFM:monomodalStopPlace:58566,IDFM:21962,240,0.23751610706133874,0.0
3364,6,IDFM:monomodalStopPlace:58566,IDFM:21964,240,0.34571663092654326,0.0
3365,6,IDFM:monomodalStopPlace:58566,IDFM:462970,240,0.2781028264730624,0.0
3366,6,IDFM:monomodalStopPlace:58566,IDFM:462971,240,0.31725657055598366,0.0
3367,6,IDFM:monomodalStopPlace:58566,IDFM:463066,342,0.3089535594278619,0.0
3368,6,IDFM:monomodalStopPlace:58566,IDFM:463069,277,0.24791971964051573,0.0
3369,6,IDFM:monomodalStopPlace:58566,IDFM:471341,94,0.07131605865579635,0.0
3370,2,IDFM:monomodalStopPlace:58566,IDFM:472217,1830,54.08988552561777,665.3055919650985
3371,2,IDFM:monomodalStopPlace:58566,IDFM:472625,2310,54.04947568060314,664.8085508714187
3372,2,IDFM:monomodalStopPlace:58566,IDFM:monomodalStopPlace:411365,3990,100.27402528733752,1233.3705110342516
3373,2,IDFM:monomodalStopPlace:58566,IDFM:monomodalStopPlace:43069,390,5.020190671807064,61.74834526322689
3374,2,IDFM:monomodalStopPlace:58566,IDFM:monomodalStopPlace:43082,600,12.926932961059412,159.00127542103078
3375,2,IDFM:monomodalStopPlace:58566,IDFM:monomodalStopPlace:45493,150,1.6979422619767772,20.88468982231436
3376,2,IDFM:monomodalStopPlace:58566,IDFM:monomodalStopPlace:470549,540,7.475157315664626,91.9444349826749
3377,2,IDFM:monomodalStopPlace:58566,IDFM:monomodalStopPlace:47412,530,8.215264121374476,101.04774869290608
3378,2,IDFM:monomodalStopPlace:58566,IDFM:monomodalStopPlace:47874,1060,24.884053327258496,306.0738559252796
3379,2,IDFM:monomodalStopPlace:58566,IDFM:monomodalStopPlace:47875,550,10.490853039250336,129.0374923827791
3380,2,IDFM:monomodalStopPlace:58566,IDFM:monomodalStopPlace:47923,370,5.892690026909462,72.4800873309864
3381,6,IDFM:monomodalStopPlace:58566,IDFM:monomodalStopPlace:58718,360,0.4748982178228964,0.0
3382,2,IDFM:monomodalStopPlace:58566,IDFM:monomodalStopPlace:59038,3060,76.1450735077664,936.5844041455268
3383,6,IDFM:monomodalStopPlace:58572,IDFM:22007,240,0.18628309288667974,0.0
3384,6,IDFM:monomodalStopPlace:58572,IDFM:463183,240,0.22727936459826895,0.0
3385,6,IDFM:monomodalStopPlace:58572,IDFM:471604,303,0.2703344127605744,0.0
3386,6,IDFM:monomodalStopPlace:58572,IDFM:monomodalStopPlace:462394,240,0.2549006283272896,0.0
3387,6,IDFM:monomodalStopPlace:58572,IDFM:monomodalStopPlace:470519,350,0.3166453101956472,0.0
3388,2,IDFM:monomodalStopPlace:58572,IDFM:monomodalStopPlace:58498,150,2.366265173790376,29.105061637621628
3389,2,IDFM:monomodalStopPlace:58572,IDFM:monomodalStopPlace:58718,160,2.6341375996165493,32.39989247528356
3390,6,IDFM:monomodalStopPlace:58718,IDFM:21906,243,0.2131632412096394,0.0
3391,6,IDFM:monomodalStopPlace:58718,IDFM:21962,300,0.3930315628122417,0.0
3392,6,IDFM:monomodalStopPlace:58718,IDFM:21964,300,0.1294160449646683,0.0
3393,6,IDFM:monomodalStopPlace:58718,IDFM:462970,300,0.3400393690714366,0.0
3394,6,IDFM:monomodalStopPlace:58718,IDFM:462971,300,0.3445550071326279,0.0
3395,6,IDFM:monomodalStopPlace:58718,IDFM:463188,420,0.1841511747756457,0.0
3396,2,IDFM:monomodalStopPlace:58718,IDFM:monomodalStopPlace:415093,180,3.760935629521567,46.25950824311528
3397,6,IDFM:monomodalStopPlace:58718,IDFM:monomodalStopPlace:45873,300,0.3494149461830242,0.0
3398,6,IDFM:monomodalStopPlace:58718,IDFM:monomodalStopPlace:58566,360,0.4748982178228964,0.0
3399,2,IDFM:monomodalStopPlace:58718,IDFM:monomodalStopPlace:58572,160,2.6341375996165493,32.39989247528356
3400,6,IDFM:monomodalStopPlace:58757,IDFM:463005,368,0.32990343767846353,0.0
3401,2,IDFM:monomodalStopPlace:58757,IDFM:monomodalStopPlace:415091,90,1.1828531565507954,14.549093825574785
3402,2,IDFM:monomodalStopPlace:58757,IDFM:monomodalStopPlace:45346,120,1.5410070065413033,18.95438618045803
3403,2,IDFM:monomodalStopPlace:58757,IDFM:monomodalStopPlace:45419,100,0.9203408502022644,11.320192457487853
3404,6,IDFM:monomodalStopPlace:58759,IDFM:22086,437,0.13645713421172845,0.0
3405,6,IDFM:monomodalStopPlace:58759,IDFM:463042,240,0.059287422453546,0.0
3406,6,IDFM:monomodalStopPlace:58759,IDFM:463043,240,0.11537780620186044,0.0
3407,2,IDFM:monomodalStopPlace:58759,IDFM:monomodalStopPlace:45873,155,2.9049635965460325,35.7310522375162
3408,2,IDFM:monomodalStopPlace:58759,IDFM:monomodalStopPlace:470549,217,5.306114927146211,65.2652136038984
3409,6,IDFM:monomodalStopPlace:58774,IDFM:494313,263,0.1665048438174407,0.0
3410,2,IDFM:monomodalStopPlace:58774,IDFM:monomodalStopPlace:43066,255,5.145614942934918,63.29106379809949
3411,2,IDFM:monomodalStopPlace:58774,IDFM:monomodalStopPlace:43083,220,3.066561462582018,37.71870598975882
3412,2,IDFM:monomodalStopPlace:58774,IDFM:monomodalStopPlace:43228,160,3.079006053528322,37.87177445839836
3413,2,IDFM:monomodalStopPlace:58774,IDFM:monomodalStopPlace:43232,306,6.113064084308486,75.19068823699438
3414,2,IDFM:monomodalStopPlace:58774,IDFM:monomodalStopPlace:47009,102,1.56891736711644,19.29768361553221
3415,2,IDFM:monomodalStopPlace:58774,IDFM:monomodalStopPlace:47940,105,1.761506933485795,21.66653528187528
3416,2,IDFM:monomodalStopPlace:58792,IDFM:monomodalStopPlace:43094,175,2.54408744387677,31.292275559684278
3417,2,IDFM:monomodalStopPlace:58792,IDFM:monomodalStopPlace:43146,143,3.013768298975993,37.06935007740472
3418,2,IDFM:monomodalStopPlace:58793,IDFM:monomodalStopPlace:43193,120,2.2284816415765825,27.410324191391965
3419,2,IDFM:monomodalStopPlace:58793,IDFM:monomodalStopPlace:47878,90,1.414765092472396,17.40161063741047
3420,6,IDFM:monomodalStopPlace:58798,IDFM:480964,286,0.12575888658331136,0.0
3421,2,IDFM:monomodalStopPlace:58798,IDFM:monomodalStopPlace:45346,100,1.2353396952631146,15.19467825173631
3422,2,IDFM:monomodalStopPlace:58798,IDFM:monomodalStopPlace:462357,90,1.2008859579907043,14.770897283285665
3423,2,IDFM:monomodalStopPlace:58873,IDFM:monomodalStopPlace:43226,140,2.2173743960884207,27.273705071887576
3424,2,IDFM:monomodalStopPlace:58873,IDFM:monomodalStopPlace:47924,170,3.20433837908149,39.41336206270233
3425,2,IDFM:monomodalStopPlace:58874,IDFM:monomodalStopPlace:43207,192,4.662847194678066,57.35302049454021
3426,2,IDFM:monomodalStopPlace:58874,IDFM:monomodalStopPlace:43213,215,5.712879308291365,70.26841549198379
3427,2,IDFM:monomodalStopPlace:58875,IDFM:monomodalStopPlace:43171,112,2.1311099368477024,26.21265222322674
3428,2,IDFM:monomodalStopPlace:58875,IDFM:monomodalStopPlace:53783,93,1.4172023445502244,17.431588837967762
3429,2,IDFM:monomodalStopPlace:58879,IDFM:monomodalStopPlace:43127,140,2.6033961568893638,32.02177272973917
3430,2,IDFM:monomodalStopPlace:58879,IDFM:monomodalStopPlace:43211,290,4.570923710030795,56.222361633378775
3431,2,IDFM:monomodalStopPlace:58879,IDFM:monomodalStopPlace:470519,840,18.76952315486394,230.86513480482648
3432,2,IDFM:monomodalStopPlace:58937,IDFM:monomodalStopPlace:43152,199,4.478339007237271,55.08356978901844
3433,2,IDFM:monomodalStopPlace:58937,IDFM:monomodalStopPlace:44199,146,3.0775562680345456,37.85394209682492
3434,2,IDFM:monomodalStopPlace:58937,IDFM:monomodalStopPlace:474082,133,2.646366238283409,32.55030473088593
3435,2,IDFM:monomodalStopPlace:58955,IDFM:monomodalStopPlace:411488,300,6.700016085829514,82.41019785570303
3436,2,IDFM:monomodalStopPlace:58955,IDFM:monomodalStopPlace:47118,250,4.829456542352412,59.402315470934674
3437,2,IDFM:monomodalStopPlace:59038,IDFM:470812,390,11.03773078203605,135.76408861904343
3438,2,IDFM:monomodalStopPlace:59038,IDFM:472217,810,23.074395936148917,283.8150700146317
3439,2,IDFM:monomodalStopPlace:59038,IDFM:472625,960,23.028524672836088,283.2508534758839
3440,2,IDFM:monomodalStopPlace:59038,IDFM:monomodalStopPlace:46984,390,11.041950971421173,135.8159969484804
3441,2,IDFM:monomodalStopPlace:59038,IDFM:monomodalStopPlace:58566,4140,76.1450735077664,936.5844041455268
3442,2,IDFM:monomodalStopPlace:59049,IDFM:471744,720,22.470319378615045,276.3849283569651
3443,2,IDFM:monomodalStopPlace:59049,IDFM:monomodalStopPlace:411449,780,25.565841302143127,314.45984801636047
3444,2,IDFM:monomodalStopPlace:59049,IDFM:monomodalStopPlace:43072,3510,70.85716100753129,871.5430803926349
3445,2,IDFM:monomodalStopPlace:59206,IDFM:monomodalStopPlace:43097,88,1.2165035326774258,14.962993451932338
3446,2,IDFM:monomodalStopPlace:59206,IDFM:monomodalStopPlace:43125,75,0.905252019849574,11.13459984414976
3447,2,IDFM:monomodalStopPlace:59301,IDFM:monomodalStopPlace:411338,200,2.84132295784502,34.94827238149375
3448,2,IDFM:monomodalStopPlace:59301,IDFM:monomodalStopPlace:411345,360,8.009212662885957,98.51331575349728
