stop_id,route_id,stop_name,route_long_name,wheelchair_boarding,stop_lon,stop_lat
IDFM:10215,IDFM:C00563,Parking Pr,CDG VAL,2,2.544777752809999,49.00895871850854
IDFM:10217,IDFM:C00563,Parking Px,CDG VAL,2,2.5706033120730893,49.01003851611578
IDFM:41833,IDFM:C00563,Terminal 1,CDG VAL,2,2.5419935778763754,49.01312045015408
IDFM:10219,IDFM:C00563,Terminal 2 Gare,CDG VAL,2,2.571603629833642,49.00476823104306
IDFM:2272,IDFM:C00563,Terminal 3,CDG VAL,2,2.5609328325895886,49.00997206013239
IDFM:463121,IDFM:C01371,Argentine,1,2,2.2901217407362946,48.875329698621464
IDFM:463019,IDFM:C01371,Bastille,1,2,2.368705878566939,48.85200925680489
IDFM:22105,IDFM:C01371,Bérault,1,2,2.428999555985439,48.84549960024882
IDFM:22090,IDFM:C01371,Champs-Élysées - Clemenceau,1,2,2.3143282481904808,48.867651014971244
IDFM:22086,IDFM:C01371,Charles de Gaulle - Étoile,1,2,2.2959052012626087,48.87514351709741
IDFM:22104,IDFM:C01371,Château de Vincennes,1,2,2.4387723751235564,48.84461051795995
IDFM:22087,IDFM:C01371,Châtelet,1,2,2.3479018959749722,48.85859786076374
IDFM:22085,IDFM:C01371,Concorde,1,2,2.324558398980045,48.8661398266568
IDFM:463170,IDFM:C01371,Esplanade de la Défense,1,2,2.2500855569423823,48.88804059066483
IDFM:22082,IDFM:C01371,Franklin D. Roosevelt,1,2,2.309756175145954,48.869077178383634
IDFM:22083,IDFM:C01371,Gare de Lyon,1,2,2.3736656612449756,48.845843260602805
IDFM:22084,IDFM:C01371,George V,1,2,2.3003158877743135,48.87209812471422
IDFM:463080,IDFM:C01371,Hôtel de Ville,1,2,2.3529696700212277,48.857154931888076
IDFM:22101,IDFM:C01371,La Défense (Grande Arche),1,2,2.2370283575179295,48.89216699162139
IDFM:22100,IDFM:C01371,Les Sablons,1,2,2.272290618824008,48.88100089872812
IDFM:22081,IDFM:C01371,Louvre - Rivoli,1,2,2.3401829091941755,48.861105205124076
IDFM:22080,IDFM:C01371,Nation,1,2,2.3963742235438046,48.847601315029316
IDFM:22079,IDFM:C01371,Palais Royal - Musée du Louvre,1,2,2.335289405824149,48.86271943559432
IDFM:463044,IDFM:C01371,Pont de Neuilly,1,2,2.26070279695118,48.884657662190776
IDFM:463257,IDFM:C01371,Porte Maillot,1,2,2.2824322609853405,48.87778402204236
IDFM:22077,IDFM:C01371,Porte de Vincennes,1,2,2.407987506633357,48.84732208657537
IDFM:22076,IDFM:C01371,Reuilly - Diderot,1,2,2.385130344996436,48.84716632819534
IDFM:22103,IDFM:C01371,Saint-Mandé,1,2,2.419008290237386,48.846395818017456
IDFM:22074,IDFM:C01371,Saint-Paul (Le Marais),1,2,2.3608778355567166,48.855236846299434
IDFM:463041,IDFM:C01371,Tuileries,1,2,2.329075576533719,48.864690306389
IDFM:22122,IDFM:C01372,Alexandre Dumas,2,2,2.3946520762138035,48.85622188788925
IDFM:463120,IDFM:C01372,Anvers,2,2,2.344154840330292,48.882868568843925
IDFM:463125,IDFM:C01372,Avron,2,2,2.3981270975794575,48.851632500828394
IDFM:22127,IDFM:C01372,Barbès - Rochechouart,2,2,2.350590240121806,48.88381421970938
IDFM:463111,IDFM:C01372,Belleville,2,2,2.3767356404187154,48.872282105673904
IDFM:22125,IDFM:C01372,Blanche,2,2,2.3324843754343627,48.88376635447715
IDFM:463043,IDFM:C01372,Charles de Gaulle - Étoile,2,2,2.29586964132252,48.87497018465261
IDFM:462984,IDFM:C01372,Colonel Fabien,2,2,2.3705218388067606,48.877672577163494
IDFM:22121,IDFM:C01372,Courcelles,2,2,2.303294362425212,48.87926525411311
IDFM:462983,IDFM:C01372,Couronnes,2,2,2.380411328831147,48.86925693213847
IDFM:462981,IDFM:C01372,Jaurès,2,2,2.3702119189231237,48.88159652596559
IDFM:22119,IDFM:C01372,La Chapelle,2,2,2.3604172527181175,48.88443144713121
IDFM:463240,IDFM:C01372,Monceau,2,2,2.309412967374703,48.88056877012684
IDFM:463243,IDFM:C01372,Ménilmontant,2,2,2.3834850285048974,48.866415153463564
IDFM:463067,IDFM:C01372,Nation,2,2,2.3958621975200742,48.84845311702982
IDFM:463230,IDFM:C01372,Philippe Auguste,2,2,2.390522651148931,48.85813227469831
IDFM:463088,IDFM:C01372,Pigalle,2,2,2.338237980982755,48.882233458437206
IDFM:22115,IDFM:C01372,Place de Clichy,2,2,2.327928518538183,48.883707142526234
IDFM:22111,IDFM:C01372,Porte Dauphine,2,2,2.2777210335666034,48.871565955611615
IDFM:463285,IDFM:C01372,Père Lachaise,2,2,2.387634608660067,48.862468111782064
IDFM:22110,IDFM:C01372,Rome,2,2,2.321381575871181,48.88230097911558
IDFM:22107,IDFM:C01372,Stalingrad,2,2,2.365762904841579,48.884282266718806
IDFM:22108,IDFM:C01372,Ternes,2,2,2.2981134704077757,48.87821424184534
IDFM:22109,IDFM:C01372,Victor Hugo,2,2,2.285865383267522,48.86989032700777
IDFM:462988,IDFM:C01372,Villiers,2,2,2.3157390132416893,48.88125936021318
IDFM:463119,IDFM:C01373,Anatole France,3,2,2.2848969578464153,48.89221960150526
IDFM:21994,IDFM:C01373,Arts et Métiers,3,2,2.3567028103471075,48.8655749589296
IDFM:463090,IDFM:C01373,Bourse,3,2,2.3406652568921062,48.86876579045145
IDFM:463069,IDFM:C01373,Europe,3,2,2.3222402805851727,48.87876696184725
IDFM:22037,IDFM:C01373,Gallieni,3,2,2.415925722835426,48.86526258059952
IDFM:21950,IDFM:C01373,Gambetta,3,2,2.3973559900650927,48.864927694513085
IDFM:21906,IDFM:C01373,Havre-Caumartin,3,2,2.3275106723215995,48.87350857862455
IDFM:463210,IDFM:C01373,Louise Michel,3,2,2.2882229279373565,48.88851619143403
IDFM:22031,IDFM:C01373,Malesherbes,3,2,2.3094631286490457,48.88280165831574
IDFM:22030,IDFM:C01373,Opéra,3,2,2.3310881305064006,48.87147363089072
IDFM:463250,IDFM:C01373,Parmentier,3,2,2.3747006366471757,48.86520268584962
IDFM:22021,IDFM:C01373,Pereire,3,2,2.2976921549253824,48.88488709368852
IDFM:22035,IDFM:C01373,Pont de Levallois - Bécon,3,2,2.280241975843987,48.897207709932175
IDFM:22022,IDFM:C01373,Porte de Bagnolet,3,2,2.408788815134894,48.86443387140319
IDFM:463258,IDFM:C01373,Porte de Champerret,3,2,2.2919803147477458,48.885694329909555
IDFM:22020,IDFM:C01373,Père Lachaise,3,2,2.386194078813536,48.86300258636031
IDFM:22024,IDFM:C01373,Quatre Septembre,3,2,2.3362986889601727,48.86962750925171
IDFM:463297,IDFM:C01373,Rue Saint-Maur,3,2,2.380473183106445,48.8640905417235
IDFM:463091,IDFM:C01373,Réaumur - Sébastopol,3,2,2.352037362449655,48.86633222019121
IDFM:21902,IDFM:C01373,République,3,2,2.364308232925878,48.867162464736374
IDFM:462971,IDFM:C01373,Saint-Lazare,3,2,2.3245496231202374,48.8749960520377
IDFM:462986,IDFM:C01373,Sentier,3,2,2.3475337633798885,48.867315017977134
IDFM:463316,IDFM:C01373,Temple,3,2,2.3615753064292724,48.86672073081268
IDFM:22027,IDFM:C01373,Villiers,3,2,2.3158026305772355,48.88111358191802
IDFM:22028,IDFM:C01373,Wagram,3,2,2.304649114155696,48.88380353314642
IDFM:463118,IDFM:C01374,Alésia,4,2,2.3271429300068087,48.82817661096138
IDFM:483423,IDFM:C01374,Bagneux - Lucie Aubrac,4,2,2.3174789014519965,48.80353934589705
IDFM:483277,IDFM:C01374,Barbara,4,2,2.3174583168386667,48.809794517716256
IDFM:463093,IDFM:C01374,Barbès - Rochechouart,4,2,2.3496877379641914,48.8834136161107
IDFM:22152,IDFM:C01374,Château Rouge,4,2,2.3494738880152504,48.88716040405824
IDFM:22153,IDFM:C01374,Château d'Eau,4,2,2.355976595591061,48.872460003356586
IDFM:463158,IDFM:C01374,Châtelet,4,2,2.346700720279591,48.85968851570797
IDFM:463161,IDFM:C01374,Cité,4,2,2.347296643347068,48.85492745529126
IDFM:22151,IDFM:C01374,Denfert-Rochereau,4,2,2.3320734978269995,48.83393550837612
IDFM:22147,IDFM:C01374,Etienne Marcel,4,2,2.3489761968791085,48.86370301202431
IDFM:463022,IDFM:C01374,Gare de l'Est,4,2,2.3578238569623724,48.876280865101606
IDFM:463183,IDFM:C01374,Gare du Nord,4,2,2.356788836388753,48.87955113027037
IDFM:463208,IDFM:C01374,Les Halles,4,2,2.3460665308684954,48.86251574998404
IDFM:463222,IDFM:C01374,Mairie de Montrouge,4,2,2.319571617439263,48.818463178131836
IDFM:22132,IDFM:C01374,Marcadet - Poissonniers,4,2,2.34961335438052,48.89128006949049
IDFM:462996,IDFM:C01374,Montparnasse Bienvenue,4,2,2.3243576652924443,48.84388415156049
IDFM:463242,IDFM:C01374,Mouton-Duvernet,4,2,2.3298389941155806,48.831359797332574
IDFM:22145,IDFM:C01374,Odéon,4,2,2.339500894967485,48.852139396731204
IDFM:463092,IDFM:C01374,Porte d'Orléans,4,2,2.3255585128676093,48.823405476880474
IDFM:22141,IDFM:C01374,Porte de Clignancourt,4,2,2.344685686142838,48.89754170634836
IDFM:463291,IDFM:C01374,Raspail,4,2,2.3306236051430567,48.8391302548835
IDFM:22142,IDFM:C01374,Réaumur - Sébastopol,4,2,2.3524978170929365,48.86606041237913
IDFM:22136,IDFM:C01374,Saint-Germain-des-Prés,4,2,2.3339676199662094,48.85362413862782
IDFM:463306,IDFM:C01374,Saint-Michel,4,2,2.3439782280478325,48.85358950639147
IDFM:463308,IDFM:C01374,Saint-Placide,4,2,2.326952388869082,48.84702406259937
IDFM:462992,IDFM:C01374,Saint-Sulpice,4,2,2.3307827518659985,48.851173608572935
IDFM:463310,IDFM:C01374,Simplon,4,2,2.347794968187123,48.8938152613519
IDFM:22134,IDFM:C01374,Strasbourg - Saint-Denis,4,2,2.3544163629674797,48.86964566025509
IDFM:22135,IDFM:C01374,Vavin,4,2,2.328943385765137,48.84214720837221
IDFM:463018,IDFM:C01375,Bastille,5,2,2.3688602611345138,48.85329389739326
IDFM:22015,IDFM:C01375,Bobigny - Pablo Picasso,5,2,2.4491642390524158,48.906366164568425
IDFM:463002,IDFM:C01375,Bobigny-Pantin - Raymond Queneau,5,2,2.42629313749642,48.89561998613439
IDFM:22008,IDFM:C01375,Bréguet-Sabin,5,2,2.3702646767835276,48.856230932868456
IDFM:22009,IDFM:C01375,Campo-Formio,5,2,2.3586053956692963,48.83556918249131
IDFM:463023,IDFM:C01375,Gare d'Austerlitz,5,2,2.3655255305099825,48.842346824743345
IDFM:463021,IDFM:C01375,Gare de l'Est,5,2,2.358023783680903,48.87612230554184
IDFM:22007,IDFM:C01375,Gare du Nord,5,2,2.3572796868926504,48.87969091459778
IDFM:463017,IDFM:C01375,Hoche,5,2,2.403163071828535,48.89139257165104
IDFM:463191,IDFM:C01375,Jacques Bonsergent,5,2,2.3610777456486387,48.87064369715
IDFM:463095,IDFM:C01375,Jaurès,5,2,2.371411146549061,48.8830687337951
IDFM:462999,IDFM:C01375,Laumière,5,2,2.379351384185246,48.88516736748808
IDFM:21905,IDFM:C01375,Oberkampf,5,2,2.3685654155923075,48.86461288161638
IDFM:22005,IDFM:C01375,Ourcq,5,2,2.3866642761809373,48.8870329280158
IDFM:463025,IDFM:C01375,Place d'Italie,5,2,2.3555492674256175,48.830965970188394
IDFM:22003,IDFM:C01375,Porte de Pantin,5,2,2.3920918433350393,48.88849727447351
IDFM:463289,IDFM:C01375,Quai de la Rapée,5,2,2.3659387708439787,48.84645908984157
IDFM:22002,IDFM:C01375,Richard-Lenoir,5,2,2.371881885282108,48.85986830265463
IDFM:21903,IDFM:C01375,République,5,2,2.3641458008457192,48.86771020007316
IDFM:22000,IDFM:C01375,Saint-Marcel,5,2,2.3607287266526984,48.83850798652465
IDFM:463032,IDFM:C01375,Stalingrad,5,2,2.367348121277192,48.8841445128949
IDFM:463178,IDFM:C01375,Église de Pantin,5,2,2.4130972766523064,48.8932043341331
IDFM:22177,IDFM:C01376,Bel-Air,6,2,2.400867131995259,48.84142733223358
IDFM:463128,IDFM:C01376,Bercy,6,2,2.379469828720967,48.840180559990785
IDFM:463005,IDFM:C01376,Bir-Hakeim,6,2,2.2893485473490305,48.85390482281953
IDFM:463114,IDFM:C01376,Boissière,6,2,2.2900328376074373,48.8668483434173
IDFM:22176,IDFM:C01376,Cambronne,6,2,2.302920257626717,48.847518254603955
IDFM:463042,IDFM:C01376,Charles de Gaulle - Étoile,6,2,2.2948738924045875,48.873774943054684
IDFM:22174,IDFM:C01376,Chevaleret,6,2,2.3680882033727064,48.8349541249987
IDFM:22175,IDFM:C01376,Corvisart,6,2,2.350611225926166,48.82986001331238
IDFM:463169,IDFM:C01376,Daumesnil,6,2,2.3961473482024114,48.83948571484887
IDFM:22158,IDFM:C01376,Denfert-Rochereau,6,2,2.3328381108937557,48.834281536829266
IDFM:463075,IDFM:C01376,Dugommier,6,2,2.389600270339502,48.838993811187116
IDFM:22171,IDFM:C01376,Dupleix,6,2,2.2936502828934584,48.85039805601052
IDFM:22172,IDFM:C01376,Edgar Quinet,6,2,2.3253307707761035,48.840941974013205
IDFM:22173,IDFM:C01376,Glacière,6,2,2.3434678646983462,48.831143091431144
IDFM:463102,IDFM:C01376,Kléber,6,2,2.293236027618929,48.87139551248707
IDFM:463194,IDFM:C01376,La Motte-Picquet - Grenelle,6,2,2.2989316607750885,48.84873157297214
IDFM:462955,IDFM:C01376,Montparnasse Bienvenue,6,2,2.321246058119793,48.84209253988051
IDFM:22073,IDFM:C01376,Nation,6,2,2.3958240616768496,48.84789307657523
IDFM:463004,IDFM:C01376,Nationale,6,2,2.362831064840564,48.83320844187159
IDFM:22165,IDFM:C01376,Passy,6,2,2.2857098244884675,48.85752330962036
IDFM:462948,IDFM:C01376,Pasteur,6,2,2.312853665957604,48.842505552914545
IDFM:22167,IDFM:C01376,Picpus,6,2,2.4012614041381015,48.845060462352265
IDFM:463003,IDFM:C01376,Place d'Italie,6,2,2.356075940473981,48.83095306794445
IDFM:463288,IDFM:C01376,Quai de la Gare,6,2,2.372795631332857,48.83703845007442
IDFM:22155,IDFM:C01376,Raspail,6,2,2.3304820659123378,48.83907550080583
IDFM:22160,IDFM:C01376,Saint-Jacques,6,2,2.3371254549152516,48.83288661637968
IDFM:463314,IDFM:C01376,Sèvres-Lecourbe,6,2,2.3094986889083584,48.84561602643414
IDFM:22164,IDFM:C01376,Trocadéro,6,2,2.2875590874099805,48.86347456936703
IDFM:463031,IDFM:C01377,Aubervilliers - Pantin - Quatre Chemins,7,2,2.392167476863534,48.90377702537759
IDFM:22390,IDFM:C01377,Cadet,7,2,2.344415096740965,48.87600583260345
IDFM:22391,IDFM:C01377,Censier - Daubenton,7,2,2.351560925100919,48.84024612835756
IDFM:22388,IDFM:C01377,Chaussée d'Antin - La Fayette,7,2,2.333704081260557,48.873167738893606
IDFM:22367,IDFM:C01377,Château Landon,7,2,2.362031514557011,48.87844602475876
IDFM:22364,IDFM:C01377,Châtelet,7,2,2.3481315430283294,48.85691058117793
IDFM:22389,IDFM:C01377,Corentin Cariou,7,2,2.382291557164633,48.89467266005628
IDFM:463155,IDFM:C01377,Crimée,7,2,2.376986898492186,48.890850052275226
IDFM:463179,IDFM:C01377,Fort d'Aubervilliers,7,2,2.4041315995335246,48.914732203978005
IDFM:463001,IDFM:C01377,Gare de l'Est,7,2,2.3581117909853666,48.87631613443753
IDFM:22386,IDFM:C01377,Jussieu,7,2,2.354798309820857,48.84596333903808
IDFM:22395,IDFM:C01377,La Courneuve - 8 Mai 1945,7,2,2.41011494010648,48.920308223048146
IDFM:463107,IDFM:C01377,Le Kremlin-Bicêtre,7,2,2.362201053591684,48.81026644046288
IDFM:463206,IDFM:C01377,Le Peletier,7,2,2.3401785095813556,48.87490559985584
IDFM:463216,IDFM:C01377,Les Gobelins,7,2,2.35247398363024,48.835866664517376
IDFM:463033,IDFM:C01377,Louis Blanc,7,2,2.36472652832065,48.881068416191326
IDFM:22396,IDFM:C01377,Mairie d'Ivry,7,2,2.383498053635828,48.811210093393306
IDFM:22385,IDFM:C01377,Maison Blanche,7,2,2.3584758252360363,48.82215883719489
IDFM:463245,IDFM:C01377,Opéra,7,2,2.332505433345803,48.870314647381235
IDFM:463249,IDFM:C01377,Palais Royal - Musée du Louvre,7,2,2.337047320825562,48.86272468980691
IDFM:463251,IDFM:C01377,Pierre et Marie Curie,7,2,2.3773049285112235,48.81585703937132
IDFM:22366,IDFM:C01377,Place Monge,7,2,2.3520802293771217,48.842674975013395
IDFM:463026,IDFM:C01377,Place d'Italie,7,2,2.3553173359956716,48.831544814736475
IDFM:463255,IDFM:C01377,Poissonnière,7,2,2.3487668713373564,48.8771222783804
IDFM:463231,IDFM:C01377,Pont Marie (Cité des Arts),7,2,2.357390130311683,48.85347342301278
IDFM:463232,IDFM:C01377,Pont Neuf,7,2,2.3417428361760093,48.85850118519015
IDFM:463235,IDFM:C01377,Porte d'Italie,7,2,2.359496128494856,48.81907044132315
IDFM:22372,IDFM:C01377,Porte d'Ivry,7,2,2.3694031162714024,48.82142101194986
IDFM:22373,IDFM:C01377,Porte de Choisy,7,2,2.364651571525099,48.820094009190285
IDFM:22374,IDFM:C01377,Porte de la Villette,7,2,2.385823925139694,48.89783393703324
IDFM:22375,IDFM:C01377,Pyramides,7,2,2.334354809559263,48.86585520905204
IDFM:22371,IDFM:C01377,Riquet,7,2,2.373716808722226,48.88813277829969
IDFM:22368,IDFM:C01377,Stalingrad,7,2,2.368947309890479,48.88434405943551
IDFM:463265,IDFM:C01377,Sully - Morland,7,2,2.3618024539117846,48.851239660468615
IDFM:22370,IDFM:C01377,Tolbiac,7,2,2.357168503475677,48.826145049548565
IDFM:22400,IDFM:C01377,Villejuif - Louis Aragon,7,2,2.3677779554117313,48.78755483606582
IDFM:463323,IDFM:C01377,Villejuif Léo Lagrange,7,2,2.364000147653305,48.80436028965393
IDFM:22401,IDFM:C01377,Villejuif Paul Vaillant-Couturier,7,2,2.3682635926948725,48.79631307769328
IDFM:463051,IDFM:C01378,Balard,8,2,2.2784360103081003,48.8366593435586
IDFM:463000,IDFM:C01378,Bastille,8,2,2.369579322925194,48.8534550746958
IDFM:22198,IDFM:C01378,Bonne Nouvelle,8,2,2.348536062664169,48.870558107101346
IDFM:463135,IDFM:C01378,Boucicaut,8,2,2.2878564462228677,48.84107325733669
IDFM:463142,IDFM:C01378,Charenton - Écoles,8,2,2.413845973313661,48.821368317609746
IDFM:22202,IDFM:C01378,Chemin Vert,8,2,2.368158349075512,48.85709669535618
IDFM:22190,IDFM:C01378,Commerce,8,2,2.293769591803878,48.844611351475216
IDFM:463151,IDFM:C01378,Concorde,8,2,2.3219733477527544,48.86654115754604
IDFM:463166,IDFM:C01378,Créteil - L'Échat,8,2,2.449396821313372,48.79661095553607
IDFM:22213,IDFM:C01378,Créteil - Préfecture,8,2,2.459305169291261,48.77975652677895
IDFM:463167,IDFM:C01378,Créteil - Université,8,2,2.450549470941275,48.789929270166354
IDFM:22184,IDFM:C01378,Daumesnil,8,2,2.395573606140371,48.83967393140864
IDFM:22204,IDFM:C01378,Faidherbe - Chaligny,8,2,2.3840505190359913,48.85015562482148
IDFM:22200,IDFM:C01378,Filles du Calvaire,8,2,2.3667112771831733,48.86306520665217
IDFM:463163,IDFM:C01378,Félix Faure,8,2,2.2917995150439356,48.8427155302701
IDFM:463058,IDFM:C01378,Grands Boulevards,8,2,2.342866062324971,48.87153437394772
IDFM:22193,IDFM:C01378,Invalides,8,2,2.3148147994303248,48.860845732612134
IDFM:463201,IDFM:C01378,La Motte-Picquet - Grenelle,8,2,2.29861691715611,48.84958861928085
IDFM:463204,IDFM:C01378,La Tour-Maubourg,8,2,2.3105311629054865,48.857698126549295
IDFM:22203,IDFM:C01378,Ledru-Rollin,8,2,2.376033068527142,48.85126525451053
IDFM:22209,IDFM:C01378,Liberté,8,2,2.4064503453011463,48.82611425127182
IDFM:463211,IDFM:C01378,Lourmel,8,2,2.2821389157268257,48.838723201339704
IDFM:463063,IDFM:C01378,Madeleine,8,2,2.325998743046836,48.86960592624761
IDFM:463015,IDFM:C01378,Maisons-Alfort - Les Juilliottes,8,2,2.4458723917666503,48.80316245178323
IDFM:463225,IDFM:C01378,Maisons-Alfort - Stade,8,2,2.434871978877675,48.8089479563249
IDFM:463226,IDFM:C01378,Michel Bizot,8,2,2.4023235835263472,48.83703899249338
IDFM:22205,IDFM:C01378,Montgallet,8,2,2.390460985030142,48.84403461549573
IDFM:463244,IDFM:C01378,Opéra,8,2,2.3321146014325747,48.870631733571344
IDFM:463057,IDFM:C01378,Pointe du Lac,8,2,2.46430375327102,48.768756806477086
IDFM:463050,IDFM:C01378,Porte Dorée,8,2,2.405811647193832,48.83504179727976
IDFM:22208,IDFM:C01378,Porte de Charenton,8,2,2.402442424195971,48.83352981878659
IDFM:22098,IDFM:C01378,Reuilly - Diderot,8,2,2.3870798054529647,48.847153847333715
IDFM:22196,IDFM:C01378,Richelieu - Drouot,8,2,2.3384396932487865,48.871689859619536
IDFM:22199,IDFM:C01378,République,8,2,2.3632028655741424,48.86745337139955
IDFM:22201,IDFM:C01378,Saint-Sébastien - Froissart,8,2,2.3672479102023622,48.860968073629905
IDFM:463312,IDFM:C01378,Strasbourg - Saint-Denis,8,2,2.3537711206412197,48.869426336597584
IDFM:22191,IDFM:C01378,École Militaire,8,2,2.3063933616253838,48.85489070785469
IDFM:463047,IDFM:C01378,École Vétérinaire de Maisons-Alfort,8,2,2.4223611383785,48.81479709305343
IDFM:21935,IDFM:C01379,Alma - Marceau,9,2,2.3011174399316845,48.86468769506181
IDFM:463035,IDFM:C01379,Billancourt,9,2,2.2379285371193074,48.83187524345199
IDFM:21933,IDFM:C01379,Bonne Nouvelle,9,2,2.3484613829022774,48.87056669402382
IDFM:25084,IDFM:C01379,Buzenval,9,2,2.401170769368413,48.85176243983227
IDFM:21934,IDFM:C01379,Charonne,9,2,2.384835147558965,48.85497344024961
IDFM:21932,IDFM:C01379,Chaussée d'Antin - La Fayette,9,2,2.333985646407461,48.87284554360157
IDFM:463176,IDFM:C01379,Croix de Chavaux,9,2,2.4358546126745826,48.857992585158016
IDFM:462956,IDFM:C01379,Exelmans,9,2,2.259737852678148,48.84260237076823
IDFM:21931,IDFM:C01379,Franklin D. Roosevelt,9,2,2.309530867178232,48.86869365708915
IDFM:463049,IDFM:C01379,Grands Boulevards,9,2,2.343193860950392,48.871486709401054
IDFM:463188,IDFM:C01379,Havre-Caumartin,9,2,2.327664155849093,48.87371179223696
IDFM:463190,IDFM:C01379,Iéna,9,2,2.2938853112706887,48.86473293077307
IDFM:463038,IDFM:C01379,Jasmin,9,2,2.2680761875840396,48.852447783285065
IDFM:21929,IDFM:C01379,La Muette,9,2,2.2740962446697224,48.85809196689865
IDFM:463221,IDFM:C01379,Mairie de Montreuil,9,2,2.4416290218490655,48.86229378395542
IDFM:21936,IDFM:C01379,Maraîchers,9,2,2.4060437756885484,48.85269057571818
IDFM:21940,IDFM:C01379,Marcel Sembat,9,2,2.2435256313384713,48.83370054471864
IDFM:463238,IDFM:C01379,Michel-Ange - Auteuil,9,2,2.263874267505577,48.84769359284293
IDFM:21923,IDFM:C01379,Michel-Ange - Molitor,9,2,2.261571750130453,48.84489585791144
IDFM:21924,IDFM:C01379,Miromesnil,9,2,2.3146599319673578,48.87373247560597
IDFM:462942,IDFM:C01379,Nation,9,2,2.3959325451320073,48.84893237804584
IDFM:463054,IDFM:C01379,Oberkampf,9,2,2.3681897581376488,48.864824493058244
IDFM:463233,IDFM:C01379,Pont de Sèvres,9,2,2.2305118949306246,48.82967822756477
IDFM:21913,IDFM:C01379,Porte de Montreuil,9,2,2.4107108825255184,48.8535230660748
IDFM:463259,IDFM:C01379,Porte de Saint-Cloud,9,2,2.2569178446714324,48.83797784424665
IDFM:463290,IDFM:C01379,Ranelagh,9,2,2.269990427748267,48.85540488664135
IDFM:463036,IDFM:C01379,Richelieu - Drouot,9,2,2.338603788430676,48.872187651794164
IDFM:463053,IDFM:C01379,Robespierre,9,2,2.422959010064412,48.855714211222676
IDFM:463055,IDFM:C01379,Rue de la Pompe,9,2,2.277900980624227,48.863994519127516
IDFM:463298,IDFM:C01379,Rue des Boulets,9,2,2.3892673369434028,48.85229134830575
IDFM:462963,IDFM:C01379,République,9,2,2.363211725956491,48.86745341851681
IDFM:463299,IDFM:C01379,Saint-Ambroise,9,2,2.3739384950668683,48.861448438188404
IDFM:463300,IDFM:C01379,Saint-Augustin,9,2,2.3210225841060685,48.874589382533884
IDFM:21912,IDFM:C01379,Saint-Philippe-du-Roule,9,2,2.3100694526443215,48.87215474055668
IDFM:463264,IDFM:C01379,Strasbourg - Saint-Denis,9,2,2.353776982341273,48.869426368237285
IDFM:463318,IDFM:C01379,Trocadéro,9,2,2.2868330647987953,48.86308802050472
IDFM:21916,IDFM:C01379,Voltaire,9,2,2.3801198528683636,48.857698864969734
IDFM:463124,IDFM:C01380,Avenue Émile Zola,10,2,2.295032489090349,48.84699762180346
IDFM:21988,IDFM:C01380,Boulogne Jean Jaurès,10,2,2.2390602250207654,48.84202743863004
IDFM:21989,IDFM:C01380,Boulogne Pont de Saint-Cloud,10,2,2.2283125898228056,48.84067248206251
IDFM:463141,IDFM:C01380,Cardinal Lemoine,10,2,2.3513280016731763,48.84670003526311
IDFM:21985,IDFM:C01380,Chardon Lagache,10,2,2.26690547594029,48.84508829917885
IDFM:463076,IDFM:C01380,Charles Michels,10,2,2.285622677583146,48.84648312793993
IDFM:21983,IDFM:C01380,Cluny - La Sorbonne,10,2,2.3449590918432683,48.850910304297514
IDFM:21970,IDFM:C01380,Duroc,10,2,2.316254551813154,48.84671832546972
IDFM:21967,IDFM:C01380,Gare d'Austerlitz,10,2,2.3644630793424466,48.84231870102662
IDFM:21972,IDFM:C01380,Javel - André Citroën,10,2,2.2780265012563827,48.84613399207731
IDFM:463077,IDFM:C01380,Jussieu,10,2,2.354937928099492,48.84624289333405
IDFM:21969,IDFM:C01380,La Motte-Picquet - Grenelle,10,2,2.298605153026788,48.84958180514475
IDFM:462994,IDFM:C01380,Mabillon,10,2,2.3351148186705837,48.85290204083125
IDFM:463237,IDFM:C01380,Maubert - Mutualité,10,2,2.348249878548578,48.850152580292225
IDFM:21907,IDFM:C01380,Michel-Ange - Auteuil,10,2,2.263989525333329,48.84797535417627
IDFM:21904,IDFM:C01380,Michel-Ange - Molitor,10,2,2.2618218573220084,48.84515597018703
IDFM:21982,IDFM:C01380,Mirabeau,10,2,2.2730641263728333,48.84707750734599
IDFM:462998,IDFM:C01380,Odéon,10,2,2.3406557087702593,48.85198613029571
IDFM:21974,IDFM:C01380,Porte d'Auteuil,10,2,2.2582723316093656,48.848016492411986
IDFM:462967,IDFM:C01380,Sèvres - Babylone,10,2,2.326126878011149,48.851028311956334
IDFM:21979,IDFM:C01380,Ségur,10,2,2.3071949620231282,48.8471968300245
IDFM:462959,IDFM:C01380,Vaneau,10,2,2.3212894797753387,48.848797538444856
IDFM:21971,IDFM:C01380,Église d'Auteuil,10,2,2.269111389021892,48.84714336145718
IDFM:463108,IDFM:C01381,Arts et Métiers,11,2,2.3565216833863207,48.8653401559071
IDFM:463110,IDFM:C01381,Belleville,11,2,2.3767191730685315,48.87194926552392
IDFM:21966,IDFM:C01381,Châtelet,11,2,2.347798332670455,48.857724926561104
IDFM:490792,IDFM:C01381,Coteaux Beauclair,11,1,2.4673990524359377,48.88210429294412
IDFM:21996,IDFM:C01381,Goncourt,11,2,2.37092163624415,48.86997187050149
IDFM:463061,IDFM:C01381,Hôtel de Ville,11,2,2.351485488779171,48.85758757935719
IDFM:21995,IDFM:C01381,Jourdain,11,2,2.389325378910096,48.875247348641416
IDFM:490791,IDFM:C01381,La Dhuys,11,1,2.4651362637660235,48.87804725437748
IDFM:21999,IDFM:C01381,Mairie des Lilas,11,1,2.416323864270524,48.8797010590184
IDFM:490789,IDFM:C01381,Montreuil - Hôpital,11,1,2.454675723376714,48.87830133516439
IDFM:21951,IDFM:C01381,Place des Fêtes,11,2,2.393139370360497,48.87672366197325
IDFM:463263,IDFM:C01381,Porte des Lilas,11,2,2.4065226763982275,48.87723143067265
IDFM:463287,IDFM:C01381,Pyrénées,11,2,2.3850434366591364,48.873815722549054
IDFM:21992,IDFM:C01381,Rambuteau,11,2,2.353273948594772,48.86119015695036
IDFM:490764,IDFM:C01381,Romainville - Carnot,11,1,2.440683634568907,48.88363272273922
IDFM:490793,IDFM:C01381,Rosny-Bois-Perrier,11,1,2.480609576580542,48.883048161423936
IDFM:21937,IDFM:C01381,République,11,2,2.3648422388375954,48.86791400127485
IDFM:490762,IDFM:C01381,Serge Gainsbourg,11,1,2.427162415882436,48.88123055247157
IDFM:21993,IDFM:C01381,Télégraphe,11,2,2.3986616714546827,48.87551494906394
IDFM:463116,IDFM:C01382,Abbesses,12,2,2.3383810567007117,48.88438814630737
IDFM:483903,IDFM:C01382,Aimé Césaire,12,2,2.3780834205243178,48.90841035525372
IDFM:22060,IDFM:C01382,Assemblée Nationale,12,2,2.320632758170991,48.86109699480345
IDFM:463164,IDFM:C01382,Concorde,12,2,2.323119906237382,48.86616542532382
IDFM:462949,IDFM:C01382,Convention,12,2,2.2963778239575934,48.83713047716298
IDFM:463153,IDFM:C01382,Corentin Celton,12,2,2.2789586605256367,48.82682329515912
IDFM:463173,IDFM:C01382,Falguière,12,2,2.3175299735405357,48.84438051774564
IDFM:24679,IDFM:C01382,Front Populaire,12,2,2.365784600591292,48.90671362547604
IDFM:22054,IDFM:C01382,Jules Joffrin,12,2,2.3443200293804827,48.892492268201934
IDFM:22055,IDFM:C01382,Lamarck - Caulaincourt,12,2,2.3385237071826577,48.88969047112181
IDFM:21965,IDFM:C01382,Madeleine,12,2,2.3251046230369745,48.870043814460935
IDFM:483904,IDFM:C01382,Mairie d'Aubervilliers,12,2,2.3808168612986567,48.91373490586491
IDFM:463219,IDFM:C01382,Mairie d'Issy,12,2,2.273559421058557,48.824254356777246
IDFM:462973,IDFM:C01382,Marcadet - Poissonniers,12,2,2.350002027392609,48.89150026575448
IDFM:463236,IDFM:C01382,Marx Dormoy,12,2,2.3598771806310284,48.89059343567693
IDFM:22038,IDFM:C01382,Montparnasse Bienvenue,12,2,2.3239556476439818,48.843782950340696
IDFM:22050,IDFM:C01382,Notre-Dame-de-Lorette,12,2,2.337887195522985,48.87603960305532
IDFM:22051,IDFM:C01382,Notre-Dame-des-Champs,12,2,2.3286303748633257,48.845079626856645
IDFM:22039,IDFM:C01382,Pasteur,12,2,2.3126033218856823,48.84289084214116
IDFM:463089,IDFM:C01382,Pigalle,12,2,2.3371975869032333,48.882016360239206
IDFM:463261,IDFM:C01382,Porte de Versailles,12,2,2.2879373271177776,48.83241052345399
IDFM:463281,IDFM:C01382,Porte de la Chapelle,12,2,2.3591761998052796,48.89740653215938
IDFM:22049,IDFM:C01382,Rennes,12,2,2.327903935177659,48.84826153607732
IDFM:462950,IDFM:C01382,Rue du Bac,12,2,2.3256863284754643,48.855880105243784
IDFM:463304,IDFM:C01382,Saint-Georges,12,2,2.337512629709881,48.87838929383061
IDFM:21964,IDFM:C01382,Saint-Lazare,12,2,2.327458993661299,48.87564196987546
IDFM:463311,IDFM:C01382,Solférino,12,2,2.323089476275027,48.85854101968515
IDFM:21980,IDFM:C01382,Sèvres - Babylone,12,2,2.326873232080416,48.85156987951616
IDFM:463317,IDFM:C01382,Trinité - d'Estienne d'Orves,12,2,2.333039903288201,48.87629373715784
IDFM:463321,IDFM:C01382,Vaugirard,12,2,2.3010261688903215,48.83948710092117
IDFM:462964,IDFM:C01382,Volontaires,12,2,2.307948543468454,48.84146998577463
IDFM:22233,IDFM:C01383,Asnières - Gennevilliers - Les Courtilles,13,2,2.284165344017275,48.93075079056953
IDFM:22240,IDFM:C01383,Basilique de Saint-Denis,13,2,2.3592641539891104,48.93658505327579
IDFM:22231,IDFM:C01383,Brochant,13,2,2.3201495699882813,48.890603798072604
IDFM:22239,IDFM:C01383,Carrefour Pleyel,13,2,2.3425737229440022,48.91899890554068
IDFM:463011,IDFM:C01383,Champs-Élysées - Clemenceau,13,2,2.3139024769567627,48.86737427450831
IDFM:463087,IDFM:C01383,Châtillon - Montrouge,13,2,2.3016565820231976,48.81073980724782
IDFM:463083,IDFM:C01383,Duroc,13,2,2.316013076551287,48.84782990586173
IDFM:22234,IDFM:C01383,Gabriel Péri,13,2,2.2943823018215252,48.91660241485821
IDFM:462977,IDFM:C01383,Garibaldi,13,2,2.331540464523039,48.90524589595874
IDFM:463184,IDFM:C01383,Gaîté,13,2,2.3224608222684937,48.83875602909984
IDFM:22228,IDFM:C01383,Guy Môquet,13,2,2.3275171210567627,48.893019618601436
IDFM:22185,IDFM:C01383,Invalides,13,2,2.314299666097648,48.85998390133754
IDFM:478395,IDFM:C01383,La Fourche,13,2,2.3258477550778385,48.88694277616682
IDFM:22232,IDFM:C01383,Les Agnettes,13,2,2.2863047563226653,48.92304306030766
IDFM:463066,IDFM:C01383,Liège,13,2,2.3270284651928055,48.87964834246318
IDFM:22238,IDFM:C01383,Mairie de Clichy,13,2,2.30531700267405,48.90396353864856
IDFM:22243,IDFM:C01383,Mairie de Saint-Ouen,13,2,2.333743742617441,48.91163428345144
IDFM:22235,IDFM:C01383,Malakoff - Plateau de Vanves,13,2,2.2982195675621506,48.82227457693277
IDFM:22236,IDFM:C01383,Malakoff - Rue Étienne Dolet,13,2,2.2970482368931284,48.81530194487024
IDFM:474397,IDFM:C01383,Miromesnil,13,2,2.3145944256639943,48.87332290036112
IDFM:462954,IDFM:C01383,Montparnasse Bienvenue,13,2,2.321067915130853,48.84213874565907
IDFM:463229,IDFM:C01383,Pernety,13,2,2.3179809867411985,48.83386497450687
IDFM:463253,IDFM:C01383,Place de Clichy,13,2,2.327254919431123,48.88322896199799
IDFM:22223,IDFM:C01383,Plaisance,13,2,2.3139491496518962,48.831741877908264
IDFM:22219,IDFM:C01383,Porte de Clichy,13,2,2.313532436864814,48.894419656371284
IDFM:462951,IDFM:C01383,Porte de Saint-Ouen,13,2,2.3289937265186462,48.89750202792828
IDFM:22221,IDFM:C01383,Porte de Vanves,13,2,2.304777811318302,48.82738089966813
IDFM:463301,IDFM:C01383,Saint-Denis - Porte de Paris,13,2,2.356138305274647,48.92996303252006
IDFM:22242,IDFM:C01383,Saint-Denis - Université,13,2,2.3645703092938346,48.945835423346736
IDFM:463303,IDFM:C01383,Saint-François-Xavier,13,2,2.3144599698447905,48.851944583292564
IDFM:462970,IDFM:C01383,Saint-Lazare,13,2,2.324630427573072,48.875304531482925
IDFM:463320,IDFM:C01383,Varenne,13,2,2.3150079185294556,48.856395040439864
IDFM:490917,IDFM:C01384,Aéroport d'Orly,14,1,2.3624861480179247,48.72767871852949
IDFM:21957,IDFM:C01384,Bercy,14,1,2.379126462001006,48.84012481658068
IDFM:463112,IDFM:C01384,Bibliothèque François Mitterrand,14,1,2.3764555577443778,48.8299660717329
IDFM:490835,IDFM:C01384,Chevilly-Larue (Marché International),14,1,2.367408556705862,48.758488238452074
IDFM:463159,IDFM:C01384,Châtelet,14,1,2.3463435489792417,48.859535924293304
IDFM:463165,IDFM:C01384,Cour Saint-Emilion,14,1,2.3865413797891235,48.83333465054679
IDFM:21958,IDFM:C01384,Gare de Lyon,14,1,2.372810182374042,48.84446275990846
IDFM:490849,IDFM:C01384,Hôpital Bicêtre,14,1,2.3499807418843313,48.809957785893445
IDFM:490850,IDFM:C01384,L'Haÿ-les-Roses,14,1,2.3550116213289796,48.775326574146334
IDFM:463064,IDFM:C01384,Madeleine,14,1,2.32584289438707,48.87058758047219
IDFM:480330,IDFM:C01384,Mairie de Saint-Ouen,14,1,2.333490833001399,48.91167334543712
IDFM:490848,IDFM:C01384,Maison Blanche,14,1,2.358952418305818,48.82119905795274
IDFM:463045,IDFM:C01384,Olympiades,14,1,2.366978696236366,48.827033798236215
IDFM:480340,IDFM:C01384,Pont Cardinet,14,1,2.315279502695077,48.88810289676569
IDFM:480531,IDFM:C01384,Porte de Clichy,14,1,2.3134179348651536,48.89431108106281
IDFM:463284,IDFM:C01384,Pyramides,14,1,2.33468122094017,48.86578057965457
IDFM:490794,IDFM:C01384,Saint-Denis - Pleyel,14,1,2.3458167759670134,48.91882330708285
IDFM:21962,IDFM:C01384,Saint-Lazare,14,1,2.3240739629125553,48.87563414592891
IDFM:480341,IDFM:C01384,Saint-Ouen,14,1,2.3227079183914565,48.90519178115015
IDFM:490852,IDFM:C01384,Thiais - Orly (Pont de Rungis),14,1,2.3724254964052927,48.74684008073129
IDFM:490916,IDFM:C01384,Villejuif - Gustave Roussy,14,1,2.3492429736852474,48.79323850572557
IDFM:21945,IDFM:C01386,Gambetta,3B,2,2.398537305704572,48.865032564464
IDFM:21948,IDFM:C01386,Pelleport,3B,2,2.4015515768154527,48.868442677507154
IDFM:21947,IDFM:C01386,Porte des Lilas,3B,2,2.407006620000847,48.87660429803147
IDFM:21946,IDFM:C01386,Saint-Fargeau,3B,2,2.4044297638085546,48.87186551514999
IDFM:24685,IDFM:C01387,Bolivar,7B,2,2.374138505943147,48.8807897342535
IDFM:24686,IDFM:C01387,Botzaris,7B,2,2.3889045312503923,48.879485546434765
IDFM:463156,IDFM:C01387,Buttes Chaumont,7B,2,2.3816013817737467,48.87846102976501
IDFM:24687,IDFM:C01387,Danube,7B,2,2.393228471227492,48.88194921492064
IDFM:24680,IDFM:C01387,Jaurès,7B,2,2.370458660292996,48.8823352733431
IDFM:24681,IDFM:C01387,Louis Blanc,7B,2,2.3643950030219667,48.88119481167523
IDFM:24682,IDFM:C01387,Place des Fêtes,7B,2,2.392959616507311,48.87693859004261
IDFM:24684,IDFM:C01387,Pré-Saint-Gervais,7B,2,2.398580770693528,48.8801595806643
IDFM:462400,IDFM:C01388,Antony,ORLYVAL,1,2.300763142767285,48.75448290510252
IDFM:473827,IDFM:C01388,Orly 1-2-3,ORLYVAL,1,2.3595192820360893,48.729587661264404
IDFM:473828,IDFM:C01388,Orly 4,ORLYVAL,1,2.3681297246240196,48.728689125438194
IDFM:22633,IDFM:C01389,Basilique de Saint-Denis,T1,1,2.360788576223949,48.93805452966263
IDFM:22625,IDFM:C01389,Bobigny - Pablo Picasso,T1,1,2.449960019859581,48.90651820633944
IDFM:23312,IDFM:C01389,Cimetière de Saint-Denis,T1,1,2.3637095512429305,48.93640189975766
IDFM:22632,IDFM:C01389,Cosmonautes,T1,1,2.3781798447753038,48.93174311121274
IDFM:23302,IDFM:C01389,Danton,T1,1,2.4066180763274065,48.92271005458281
IDFM:24424,IDFM:C01389,Drancy - Avenir,T1,1,2.4176996806678543,48.917777839746826
IDFM:22627,IDFM:C01389,Escadrille Normandie-Niemen,T1,1,2.435438984271812,48.91270078483069
IDFM:24431,IDFM:C01389,Gare de Saint-Denis,T1,1,2.3440860126367475,48.9359678751641
IDFM:22261,IDFM:C01389,Gaston Roulaud,T1,1,2.431296492023381,48.91409308869354
IDFM:23297,IDFM:C01389,Hôpital Avicenne,T1,1,2.425007759402517,48.915830189169526
IDFM:460550,IDFM:C01389,Hôpital Delafontaine,T1,1,2.3711148673184663,48.93357226601674
IDFM:37466,IDFM:C01389,Hôtel de Ville de Bobigny,T1,1,2.443813957318726,48.90653928768879
IDFM:23301,IDFM:C01389,Hôtel de ville de la Courneuve,T1,1,2.39219278562839,48.9274579511301
IDFM:24426,IDFM:C01389,La Courneuve - 8 Mai 1945,T1,1,2.4105698112327705,48.92080956959851
IDFM:22630,IDFM:C01389,La Courneuve - Six Routes,T1,1,2.384752265919098,48.9299739618086
IDFM:23298,IDFM:C01389,La Ferme,T1,1,2.4374909799711966,48.909675303133085
IDFM:23300,IDFM:C01389,Libération,T1,1,2.438632417880391,48.906937788467864
IDFM:22267,IDFM:C01389,Marché de Saint-Denis,T1,1,2.3558675436205645,48.938603726009006
IDFM:23295,IDFM:C01389,Maurice Lachâtre,T1,1,2.4138359788451087,48.919175388705284
IDFM:23303,IDFM:C01389,Stade Géo André,T1,1,2.402082053009206,48.92436468463377
IDFM:22269,IDFM:C01389,Théâtre Gérard Philipe,T1,1,2.3504004255151725,48.93750856859904
IDFM:22303,IDFM:C01390,Belvédère,T2,1,2.2259538100827836,48.87610112455841
IDFM:23441,IDFM:C01390,Brimborion,T2,1,2.231420171624816,48.82212470988978
IDFM:23436,IDFM:C01390,Charlebourg,T2,1,2.2383986212757567,48.90758119306017
IDFM:24432,IDFM:C01390,Faubourg de l'Arche,T2,1,2.240056547473825,48.89681330896066
IDFM:460556,IDFM:C01390,Henri Farman,T2,1,2.271397149193378,48.8347279849272
IDFM:25635,IDFM:C01390,Issy - Val de Seine,T2,1,2.263048600670153,48.82971226157967
IDFM:23430,IDFM:C01390,Jacqueline Auriol,T2,1,2.234123492799057,48.91069705919753
IDFM:23438,IDFM:C01390,Jacques-Henri Lartigue,T2,1,2.2604901230916,48.82473186911205
IDFM:25642,IDFM:C01390,La Défense (Grande Arche),T2,1,2.237458999592217,48.89302859817688
IDFM:22300,IDFM:C01390,Les Coteaux,T2,1,2.2205565458036594,48.857287538862465
IDFM:23435,IDFM:C01390,Les Fauvelles,T2,1,2.239562467119567,48.902624324433944
IDFM:23443,IDFM:C01390,Les Milons,T2,1,2.2211772994509413,48.84995274546484
IDFM:23440,IDFM:C01390,Les Moulineaux,T2,1,2.251328584762498,48.821504519407625
IDFM:25639,IDFM:C01390,Meudon-sur-Seine,T2,1,2.2386207313614834,48.81918029710377
IDFM:23444,IDFM:C01390,Musée de Sèvres,T2,1,2.2253548920050044,48.828821997456956
IDFM:23427,IDFM:C01390,Parc Pierre Lagravère,T2,1,2.2247089696293267,48.91759271653054
IDFM:25643,IDFM:C01390,Parc de Saint-Cloud,T2,1,2.2218257630983955,48.84303179472254
IDFM:25647,IDFM:C01390,Pont de Bezons,T2,1,2.217567667137529,48.92335135520014
IDFM:25637,IDFM:C01390,Porte d'Issy,T2,1,2.2810094277395327,48.831710283001684
IDFM:25633,IDFM:C01390,Porte de Versailles,T2,1,2.2871920609674925,48.83186870639554
IDFM:22298,IDFM:C01390,Puteaux,T2,1,2.233338558016629,48.882938699513446
IDFM:25645,IDFM:C01390,Suresnes - Longchamp,T2,1,2.2214306428517117,48.86811252612242
IDFM:22295,IDFM:C01390,Suzanne Lenglen,T2,1,2.2768528257757246,48.833299606726754
IDFM:23431,IDFM:C01390,Victor Basch,T2,1,2.229764795205001,48.9138931683657
IDFM:24107,IDFM:C01391,Alexandra David-Néel,T3a,1,2.4100932846660617,48.84367211328228
IDFM:24137,IDFM:C01391,Avenue de France,T3a,1,2.381026815580113,48.82552443645832
IDFM:24108,IDFM:C01391,Balard,T3a,1,2.2781081364873446,48.836108744242395
IDFM:460561,IDFM:C01391,Baron le Roy,T3a,1,2.3934472703002196,48.83038172330157
IDFM:24121,IDFM:C01391,Brancion,T3a,1,2.3007692813550653,48.828675120116685
IDFM:24115,IDFM:C01391,Cité Universitaire,T3a,1,2.3386284204456507,48.82035088047904
IDFM:24116,IDFM:C01391,Desnouettes,T3a,1,2.284010954519279,48.83435896536534
IDFM:24130,IDFM:C01391,Didot,T3a,1,2.3133513918117954,48.825928470343875
IDFM:24131,IDFM:C01391,Georges Brassens,T3a,1,2.295733898614329,48.82983275156096
IDFM:24109,IDFM:C01391,Jean Moulin,T3a,1,2.318856716066909,48.82470981647378
IDFM:24141,IDFM:C01391,Maryse Bastié,T3a,1,2.377649100186912,48.82435570687976
IDFM:24125,IDFM:C01391,Montempoivre,T3a,1,2.408875957258916,48.83987531007922
IDFM:24122,IDFM:C01391,Montsouris,T3a,1,2.3333153791349717,48.82151755451437
IDFM:480964,IDFM:C01391,Pont du Garigliano,T3a,1,2.27124858669709,48.838045775496454
IDFM:24135,IDFM:C01391,Porte Dorée,T3a,1,2.4065817141706356,48.83555151017946
IDFM:24117,IDFM:C01391,Porte d'Italie,T3a,1,2.3600891444162304,48.8190241504804
IDFM:24110,IDFM:C01391,Porte d'Ivry,T3a,1,2.3700654601308093,48.82183821674385
IDFM:24118,IDFM:C01391,Porte d'Orléans,T3a,1,2.3255512316727596,48.82314686226684
IDFM:24138,IDFM:C01391,Porte de Charenton,T3a,1,2.3983531610818973,48.83199388670528
IDFM:24126,IDFM:C01391,Porte de Choisy,T3a,1,2.3639755598160788,48.81974190574586
IDFM:24128,IDFM:C01391,Porte de Vanves,T3a,1,2.3066639779618763,48.827414334172964
IDFM:24111,IDFM:C01391,Porte de Versailles - Parc des Expositions,T3a,1,2.2880531115186638,48.83266078996263
IDFM:460560,IDFM:C01391,Porte de Vincennes,T3a,1,2.409552172169176,48.84693410312342
IDFM:24136,IDFM:C01391,Poterne des Peupliers,T3a,1,2.3508876688443943,48.82078680243287
IDFM:24112,IDFM:C01391,Stade Charléty - Porte de Gentilly,T3a,1,2.3457555873802876,48.8194907084832
IDFM:24421,IDFM:C01679,Adrienne Bolland,T3b,1,2.4086261121476586,48.87210216079662
IDFM:462437,IDFM:C01679,Angélique Compoint - Porte de Montmartre,T3b,1,2.338189914895745,48.89781849943148
IDFM:490881,IDFM:C01679,Anna de Noailles,T3b,1,2.278128876446666,48.87445306554373
IDFM:490886,IDFM:C01679,Anny Flore,T3b,1,2.285528166895911,48.88120653764483
IDFM:24404,IDFM:C01679,Butte du Chapeau Rouge,T3b,1,2.3967516556328383,48.88503821473236
IDFM:24402,IDFM:C01679,Canal Saint-Denis,T3b,1,2.380456718888013,48.89871459967965
IDFM:24412,IDFM:C01679,Colette Besson,T3b,1,2.3636205943291326,48.898482431347645
IDFM:460562,IDFM:C01679,Delphine Seyrig,T3b,1,2.3977196250577135,48.89390139261451
IDFM:462415,IDFM:C01679,Diane Arbus - Porte des Poissonniers,T3b,1,2.351707622881376,48.89833759866134
IDFM:24398,IDFM:C01679,Ella Fitzgerald,T3b,1,2.395087407114935,48.89741344178288
IDFM:462439,IDFM:C01679,Epinettes - Pouchet,T3b,1,2.324880557943108,48.89755535376561
IDFM:462438,IDFM:C01679,Honoré De Balzac,T3b,1,2.3187726787308156,48.89629319242185
IDFM:24410,IDFM:C01679,Hôpital Robert Debré,T3b,1,2.401213449570295,48.87947579811069
IDFM:462440,IDFM:C01679,Marguerite Long,T3b,1,2.30308050338936,48.88964231514781
IDFM:24405,IDFM:C01679,Marie de Miribel,T3b,1,2.409677922091526,48.85868921637426
IDFM:490876,IDFM:C01679,Porte Dauphine (Avenue Foch),T3b,1,2.2747637290426317,48.87035868737974
IDFM:490892,IDFM:C01679,Porte Maillot - Palais des Congrès,T3b,1,2.2838758401650576,48.877909580503044
IDFM:24413,IDFM:C01679,Porte d'Aubervilliers,T3b,1,2.3689049827854145,48.89858233946843
IDFM:24414,IDFM:C01679,Porte de Bagnolet,T3b,1,2.4088203919100706,48.86339304112714
IDFM:490890,IDFM:C01679,Porte de Champerret,T3b,1,2.292151471997185,48.88599437017848
IDFM:462441,IDFM:C01679,Porte de Clichy - Tribunal de Paris,T3b,1,2.3142456016394384,48.8946395801059
IDFM:462414,IDFM:C01679,Porte de Clignancourt,T3b,1,2.3450823117126705,48.8980317561347
IDFM:24406,IDFM:C01679,Porte de Montreuil,T3b,1,2.4107441380650663,48.8529926141248
IDFM:24423,IDFM:C01679,Porte de Pantin - Parc de la Villette,T3b,1,2.3956687815755675,48.88904373205285
IDFM:462436,IDFM:C01679,Porte de Saint-Ouen,T3b,1,2.329707751349003,48.89766340732727
IDFM:26534,IDFM:C01679,Porte de Vincennes,T3b,1,2.4096289358454213,48.847375165248444
IDFM:412987,IDFM:C01679,Porte de la Chapelle,T3b,1,2.3584247710364528,48.898391757588115
IDFM:24399,IDFM:C01679,Porte de la Villette (Cité des Sciences et de l'industrie),T3b,1,2.38648011182661,48.8974550916959
IDFM:24415,IDFM:C01679,Porte des Lilas,T3b,1,2.4069718696813354,48.87669855552454
IDFM:24530,IDFM:C01679,Rosa Parks,T3b,1,2.373384555032567,48.89755366193897
IDFM:490896,IDFM:C01679,Square Sainte-Odile,T3b,1,2.2965974025846565,48.88749097947101
IDFM:24400,IDFM:C01679,Séverine,T3b,1,2.4089442962590004,48.86749014190816
IDFM:490889,IDFM:C01679,Thérèse Pierre,T3b,1,2.28832474798073,48.88361093266646
IDFM:28859,IDFM:C01684,Alcide d'Orbigny,T5,1,2.3632632782683816,48.96561239362764
IDFM:28866,IDFM:C01684,Baudelaire,T5,1,2.356697376208321,48.942146856947915
IDFM:28850,IDFM:C01684,Butte Pinson (Parc Régional),T5,1,2.3660543089393675,48.973617074722256
IDFM:479383,IDFM:C01684,Garges - Sarcelles,T5,1,2.3906553690264314,48.977157228013084
IDFM:28865,IDFM:C01684,Guynemer,T5,1,2.357455427624477,48.948194069793146
IDFM:28855,IDFM:C01684,Jacques Prévert,T5,1,2.3659923652906736,48.97085603653112
IDFM:28858,IDFM:C01684,Joncherolles,T5,1,2.358320230154124,48.95556374059453
IDFM:28876,IDFM:C01684,Les Cholettes,T5,1,2.3721953457140628,48.97750266528482
IDFM:28868,IDFM:C01684,Les Flanades,T5,1,2.377478655651537,48.976653432364074
IDFM:28869,IDFM:C01684,Lochères,T5,1,2.3850586967452405,48.97852699758404
IDFM:28852,IDFM:C01684,Mairie de Pierrefitte,T5,1,2.360222956761448,48.96350992680608
IDFM:490553,IDFM:C01684,Marché de Saint-Denis,T5,1,2.3562315276810977,48.93897438765207
IDFM:28873,IDFM:C01684,Paul Valéry,T5,1,2.380220630839406,48.97926645855598
IDFM:28851,IDFM:C01684,Petit Pierrefitte,T5,1,2.357986978571056,48.95269328444407
IDFM:28863,IDFM:C01684,Roger Semât,T5,1,2.3570055759888815,48.94482386641974
IDFM:28848,IDFM:C01684,Suzanne Valadon,T5,1,2.358754164985781,48.9591316578055
IDFM:monomodalStopPlace:46387,IDFM:C01727,Ablon,C,0,2.4198671478914595,48.72578126379895
IDFM:monomodalStopPlace:43068,IDFM:C01727,Arpajon,C,1,2.2412169696111426,48.58599680822646
IDFM:monomodalStopPlace:46395,IDFM:C01727,Athis-Mons,C,0,2.403668724287269,48.71266832171659
IDFM:monomodalStopPlace:45437,IDFM:C01727,Avenue Foch,C,1,2.2747712644338454,48.86985281215763
IDFM:monomodalStopPlace:45447,IDFM:C01727,Avenue Henri Martin,C,1,2.2722351438875577,48.86545537297977
IDFM:monomodalStopPlace:45419,IDFM:C01727,Avenue du Président Kennedy Maison de Radio France,C,1,2.279679454187814,48.85352548506894
IDFM:monomodalStopPlace:45301,IDFM:C01727,Bibliothèque François Mitterrand,C,1,2.377758552865005,48.8288801225864
IDFM:monomodalStopPlace:45453,IDFM:C01727,Boulainvilliers,C,1,2.274806827480264,48.856981095562965
IDFM:monomodalStopPlace:47905,IDFM:C01727,Bouray,C,0,2.290077813743244,48.53290340283496
IDFM:monomodalStopPlace:47925,IDFM:C01727,Breuillet - Bruyères-le-Châtel,C,0,2.1922487394356454,48.57760979436327
IDFM:monomodalStopPlace:43099,IDFM:C01727,Breuillet Village,C,0,2.170354257290333,48.56433413404574
IDFM:monomodalStopPlace:43098,IDFM:C01727,Brétigny,C,1,2.30195738288606,48.60664906621052
IDFM:monomodalStopPlace:58757,IDFM:C01727,Champ de Mars Tour Eiffel,C,1,2.289656249386548,48.8564765666592
IDFM:monomodalStopPlace:47883,IDFM:C01727,Chaville - Vélizy,C,1,2.1834187943404744,48.79968116446791
IDFM:monomodalStopPlace:46035,IDFM:C01727,Chemin d'Antony,C,0,2.312649686391933,48.74793654258728
IDFM:monomodalStopPlace:43110,IDFM:C01727,Choisy-le-Roi,C,1,2.411287538155699,48.76387977763339
IDFM:monomodalStopPlace:43121,IDFM:C01727,Dourdan,C,1,2.008756915662106,48.53376051220457
IDFM:monomodalStopPlace:47095,IDFM:C01727,Dourdan la Forêt,C,1,1.996005688002604,48.53542058733677
IDFM:monomodalStopPlace:47927,IDFM:C01727,Gare de Chamarande,C,0,2.2151562718541644,48.51405318948937
IDFM:monomodalStopPlace:43130,IDFM:C01727,Gennevilliers,C,1,2.307982254553742,48.93282405536431
IDFM:monomodalStopPlace:470540,IDFM:C01727,Invalides,C,1,2.3126576509104404,48.8627130056211
IDFM:monomodalStopPlace:43084,IDFM:C01727,Issy,C,0,2.257883547622023,48.81933737870203
IDFM:monomodalStopPlace:462357,IDFM:C01727,Issy - Val de Seine,C,1,2.264011346045536,48.83050964570215
IDFM:monomodalStopPlace:46366,IDFM:C01727,Ivry-sur-Seine,C,1,2.391677280020743,48.8139591342409
IDFM:monomodalStopPlace:45346,IDFM:C01727,Javel,C,1,2.27803679359566,48.84716158046345
IDFM:monomodalStopPlace:47939,IDFM:C01727,La Norville - Saint-Germain-lès-Arpajon,C,0,2.266215906699314,48.59111916474817
IDFM:monomodalStopPlace:43149,IDFM:C01727,Lardy,C,0,2.255014220399748,48.52062055349796
IDFM:monomodalStopPlace:43227,IDFM:C01727,Les Ardoines,C,0,2.409587305033223,48.78248922625494
IDFM:monomodalStopPlace:43230,IDFM:C01727,Les Grésillons,C,0,2.313901968217972,48.9206901983449
IDFM:monomodalStopPlace:46298,IDFM:C01727,Les Saules,C,1,2.4174549898851208,48.74520105223681
IDFM:monomodalStopPlace:43159,IDFM:C01727,Marolles-en-Hurepoix,C,0,2.290908349251896,48.56564453550255
IDFM:monomodalStopPlace:43163,IDFM:C01727,Meudon Val Fleury,C,1,2.240941917168364,48.807552358196936
IDFM:monomodalStopPlace:45705,IDFM:C01727,Musée d'Orsay,C,0,2.326623034830927,48.860365575927474
IDFM:monomodalStopPlace:46299,IDFM:C01727,Orly Ville,C,0,2.4030548924063897,48.74163230680523
IDFM:monomodalStopPlace:47907,IDFM:C01727,Pont de Rungis Aéroport d'Orly,C,0,2.373209854795934,48.74834625868034
IDFM:monomodalStopPlace:415091,IDFM:C01727,Pont de l'Alma,C,1,2.3003592740110994,48.86247496310803
IDFM:monomodalStopPlace:58798,IDFM:C01727,Pont du Garigliano - Hôpital Européen G. Pompidou,C,1,2.2704701876900395,48.83888336270874
IDFM:monomodalStopPlace:43183,IDFM:C01727,Porchefontaine,C,0,2.1522340489858127,48.79654475986442
IDFM:monomodalStopPlace:44514,IDFM:C01727,Porte de Clichy,C,1,2.315941153551472,48.89426256830957
IDFM:monomodalStopPlace:44314,IDFM:C01727,Péreire Levallois,C,1,2.2992286819828145,48.88602700780433
IDFM:monomodalStopPlace:44787,IDFM:C01727,Rungis la Fraternelle,C,0,2.3521980873905326,48.74021613668418
IDFM:monomodalStopPlace:47952,IDFM:C01727,Saint-Chéron,C,0,2.1249767315730463,48.55093774535708
IDFM:monomodalStopPlace:43201,IDFM:C01727,Saint-Gratien,C,1,2.285777828585351,48.96365827352943
IDFM:monomodalStopPlace:47115,IDFM:C01727,Saint-Martin d'Étampes,C,0,2.145258831307165,48.42748765080825
IDFM:monomodalStopPlace:43202,IDFM:C01727,Saint-Michel-sur-Orge,C,0,2.3068029676156123,48.635615525211605
IDFM:monomodalStopPlace:43203,IDFM:C01727,Saint-Ouen,C,1,2.322694729473372,48.90456082213364
IDFM:monomodalStopPlace:43188,IDFM:C01727,Sainte-Geneviève-des-Bois,C,1,2.3129608959702024,48.65295347339147
IDFM:monomodalStopPlace:43192,IDFM:C01727,Savigny-sur-Orge,C,1,2.352354180405684,48.67639468866699
IDFM:monomodalStopPlace:47950,IDFM:C01727,Sermaise,C,0,2.069088468619773,48.535687624993614
IDFM:monomodalStopPlace:43220,IDFM:C01727,Versailles Château Rive Gauche,C,1,2.130150772175517,48.79991350059487
IDFM:monomodalStopPlace:46307,IDFM:C01727,Villeneuve-le-Roi,C,0,2.426423645047488,48.73968685807613
IDFM:monomodalStopPlace:46375,IDFM:C01727,Vitry-sur-Seine,C,0,2.40269438767449,48.80028105254759
IDFM:monomodalStopPlace:415484,IDFM:C01727,Égly,C,0,2.2234625238542307,48.582715781664064
IDFM:monomodalStopPlace:43076,IDFM:C01727,Épinay-sur-Orge,C,1,2.332043500451718,48.6693475106473
IDFM:monomodalStopPlace:43077,IDFM:C01727,Épinay-sur-Seine,C,1,2.302388375122374,48.95382604164122
IDFM:monomodalStopPlace:43080,IDFM:C01727,Étampes,C,1,2.159819133907717,48.437062675829104
IDFM:monomodalStopPlace:43081,IDFM:C01727,Étréchy,C,0,2.1947692381982216,48.49387742150091
IDFM:monomodalStopPlace:43087,IDFM:C01728,Ballancourt,D,0,2.3700930488013845,48.53101531216478
IDFM:monomodalStopPlace:43092,IDFM:C01728,Boigneville,D,0,2.378618440416535,48.341208632507616
IDFM:monomodalStopPlace:45763,IDFM:C01728,Boissise-le-Roi,D,0,2.57179291425262,48.52985734002498
IDFM:monomodalStopPlace:47924,IDFM:C01728,Boussy-Saint-Antoine,D,1,2.533195809235637,48.68087387117553
IDFM:monomodalStopPlace:47895,IDFM:C01728,Boutigny,D,0,2.3767454804181263,48.43442542513416
IDFM:monomodalStopPlace:58873,IDFM:C01728,Brunoy,D,1,2.506850312311369,48.698914475306886
IDFM:monomodalStopPlace:43102,IDFM:C01728,Buno - Gironville,D,0,2.387254108315933,48.37149489082515
IDFM:monomodalStopPlace:42516,IDFM:C01728,Cesson,D,1,2.5946150549367304,48.56486314053174
IDFM:monomodalStopPlace:411428,IDFM:C01728,Chantilly - Gouvieux,D,0,2.459515914008524,49.187030004664
IDFM:monomodalStopPlace:45771,IDFM:C01728,Combs-la-Ville - Quincy,D,1,2.5476998823085504,48.667819721800015
IDFM:monomodalStopPlace:43115,IDFM:C01728,Corbeil-Essonnes,D,1,2.472467657639279,48.61323864277619
IDFM:monomodalStopPlace:46286,IDFM:C01728,Créteil Pompadour,D,1,2.435315840251248,48.77125407229735
IDFM:monomodalStopPlace:45759,IDFM:C01728,Essonnes Robinson,D,0,2.463295818844443,48.60581740091332
IDFM:monomodalStopPlace:43251,IDFM:C01728,Garges - Sarcelles,D,1,2.3899547555239407,48.97632635843972
IDFM:monomodalStopPlace:47876,IDFM:C01728,Goussainville,D,0,2.46256580793126,49.02341075826703
IDFM:monomodalStopPlace:45860,IDFM:C01728,Grand Bourg,D,0,2.4348387319350167,48.64880840591746
IDFM:monomodalStopPlace:43132,IDFM:C01728,Grigny Centre,D,1,2.39678605544789,48.65484195083382
IDFM:monomodalStopPlace:411418,IDFM:C01728,La Borne Blanche (Gare),D,0,2.5069908684194053,49.1261949449139
IDFM:monomodalStopPlace:43142,IDFM:C01728,La Ferté-Alais,D,0,2.352260197381972,48.4855007310595
IDFM:monomodalStopPlace:45850,IDFM:C01728,Le Bras de Fer,D,0,2.4520047548737254,48.62330639719716
IDFM:monomodalStopPlace:45824,IDFM:C01728,Le Coudray-Montceaux,D,0,2.492424499497774,48.56619819315809
IDFM:monomodalStopPlace:45784,IDFM:C01728,Le Mée,D,1,2.6255537322060074,48.538746730738936
IDFM:monomodalStopPlace:45820,IDFM:C01728,Le Plessis Chenet,D,0,2.479522291008497,48.57358727886637
IDFM:monomodalStopPlace:464040,IDFM:C01728,Le Vert de Maisons,D,1,2.4321242678299977,48.78883131123265
IDFM:monomodalStopPlace:47968,IDFM:C01728,Les Noues,D,0,2.477713962139221,49.03307204384692
IDFM:monomodalStopPlace:47669,IDFM:C01728,Lieusaint - Moissy,D,1,2.569507070898012,48.62833648393033
IDFM:monomodalStopPlace:44628,IDFM:C01728,Louvres,D,1,2.5018113143714777,49.04933726826723
IDFM:monomodalStopPlace:43154,IDFM:C01728,Maisons-Alfort - Alfortville,D,1,2.4264376603578035,48.80217813521484
IDFM:monomodalStopPlace:43156,IDFM:C01728,Maisse,D,0,2.393493661032251,48.39367132989446
IDFM:monomodalStopPlace:411485,IDFM:C01728,Malesherbes,D,0,2.401036441728877,48.293633291470464
IDFM:monomodalStopPlace:47899,IDFM:C01728,Mennecy,D,0,2.4319348900260658,48.57054850948166
IDFM:monomodalStopPlace:47684,IDFM:C01728,Montgeron - Crosne,D,1,2.461377446437224,48.70871108366713
IDFM:monomodalStopPlace:45761,IDFM:C01728,Moulin Galant,D,0,2.473444919964576,48.58688228073328
IDFM:monomodalStopPlace:48489,IDFM:C01728,Orangis Bois de l'Épine,D,0,2.40769076622141,48.6363396147683
IDFM:monomodalStopPlace:411421,IDFM:C01728,Orry-la-Ville - Coye,D,0,2.489862086302069,49.13840546145438
IDFM:monomodalStopPlace:43179,IDFM:C01728,Pierrefitte - Stains,D,1,2.3703314284767747,48.96277628555098
IDFM:monomodalStopPlace:45812,IDFM:C01728,Ponthierry - Pringy,D,0,2.5445365646399507,48.535084951085466
IDFM:monomodalStopPlace:47948,IDFM:C01728,Ris-Orangis,D,0,2.414997460834355,48.659057463386254
IDFM:monomodalStopPlace:45814,IDFM:C01728,Saint-Fargeau,D,0,2.5426100742385285,48.56502608446919
IDFM:monomodalStopPlace:47665,IDFM:C01728,Savigny-le-Temple - Nandy,D,1,2.583935976093432,48.59548998563483
IDFM:monomodalStopPlace:43204,IDFM:C01728,Stade de France Saint-Denis,D,1,2.3504430479100207,48.91769737260247
IDFM:monomodalStopPlace:47958,IDFM:C01728,Survilliers - Fosses,D,1,2.525517836696695,49.09951161811565
IDFM:monomodalStopPlace:45735,IDFM:C01728,Vigneux-sur-Seine,D,1,2.413499342148242,48.70808932141768
IDFM:monomodalStopPlace:47904,IDFM:C01728,Villabé,D,0,2.461533386360794,48.592814943454
IDFM:monomodalStopPlace:46304,IDFM:C01728,Villeneuve Triage,D,0,2.438697833840877,48.74461113914048
IDFM:monomodalStopPlace:45067,IDFM:C01728,Villeneuve-Saint-Georges,D,0,2.446304786739812,48.730080267741016
IDFM:monomodalStopPlace:43222,IDFM:C01728,Villiers-le-Bel - Gonesse - Arnouville,D,0,2.416246795897305,48.99377204005172
IDFM:monomodalStopPlace:43225,IDFM:C01728,Viry-Châtillon,D,0,2.387021960013403,48.67590783936994
IDFM:monomodalStopPlace:47967,IDFM:C01728,Vosves,D,0,2.5994097381795305,48.51507609100275
IDFM:monomodalStopPlace:43226,IDFM:C01728,Yerres,D,1,2.483187005163047,48.7064507273249
IDFM:monomodalStopPlace:47906,IDFM:C01728,Évry - Courcouronnes,D,1,2.430032909521453,48.62588794663492
IDFM:monomodalStopPlace:45745,IDFM:C01728,Évry - Val de Seine,D,0,2.4523091616356028,48.63439299320402
IDFM:monomodalStopPlace:43131,IDFM:C01729,Gretz-Armainvilliers,E,0,2.727167738339898,48.74645539980236
IDFM:monomodalStopPlace:58718,IDFM:C01729,Haussmann Saint-Lazare,E,1,2.328646179742093,48.87499886200119
IDFM:monomodalStopPlace:58267,IDFM:C01729,Les Boullereaux Champigny,E,1,2.511990843607618,48.82486398816196
IDFM:monomodalStopPlace:58288,IDFM:C01729,Les Yvris Noisy-le-Grand,E,0,2.579980456371948,48.82311348135466
IDFM:monomodalStopPlace:58572,IDFM:C01729,Magenta,E,1,2.358695908637114,48.88081039411524
IDFM:monomodalStopPlace:487011,IDFM:C01729,Nanterre-La-Folie,E,1,2.226568794458685,48.89758132477412
IDFM:monomodalStopPlace:46552,IDFM:C01729,Nogent - Le Perreux,E,1,2.4939549579206104,48.839991175687295
IDFM:monomodalStopPlace:462901,IDFM:C01729,Ozoir-la-Ferrière,E,1,2.690116190500944,48.77076716837013
IDFM:monomodalStopPlace:46568,IDFM:C01729,Roissy-en-Brie,E,1,2.650530702348584,48.79563367624288
IDFM:monomodalStopPlace:42356,IDFM:C01729,Rosny Bois Perrier,E,0,2.481186396267677,48.88258632328664
IDFM:monomodalStopPlace:47877,IDFM:C01729,Rosny-sous-Bois,E,1,2.4857557993217947,48.87007067367753
IDFM:monomodalStopPlace:43223,IDFM:C01729,Villiers-sur-Marne - Le Plessis-Trévise,E,1,2.542644466674205,48.82324786783017
IDFM:monomodalStopPlace:43074,IDFM:C01729,Émerainville - Pontault-Combault,E,1,2.618502939849115,48.80587944608123
IDFM:monomodalStopPlace:47174,IDFM:C01730,Champbenoist Poigny,P,0,3.2866300417033125,48.54520762505785
IDFM:monomodalStopPlace:47928,IDFM:C01730,Changis - Saint-Jean,P,0,3.026089283734262,48.95916631326023
IDFM:monomodalStopPlace:411381,IDFM:C01730,Chézy-sur-Marne,P,0,3.3644154018991057,48.99188251331995
IDFM:monomodalStopPlace:43117,IDFM:C01730,Coulommiers,P,1,3.081261311573344,48.80805936234078
IDFM:monomodalStopPlace:47491,IDFM:C01730,Crouy-sur-Ourcq,P,0,3.062669111949777,49.09189047640195
IDFM:monomodalStopPlace:47322,IDFM:C01730,Esbly,P,1,2.809640025507793,48.902895083058525
IDFM:monomodalStopPlace:47199,IDFM:C01730,Faremoutiers - Pommeuse,P,0,2.9932738165708552,48.80853544410162
IDFM:monomodalStopPlace:47205,IDFM:C01730,Guérard - La Celle-sur-Morin,P,0,2.9538116993768355,48.81076877713248
IDFM:monomodalStopPlace:47484,IDFM:C01730,Isles - Armentières - Congis,P,0,3.007871639575125,48.99837487688993
IDFM:monomodalStopPlace:411372,IDFM:C01730,La Ferté-Milon,P,0,3.1206754069517184,49.17963214095126
IDFM:monomodalStopPlace:43246,IDFM:C01730,La Ferté-sous-Jouarre,P,1,3.124704606439104,48.95078183142266
IDFM:monomodalStopPlace:427872,IDFM:C01730,Lagny - Thorigny,P,1,2.7059554888008988,48.8821904179895
IDFM:monomodalStopPlace:47486,IDFM:C01730,Lizy-sur-Ourcq,P,0,3.0317831029512066,49.02172710081919
IDFM:monomodalStopPlace:47914,IDFM:C01730,Longueville,P,0,3.250114078411789,48.51378614127599
IDFM:monomodalStopPlace:411375,IDFM:C01730,Mareuil-sur-Ourcq,P,0,3.0754989980809686,49.135381005893805
IDFM:monomodalStopPlace:43247,IDFM:C01730,Marles-en-Brie,P,0,2.868811725090548,48.73481854687385
IDFM:monomodalStopPlace:43161,IDFM:C01730,Meaux,P,1,2.8733082321502925,48.9566203252873
IDFM:monomodalStopPlace:47184,IDFM:C01730,Mormant,P,0,2.88807855133882,48.61409277056721
IDFM:monomodalStopPlace:47942,IDFM:C01730,Mortcerf,P,0,2.9074760676708205,48.789592035371314
IDFM:monomodalStopPlace:47943,IDFM:C01730,Mouroux,P,0,3.0430626039871616,48.813701725231546
IDFM:monomodalStopPlace:47158,IDFM:C01730,Nangis,P,1,3.012177957825429,48.5617195064875
IDFM:monomodalStopPlace:47482,IDFM:C01730,Nanteuil - Saâcy,P,0,3.2194260927085296,48.97400193831618
IDFM:monomodalStopPlace:411384,IDFM:C01730,Nogent-L'Artaud - Charly,P,0,3.32284765024808,48.96871609894733
IDFM:monomodalStopPlace:47181,IDFM:C01730,Provins,P,0,3.302334202203228,48.55553092379296
IDFM:monomodalStopPlace:47171,IDFM:C01730,Sainte-Colombe Septveilles,P,0,3.2553403241826864,48.52915312687445
IDFM:monomodalStopPlace:47962,IDFM:C01730,Trilport,P,0,2.949685912410061,48.96016915361593
IDFM:monomodalStopPlace:47187,IDFM:C01730,Verneuil-l'Étang,P,0,2.825083962015835,48.64438940351837
IDFM:monomodalStopPlace:47119,IDFM:C01731,Bagneaux-sur-Loing,R,0,2.7040329448732985,48.22938980618883
IDFM:monomodalStopPlace:47654,IDFM:C01731,Bois-le-Roi,R,0,2.691542568002651,48.47579827327959
IDFM:monomodalStopPlace:47124,IDFM:C01731,Bourron-Marlotte - Grez,R,0,2.6918764214147592,48.33245103346405
IDFM:monomodalStopPlace:43106,IDFM:C01731,Champagne-sur-Seine,R,0,2.798915755216375,48.40726498958356
IDFM:monomodalStopPlace:43107,IDFM:C01731,Chartrettes,R,0,2.695269130824033,48.48701587175729
IDFM:monomodalStopPlace:58955,IDFM:C01731,Dordives,R,0,2.762658376432018,48.14790552423752
IDFM:monomodalStopPlace:411488,IDFM:C01731,Ferrières - Fontenay,R,0,2.772092076153004,48.09588996416835
IDFM:monomodalStopPlace:43123,IDFM:C01731,Fontaine-le-Port,R,0,2.750465255041539,48.48734840615557
IDFM:monomodalStopPlace:47911,IDFM:C01731,Fontainebleau - Avon,R,1,2.7267714287220346,48.416666098921
IDFM:monomodalStopPlace:47145,IDFM:C01731,Héricy,R,0,2.760750768911634,48.44272124429534
IDFM:monomodalStopPlace:43144,IDFM:C01731,La Grande-Paroisse,R,0,2.896902458012003,48.37863280606578
IDFM:monomodalStopPlace:45804,IDFM:C01731,Livry-sur-Seine,R,0,2.678943943121165,48.510288065207455
IDFM:monomodalStopPlace:47125,IDFM:C01731,Montigny-sur-Loing,R,0,2.738336123575285,48.33649861774928
IDFM:monomodalStopPlace:47130,IDFM:C01731,Moret - Veneux-les-Sablons,R,0,2.800462899908886,48.37789836789835
IDFM:monomodalStopPlace:47953,IDFM:C01731,Saint-Mammès,R,0,2.816506976966753,48.38264713543743
IDFM:monomodalStopPlace:47118,IDFM:C01731,Souppes - Château-Landon,R,0,2.7358697259911766,48.18117871674994
IDFM:monomodalStopPlace:47961,IDFM:C01731,Thomery,R,0,2.764187149192088,48.39428183783365
IDFM:monomodalStopPlace:43218,IDFM:C01731,Vernou-sur-Seine,R,0,2.842149995140084,48.38667549692297
IDFM:monomodalStopPlace:47136,IDFM:C01731,Vulaines-sur-Seine - Samoreau,R,0,2.752898337073854,48.43046104852704
IDFM:monomodalStopPlace:46857,IDFM:C01736,Beynes,N,0,1.8755955719389823,48.860056612665424
IDFM:monomodalStopPlace:43108,IDFM:C01736,Chaville Rive Gauche,N,1,2.189425762809199,48.8051904761828
IDFM:monomodalStopPlace:43111,IDFM:C01736,Clamart,N,0,2.274243860950152,48.81422563914296
IDFM:monomodalStopPlace:47932,IDFM:C01736,Coignières,N,0,1.9214184023981653,48.74374799338111
IDFM:monomodalStopPlace:47884,IDFM:C01736,Fontenay-le-Fleury,N,0,2.0407045118857456,48.80727344427781
IDFM:monomodalStopPlace:47903,IDFM:C01736,Garancières - La Queue,N,0,1.7645793224017483,48.810463686279576
IDFM:monomodalStopPlace:43088,IDFM:C01736,Gare de Bellevue,N,0,2.229956322216565,48.81887298138509
IDFM:monomodalStopPlace:46847,IDFM:C01736,Gare de Villiers Neauphle Pontchartrain,N,0,1.877535784941356,48.81532337552301
IDFM:monomodalStopPlace:47935,IDFM:C01736,Houdan,N,1,1.6021344463889766,48.79602555328117
IDFM:monomodalStopPlace:43235,IDFM:C01736,Le Perray,N,0,1.8566531860615936,48.69336112490438
IDFM:monomodalStopPlace:43229,IDFM:C01736,Les Essarts-le-Roi,N,0,1.889661391894688,48.72169335309528
IDFM:monomodalStopPlace:411495,IDFM:C01736,Marchezais - Broué,N,0,1.5135715190299066,48.76839076858962
IDFM:monomodalStopPlace:46884,IDFM:C01736,Mareil-sur-Mauldre,N,0,1.8718488171877576,48.89302020567544
IDFM:monomodalStopPlace:46886,IDFM:C01736,Maule,N,0,1.8568974216555527,48.90932809474093
IDFM:monomodalStopPlace:43162,IDFM:C01736,Meudon,N,0,2.2428787225795106,48.81436409632574
IDFM:monomodalStopPlace:46850,IDFM:C01736,Montfort-l'Amaury - Méré,N,1,1.8158352700699207,48.802662371849536
IDFM:monomodalStopPlace:47944,IDFM:C01736,Nézel - Aulnay,N,0,1.8404153320794885,48.93882932493657
IDFM:monomodalStopPlace:47921,IDFM:C01736,Orgerus - Béhoust,N,0,1.7030300359022217,48.82662740630846
IDFM:monomodalStopPlace:47885,IDFM:C01736,Plaisir - Grignon,N,1,1.943537514733802,48.831926089228816
IDFM:monomodalStopPlace:43181,IDFM:C01736,Plaisir - Les Clayes,N,0,1.960091444651348,48.83083896712
IDFM:monomodalStopPlace:427870,IDFM:C01736,Rambouillet,N,1,1.832207614506548,48.6438460126836
IDFM:monomodalStopPlace:43195,IDFM:C01736,Sèvres Rive Gauche,N,1,2.215079572125279,48.82121360785643
IDFM:monomodalStopPlace:47959,IDFM:C01736,Tacoignières - Richebourg,N,0,1.668661901995974,48.82931965425061
IDFM:monomodalStopPlace:43214,IDFM:C01736,Vanves - Malakoff,N,0,2.2919742374890983,48.81828945559893
IDFM:monomodalStopPlace:43221,IDFM:C01736,Villepreux - Les Clayes,N,1,1.992798523459497,48.82366793006802
IDFM:monomodalStopPlace:47918,IDFM:C01737,Auvers-sur-Oise,H,0,2.174916445478343,49.07034498316611
IDFM:monomodalStopPlace:47524,IDFM:C01737,Belloy - Saint-Martin,H,0,2.3613265147338978,49.09838940491585
IDFM:monomodalStopPlace:43090,IDFM:C01737,Bessancourt,H,0,2.2103009348975013,49.03527556641014
IDFM:monomodalStopPlace:411332,IDFM:C01737,Boran-sur-Oise,H,0,2.362237794019318,49.16664871633883
IDFM:monomodalStopPlace:47517,IDFM:C01737,Bouffémont - Moisselles,H,1,2.3229000286671555,49.045103567466136
IDFM:monomodalStopPlace:47533,IDFM:C01737,Bruyères-sur-Oise,H,0,2.32483287423228,49.15511620671838
IDFM:monomodalStopPlace:46477,IDFM:C01737,Champ de Courses d'Enghien,H,0,2.291148632256432,48.9796949197308
IDFM:monomodalStopPlace:47590,IDFM:C01737,Champagne-sur-Oise,H,0,2.242987667830016,49.136089580289706
IDFM:monomodalStopPlace:47591,IDFM:C01737,Chaponval,H,0,2.1410848292610347,49.06912782440181
IDFM:monomodalStopPlace:473159,IDFM:C01737,Deuil - Montmagny,H,0,2.338131209772398,48.97592570310552
IDFM:monomodalStopPlace:43120,IDFM:C01737,Domont,H,1,2.3371269712571614,49.03284003832482
IDFM:monomodalStopPlace:43075,IDFM:C01737,Enghien-les-Bains,H,1,2.306793374168272,48.97288052394267
IDFM:monomodalStopPlace:47920,IDFM:C01737,Ermont Halte,H,1,2.26320025038274,48.990533377371726
IDFM:monomodalStopPlace:47580,IDFM:C01737,Frépillon,H,0,2.197098920791642,49.04527720662213
IDFM:monomodalStopPlace:46482,IDFM:C01737,Gros Noyer Saint-Prix,H,0,2.2596836105712628,48.99607903406629
IDFM:monomodalStopPlace:43133,IDFM:C01737,Groslay,H,1,2.3535217052321715,48.98436467954606
IDFM:monomodalStopPlace:47589,IDFM:C01737,L'Isle-Adam - Parmain,H,0,2.209941858169547,49.11454854558362
IDFM:monomodalStopPlace:46470,IDFM:C01737,La Barre Ormesson,H,1,2.3167036448125224,48.96628415206348
IDFM:monomodalStopPlace:47528,IDFM:C01737,Luzarches,H,1,2.4200435326085863,49.117099228494695
IDFM:monomodalStopPlace:43168,IDFM:C01737,Montsoult - Maffliers,H,1,2.3228219079408823,49.06616021905701
IDFM:monomodalStopPlace:47585,IDFM:C01737,Mériel,H,0,2.205438463461229,49.07775311707399
IDFM:monomodalStopPlace:47582,IDFM:C01737,Méry-sur-Oise,H,0,2.19141823646768,49.058277435287074
IDFM:monomodalStopPlace:47530,IDFM:C01737,Nointel - Mours,H,0,2.2799576391232472,49.13282894869498
IDFM:monomodalStopPlace:43178,IDFM:C01737,Persan - Beaumont,H,1,2.2777997330536137,49.14758294460079
IDFM:monomodalStopPlace:47595,IDFM:C01737,Pont Petit,H,0,2.131241645234573,49.06087605161007
IDFM:monomodalStopPlace:47946,IDFM:C01737,Presles - Courcelles,H,0,2.2878509419549213,49.11367528279733
IDFM:monomodalStopPlace:411326,IDFM:C01737,Précy-sur-Oise,H,0,2.377341204610025,49.20347714232073
IDFM:monomodalStopPlace:411329,IDFM:C01737,Saint-Leu-d'Esserent,H,0,2.417071454431694,49.21379460642065
IDFM:monomodalStopPlace:48964,IDFM:C01737,Saint-Leu-la-Forêt,H,1,2.2428869689226687,49.01523840177278
IDFM:monomodalStopPlace:43190,IDFM:C01737,Sarcelles - Saint-Brice,H,1,2.368685635253536,48.99620491669132
IDFM:monomodalStopPlace:47951,IDFM:C01737,Seugy,H,0,2.3996583056293246,49.11912737513361
IDFM:monomodalStopPlace:43206,IDFM:C01737,Taverny,H,0,2.222287008769188,49.0249763828466
IDFM:monomodalStopPlace:47588,IDFM:C01737,Valmondois,H,0,2.2019152338634327,49.09093718795672
IDFM:monomodalStopPlace:47963,IDFM:C01737,Vaucelles,H,0,2.2294526219892656,49.02172683988197
IDFM:monomodalStopPlace:47525,IDFM:C01737,Viarmes,H,0,2.368237642296928,49.11663481669089
IDFM:monomodalStopPlace:47522,IDFM:C01737,Villaines,H,0,2.3505357370070645,49.07926437056656
IDFM:monomodalStopPlace:43073,IDFM:C01737,Écouen - Ézanville,H,0,2.362236789305572,49.02319914892831
IDFM:monomodalStopPlace:43078,IDFM:C01737,Épinay - Villetaneuse,H,1,2.3287601965958715,48.95792884911306
IDFM:monomodalStopPlace:47596,IDFM:C01737,Épluches,H,0,2.1226568963520114,49.055049202893706
IDFM:monomodalStopPlace:46731,IDFM:C01738,Compans,K,0,2.6649599355374893,48.99132968756663
IDFM:monomodalStopPlace:411396,IDFM:C01738,Crépy-en-Valois,K,0,2.8880999806451184,49.23108254935135
IDFM:monomodalStopPlace:46736,IDFM:C01738,Dammartin - Juilly - Saint-Mard,K,0,2.699046819624294,49.03215183565455
IDFM:monomodalStopPlace:411405,IDFM:C01738,Le Plessis-Belleville,K,0,2.745036686332378,49.09632467804431
IDFM:monomodalStopPlace:411390,IDFM:C01738,Nanteuil-le-Haudouin,K,0,2.794164765556653,49.14251123380041
IDFM:monomodalStopPlace:411387,IDFM:C01738,Ormoy-Villers,K,0,2.8379866073485736,49.20071099536894
IDFM:monomodalStopPlace:47960,IDFM:C01738,Thieux - Nantouillet,K,0,2.680253767580292,49.00813565335945
IDFM:monomodalStopPlace:47916,IDFM:C01739,Andrésy,J,0,2.0486677678528,48.97462075263292
IDFM:monomodalStopPlace:47875,IDFM:C01739,Argenteuil,J,1,2.257913508915154,48.9468952901277
IDFM:monomodalStopPlace:43070,IDFM:C01739,Aubergenville Élisabethville,J,0,1.848960390078333,48.97233225408568
IDFM:monomodalStopPlace:51238,IDFM:C01739,Bois-Colombes,J,1,2.2716490888242244,48.91419560591249
IDFM:monomodalStopPlace:46801,IDFM:C01739,Boissy-l'Aillerie,J,0,2.025386064104548,49.07572135804642
IDFM:monomodalStopPlace:46984,IDFM:C01739,Bonnières,J,0,1.5820546885594051,49.03882194566387
IDFM:monomodalStopPlace:47929,IDFM:C01739,Chanteloup-les-Vignes,J,0,2.0276211497651646,48.97035707590211
IDFM:monomodalStopPlace:47930,IDFM:C01739,Chars,J,0,1.936865953454158,49.16300140123273
IDFM:monomodalStopPlace:411345,IDFM:C01739,Chaumont-en-Vexin,J,0,1.8732362595841847,49.26118959499568
IDFM:monomodalStopPlace:43113,IDFM:C01739,Colombes,J,1,2.259318757710957,48.92395845032284
IDFM:monomodalStopPlace:47447,IDFM:C01739,Conflans-Sainte-Honorine,J,1,2.09871661352047,48.996919424234726
IDFM:monomodalStopPlace:43116,IDFM:C01739,Cormeilles-en-Parisis,J,0,2.1930511780913897,48.9686435877584
IDFM:monomodalStopPlace:43129,IDFM:C01739,Gargenville,J,0,1.8090110590166268,48.983003872761415
IDFM:monomodalStopPlace:59301,IDFM:C01739,Gisors,J,0,1.7847679942171768,49.28550469399831
IDFM:monomodalStopPlace:47603,IDFM:C01739,Herblay,J,0,2.1622316587721904,48.990136140429954
IDFM:monomodalStopPlace:46975,IDFM:C01739,Issou - Porcheville,J,0,1.7838404356830648,48.9793069192499
IDFM:monomodalStopPlace:43137,IDFM:C01739,Juziers,J,0,1.8449525722587152,48.99224048747195
IDFM:monomodalStopPlace:43143,IDFM:C01739,La Frette - Montigny,J,0,2.180341866372171,48.97988373233732
IDFM:monomodalStopPlace:411348,IDFM:C01739,Lavilletertre,J,0,1.9205792747729,49.20238205277644
IDFM:monomodalStopPlace:43236,IDFM:C01739,Le Stade,J,1,2.260948512567054,48.93172049557505
IDFM:monomodalStopPlace:54249,IDFM:C01739,Les Clairières de Verneuil,J,1,1.955244034082812,48.99266997269272
IDFM:monomodalStopPlace:47881,IDFM:C01739,Les Mureaux,J,1,1.9134674211236111,48.99259097971094
IDFM:monomodalStopPlace:411342,IDFM:C01739,Liancourt-Saint-Pierre,J,0,1.9054790812050528,49.22054256178432
IDFM:monomodalStopPlace:43151,IDFM:C01739,Limay,J,0,1.7474125098984148,48.98420212754175
IDFM:monomodalStopPlace:46965,IDFM:C01739,Mantes Station,J,0,1.7151334567152097,48.98360892717879
IDFM:monomodalStopPlace:43160,IDFM:C01739,Maurecourt,J,0,2.059634534011659,48.986862412057214
IDFM:monomodalStopPlace:46897,IDFM:C01739,Meulan - Hardricourt,J,0,1.9021289902435004,49.00581615609435
IDFM:monomodalStopPlace:44161,IDFM:C01739,Montgeroult - Courcelles,J,0,2.0029460458068105,49.080811910011626
IDFM:monomodalStopPlace:51494,IDFM:C01739,Osny,J,0,2.058155650874632,49.06281914403825
IDFM:monomodalStopPlace:479059,IDFM:C01739,Rosny-sur-Seine,J,0,1.6298170882272784,48.99751746396684
IDFM:monomodalStopPlace:47955,IDFM:C01739,Saint-Ouen-l'Aumône Quartier de l'Église,J,0,2.1034691329132857,49.03909361746138
IDFM:monomodalStopPlace:43189,IDFM:C01739,Sannois,J,1,2.263820283806777,48.970881176549405
IDFM:monomodalStopPlace:47949,IDFM:C01739,Santeuil - Le Perchay,J,0,1.949406923865895,49.12334471123142
IDFM:monomodalStopPlace:46902,IDFM:C01739,Thun le Paradis,J,0,1.919170589720022,49.006673442207415
IDFM:monomodalStopPlace:411338,IDFM:C01739,Trie-Château,J,0,1.818497020989674,49.2824007109848
IDFM:monomodalStopPlace:46926,IDFM:C01739,Triel-sur-Seine,J,0,2.005709444143668,48.98141600700941
IDFM:monomodalStopPlace:47922,IDFM:C01739,Us,J,0,1.9705444983242864,49.09955483034093
IDFM:monomodalStopPlace:43212,IDFM:C01739,Val d'Argenteuil,J,1,2.232694050053452,48.95065749524003
IDFM:monomodalStopPlace:43217,IDFM:C01739,Vaux-sur-Seine,J,0,1.9630264473162569,49.0073550143858
IDFM:monomodalStopPlace:47964,IDFM:C01739,Vernouillet - Verneuil,J,0,1.9829377621754607,48.98164585500312
IDFM:monomodalStopPlace:47966,IDFM:C01739,Villennes-sur-Seine,J,1,1.999557321396041,48.93983138477974
IDFM:monomodalStopPlace:43079,IDFM:C01739,Éragny - Neuville,J,0,2.090571123307668,49.01790068888594
IDFM:monomodalStopPlace:47790,IDFM:C01740,Bougival,L,0,2.132028029856739,48.85379323051655
IDFM:monomodalStopPlace:47923,IDFM:C01740,Bécon les Bruyères,L,1,2.268790065027107,48.90549079769296
IDFM:monomodalStopPlace:43112,IDFM:C01740,Clichy - Levallois,L,1,2.2974715210323566,48.89750112711205
IDFM:monomodalStopPlace:43118,IDFM:C01740,Courbevoie,L,1,2.249189818087758,48.89861561377405
IDFM:monomodalStopPlace:47770,IDFM:C01740,Garches - Marnes-la-Coquette,L,1,2.187092668770097,48.83825444088794
IDFM:monomodalStopPlace:47937,IDFM:C01740,L'Étang-la-Ville,L,0,2.076893601882248,48.86818814962987
IDFM:monomodalStopPlace:47880,IDFM:C01740,La Celle-Saint-Cloud,L,0,2.138236726142033,48.84262523059504
IDFM:monomodalStopPlace:422065,IDFM:C01740,Le Val d'Or,L,1,2.2165513289937904,48.85625374079433
IDFM:monomodalStopPlace:47969,IDFM:C01740,Les Vallées,L,1,2.2572045759752384,48.91365276270651
IDFM:monomodalStopPlace:473506,IDFM:C01740,Louveciennes,L,1,2.122777734478968,48.8612602848357
IDFM:monomodalStopPlace:43248,IDFM:C01740,Marly-le-Roi,L,1,2.0965372930677657,48.87152941199376
IDFM:monomodalStopPlace:43167,IDFM:C01740,Montreuil,L,1,2.1528278413582385,48.805965217521
IDFM:monomodalStopPlace:45493,IDFM:C01740,Pont Cardinet,L,1,2.312950431098551,48.88839532721545
IDFM:monomodalStopPlace:47954,IDFM:C01740,Saint-Nom-la-Bretèche Forêt de Marly,L,1,2.051299627156171,48.86709624082784
IDFM:monomodalStopPlace:43216,IDFM:C01740,Vaucresson,L,1,2.152674671677768,48.83668449024941
IDFM:monomodalStopPlace:44602,IDFM:C01740,Versailles Rive Droite,L,1,2.1368871000602927,48.80949051640336
IDFM:monomodalStopPlace:46689,IDFM:C01740,Viroflay - Rive Droite,L,1,2.1676545647835206,48.805472581494975
IDFM:monomodalStopPlace:47915,IDFM:C01742,Achères Grand Cormier,A,0,2.0936529195192275,48.95541092942684
IDFM:monomodalStopPlace:45873,IDFM:C01742,Auber,A,1,2.3296591495793595,48.8723488407182
IDFM:monomodalStopPlace:43094,IDFM:C01742,Boissy-Saint-Léger,A,1,2.504498176690716,48.752267307821874
IDFM:monomodalStopPlace:43101,IDFM:C01742,Bry-sur-Marne,A,1,2.525670945020106,48.84513747628085
IDFM:monomodalStopPlace:58874,IDFM:C01742,Bussy-Saint-Georges,A,1,2.710382839509696,48.83671337078136
IDFM:monomodalStopPlace:58270,IDFM:C01742,Champigny,A,1,2.510538043646919,48.80682309456137
IDFM:monomodalStopPlace:58759,IDFM:C01742,Charles de Gaulle - Étoile,A,1,2.295231447641207,48.874172759565376
IDFM:monomodalStopPlace:53783,IDFM:C01742,Chatou - Croissy,A,1,2.155937662470897,48.88519702561107
IDFM:monomodalStopPlace:47238,IDFM:C01742,Fontenay-sous-Bois,A,1,2.463537806527943,48.8437885964859
IDFM:monomodalStopPlace:43135,IDFM:C01742,Joinville-le-Pont,A,1,2.4638739495546496,48.82119737360793
IDFM:monomodalStopPlace:43146,IDFM:C01742,La Varenne - Chennevières,A,1,2.5132322873015256,48.79532749459459
IDFM:monomodalStopPlace:43234,IDFM:C01742,Le Parc de Saint-Maur,A,1,2.486623744135692,48.8054097518155
IDFM:monomodalStopPlace:53784,IDFM:C01742,Le Vésinet - Centre,A,1,2.1343339900216813,48.89013759185911
IDFM:monomodalStopPlace:43237,IDFM:C01742,Le Vésinet - Le Pecq,A,1,2.122132232303764,48.89794951079969
IDFM:monomodalStopPlace:43152,IDFM:C01742,Lognes,A,1,2.633026934567703,48.839255049438655
IDFM:monomodalStopPlace:43239,IDFM:C01742,Marne-la-Vallée Chessy,A,1,2.7824826512673546,48.86979506673141
IDFM:monomodalStopPlace:43169,IDFM:C01742,Nanterre Préfecture,A,1,2.222986242991368,48.895886773064674
IDFM:monomodalStopPlace:43171,IDFM:C01742,Nanterre Ville,A,1,2.19511769490499,48.89501972616058
IDFM:monomodalStopPlace:473875,IDFM:C01742,Nation,A,1,2.3959444654495297,48.84823319072756
IDFM:monomodalStopPlace:43172,IDFM:C01742,Neuilly-Plaisance,A,1,2.5145898211367705,48.85252451313788
IDFM:monomodalStopPlace:47886,IDFM:C01742,Nogent-sur-Marne,A,1,2.471683791180998,48.834306538503405
IDFM:monomodalStopPlace:44199,IDFM:C01742,Noisiel,A,1,2.616660606000051,48.84351408493866
IDFM:monomodalStopPlace:58937,IDFM:C01742,Noisy - Champs,A,1,2.580103342831972,48.84289619599068
IDFM:monomodalStopPlace:474082,IDFM:C01742,Noisy-le-Grand - Mont d'Est,A,1,2.548807320510833,48.84088515401643
IDFM:monomodalStopPlace:58875,IDFM:C01742,Rueil-Malmaison,A,1,2.172366417897185,48.88767250064626
IDFM:monomodalStopPlace:43198,IDFM:C01742,Saint-Germain-en-Laye,A,1,2.095041912326374,48.898745300550765
IDFM:monomodalStopPlace:44801,IDFM:C01742,Saint-Maur - Créteil,A,1,2.4729094308778183,48.80619648110731
IDFM:monomodalStopPlace:58792,IDFM:C01742,Sucy - Bonneuil,A,1,2.5074994611650823,48.77206393780998
IDFM:monomodalStopPlace:43207,IDFM:C01742,Torcy,A,1,2.655169106193295,48.83971015133779
IDFM:monomodalStopPlace:43213,IDFM:C01742,Val d'Europe,A,1,2.772426894234028,48.85484622851565
IDFM:monomodalStopPlace:43224,IDFM:C01742,Vincennes,A,1,2.4325836014183,48.84734683460296
IDFM:monomodalStopPlace:43066,IDFM:C01743,Antony,B,1,2.300890371505836,48.754632057173126
IDFM:monomodalStopPlace:43067,IDFM:C01743,Arcueil - Cachan,B,1,2.328093276131277,48.79869767228883
IDFM:monomodalStopPlace:462398,IDFM:C01743,Aéroport CDG 1 (Terminal 3) - RER,B,1,2.5614121946317394,49.00979397116337
IDFM:monomodalStopPlace:473364,IDFM:C01743,Aéroport Charles de Gaulle 2 (Terminal 2),B,1,2.570980047757024,49.0041455478504
IDFM:monomodalStopPlace:44493,IDFM:C01743,Bagneux,B,1,2.3220087047421583,48.79333690627149
IDFM:monomodalStopPlace:43097,IDFM:C01743,Bourg-la-Reine,B,1,2.312278311834309,48.78026436884244
IDFM:monomodalStopPlace:43103,IDFM:C01743,Bures-sur-Yvette,B,1,2.1643461393269345,48.69621022314541
IDFM:monomodalStopPlace:473843,IDFM:C01743,Cité Universitaire,B,1,2.3388576809777035,48.82150600684166
IDFM:monomodalStopPlace:47052,IDFM:C01743,Courcelle-sur-Yvette,B,1,2.097722386795541,48.70131367727702
IDFM:monomodalStopPlace:473890,IDFM:C01743,Denfert-Rochereau,B,1,2.333220634641387,48.83318643678081
IDFM:monomodalStopPlace:43122,IDFM:C01743,Drancy,B,1,2.454883180745302,48.932732553959134
IDFM:monomodalStopPlace:43124,IDFM:C01743,Fontaine Michalon,B,1,2.2959559818374013,48.74304953436299
IDFM:monomodalStopPlace:43125,IDFM:C01743,Fontenay-aux-Roses,B,1,2.2929083820455323,48.78756698215643
IDFM:monomodalStopPlace:45877,IDFM:C01743,Gentilly,B,1,2.340926830790754,48.815228092611335
IDFM:monomodalStopPlace:47888,IDFM:C01743,Gif-sur-Yvette,B,1,2.13649439862523,48.698175579920274
IDFM:monomodalStopPlace:43140,IDFM:C01743,La Courneuve - Aubervilliers,B,1,2.3861140570949475,48.92429743203911
IDFM:monomodalStopPlace:46007,IDFM:C01743,La Croix de Berny,B,1,2.3042107053612133,48.76171816323692
IDFM:monomodalStopPlace:47046,IDFM:C01743,La Hacquinière,B,1,2.1516106103390045,48.69529954845245
IDFM:monomodalStopPlace:43145,IDFM:C01743,La Plaine Stade de France,B,1,2.362459916604931,48.918076675621
IDFM:monomodalStopPlace:43607,IDFM:C01743,Laplace,B,1,2.3343440158701894,48.808360137202826
IDFM:monomodalStopPlace:46163,IDFM:C01743,Le Blanc-Mesnil,B,1,2.4753884360764298,48.93230698220945
IDFM:monomodalStopPlace:43231,IDFM:C01743,Le Bourget,B,1,2.425825637815098,48.930744340383264
IDFM:monomodalStopPlace:43232,IDFM:C01743,Le Guichet,B,1,2.1929739951487424,48.705497380193584
IDFM:monomodalStopPlace:43228,IDFM:C01743,Les Baconnets,B,1,2.288108127151424,48.73984612871272
IDFM:monomodalStopPlace:474069,IDFM:C01743,Lozère,B,1,2.212717641845953,48.70591241362703
IDFM:monomodalStopPlace:43833,IDFM:C01743,Luxembourg,B,1,2.3398088878203698,48.84543177842458
IDFM:monomodalStopPlace:43086,IDFM:C01743,Orsay Ville,B,1,2.1808087044597166,48.6975077019159
IDFM:monomodalStopPlace:47009,IDFM:C01743,Palaiseau,B,1,2.24558429554376,48.71686524330362
IDFM:monomodalStopPlace:43175,IDFM:C01743,Palaiseau - Villebon,B,1,2.237329249708309,48.7081489333421
IDFM:monomodalStopPlace:43177,IDFM:C01743,Parc de Sceaux,B,1,2.309934691589042,48.769718949712896
IDFM:monomodalStopPlace:47878,IDFM:C01743,Parc des Expositions,B,1,2.514551290822596,48.97356812654279
IDFM:monomodalStopPlace:44500,IDFM:C01743,Port Royal,B,1,2.3371383995944486,48.840064350218256
IDFM:monomodalStopPlace:43186,IDFM:C01743,Robinson,B,1,2.281364769669608,48.78023982792202
IDFM:monomodalStopPlace:47889,IDFM:C01743,Saint-Rémy-lès-Chevreuse,B,1,2.071385742904064,48.70273269647272
IDFM:monomodalStopPlace:59206,IDFM:C01743,Sceaux,B,1,2.2979282159439305,48.78130792093752
IDFM:monomodalStopPlace:43193,IDFM:C01743,Sevran - Beaudottes,B,1,2.5247262164471342,48.94700236504643
IDFM:monomodalStopPlace:43194,IDFM:C01743,Sevran - Livry,B,1,2.5352889927291447,48.93640164880271
IDFM:monomodalStopPlace:46222,IDFM:C01743,Vert-Galant,B,1,2.5663968806983126,48.944091645418105
IDFM:monomodalStopPlace:46725,IDFM:C01743,Villeparisis - Mitry-le-Neuf,B,1,2.603220561532749,48.95316214687084
IDFM:monomodalStopPlace:58793,IDFM:C01743,Villepinte,B,1,2.512783848981341,48.96256540760733
IDFM:471084,IDFM:C01744,Chartres,TER Centre - Val de Loire,0,1.4806209416767402,48.44823932975185
IDFM:471264,IDFM:C01744,Gazeran,TER Centre - Val de Loire,0,1.7731940019679762,48.626030099525615
IDFM:471320,IDFM:C01744,Jouy,TER Centre - Val de Loire,0,1.5573944426479542,48.50992191472039
IDFM:471097,IDFM:C01744,La Villette Saint-Prest,TER Centre - Val de Loire,0,1.5243665465423835,48.48257328592839
IDFM:471383,IDFM:C01744,Maintenon,TER Centre - Val de Loire,0,1.5927004951416628,48.58677629096436
IDFM:472325,IDFM:C01744,Paris Montparnasse,TER Centre - Val de Loire,0,2.3171127798375744,48.83930271228559
IDFM:472483,IDFM:C01744,Rambouillet,TER Centre - Val de Loire,0,1.8324180995233337,48.64399537698486
IDFM:472678,IDFM:C01744,Saint-Piat,TER Centre - Val de Loire,0,1.5900718560128813,48.54261245222475
IDFM:472731,IDFM:C01744,Saint-Quentin en Yvelines - Montigny-le-Bretonneux,TER Centre - Val de Loire,0,2.044573174667644,48.78735906234353
IDFM:472737,IDFM:C01744,Versailles Chantiers,TER Centre - Val de Loire,0,2.1349800375399517,48.795115224597424
IDFM:473004,IDFM:C01744,Épernon,TER Centre - Val de Loire,0,1.681650464810052,48.60505462352544
IDFM:470966,IDFM:C01745,Champagne-sur-Seine,TER Bourgogne - Franche-Comté,0,2.7989157549076826,48.40726498949764
IDFM:monomodalStopPlace:411461,IDFM:C01745,Champigny-sur-Yonne,TER Bourgogne - Franche-Comté,0,3.130154840410363,48.32421062271411
IDFM:471308,IDFM:C01745,Joigny,TER Bourgogne - Franche-Comté,0,3.3934526054660945,47.973653404141885
IDFM:472924,IDFM:C01745,Laroche - Migennes,TER Bourgogne - Franche-Comté,0,3.5126950479193155,47.96116915717847
IDFM:monomodalStopPlace:411458,IDFM:C01745,Pont-sur-Yonne,TER Bourgogne - Franche-Comté,0,3.201822135556628,48.286200143295794
IDFM:monomodalStopPlace:411473,IDFM:C01745,Saint-Julien du Sault,TER Bourgogne - Franche-Comté,0,3.302762450780337,48.02662402302481
IDFM:monomodalStopPlace:411452,IDFM:C01745,Sens,TER Bourgogne - Franche-Comté,0,3.2673805413803247,48.19822559869753
IDFM:monomodalStopPlace:411464,IDFM:C01745,Villeneuve-la-Guyard,TER Bourgogne - Franche-Comté,0,3.0720201061041963,48.34261875935412
IDFM:monomodalStopPlace:411476,IDFM:C01745,Villeneuve-sur-Yonne,TER Bourgogne - Franche-Comté,0,3.28650469508052,48.08520669575616
IDFM:monomodalStopPlace:411455,IDFM:C01745,Étigny - Véron,TER Bourgogne - Franche-Comté,0,3.2900826338816094,48.13765030143217
IDFM:472914,IDFM:C01746,Beauvais,TER Hauts-de-France,0,2.0883852620612977,49.42619916911589
IDFM:472536,IDFM:C01746,Persan - Beaumont,TER Hauts-de-France,0,2.2776873819623153,49.147666187414075
IDFM:472386,IDFM:C01747,La Ferté-sous-Jouarre,TER Grand-Est,0,3.1247046068025877,48.95078183048536
IDFM:471787,IDFM:C01747,Longueville,TER Grand-Est,0,3.2500508642546726,48.513780276990325
IDFM:471604,IDFM:C01747,Paris Est,TER Grand-Est,0,2.3596411388233878,48.878791496449345
IDFM:470812,IDFM:C01748,Bonnières,TER Normandie,0,1.582054688549546,49.03882194566217
IDFM:472217,IDFM:C01748,Mantes-la-Jolie,TER Normandie,0,1.7038932735208838,48.989356972496154
IDFM:471341,IDFM:C01748,Paris Saint-Lazare,TER Normandie,0,2.3251575232393233,48.87776719223771
IDFM:472945,IDFM:C01748,Rosny-sur-Seine,TER Normandie,0,1.6298170863623713,48.997517462392516
IDFM:29897,IDFM:C01774,Auguste Perret (Cimetière Parisien),T7,1,2.3677645180804694,48.763356017630755
IDFM:35927,IDFM:C01774,Aéroport d'Orly,T7,1,2.3682619165816265,48.72956229857115
IDFM:29902,IDFM:C01774,Bretagne,T7,1,2.368032383404408,48.768200823202534
IDFM:29898,IDFM:C01774,Caroline Aigle (Orlyfret),T7,1,2.3699065137135045,48.73862392199315
IDFM:35930,IDFM:C01774,Chevilly-Larue,T7,1,2.3663818309958558,48.75958009715881
IDFM:460558,IDFM:C01774,Coeur d'Orly,T7,1,2.3713791778019613,48.73377018617013
IDFM:29895,IDFM:C01774,Domaine Chérioux,T7,1,2.3674055347050116,48.77894552666375
IDFM:29893,IDFM:C01774,Hélène Boucher (Orlytech),T7,1,2.359500671220926,48.7399761747194
IDFM:35941,IDFM:C01774,La Belle Epine,T7,1,2.3683757684061284,48.75669000367064
IDFM:29900,IDFM:C01774,La Fraternelle,T7,1,2.3527886284657256,48.74170288340096
IDFM:460559,IDFM:C01774,Lamartine,T7,1,2.3671565202174554,48.78320741200008
IDFM:29904,IDFM:C01774,Moulin Vert,T7,1,2.3678088376933975,48.772053649420116
IDFM:35940,IDFM:C01774,Place de la Logistique,T7,1,2.361968341297847,48.75281986848917
IDFM:29901,IDFM:C01774,Porte de Rungis,T7,1,2.3552587047067686,48.75257246308121
IDFM:35926,IDFM:C01774,Porte de l'Essonne,T7,1,2.3716928226538725,48.71447854576813
IDFM:35943,IDFM:C01774,Robert Schuman (Parc Silic Centre),T7,1,2.352829762655051,48.74661405086343
IDFM:35935,IDFM:C01774,Saarinen,T7,1,2.3543902148175375,48.75020675486381
IDFM:29903,IDFM:C01774,Villejuif - Louis Aragon,T7,1,2.3669436186094828,48.787294088432105
IDFM:41952,IDFM:C01794,Centre de Châtillon,T6,1,2.289040677948274,48.80420103256836
IDFM:2336,IDFM:C01794,Châtillon - Montrouge,T6,1,2.300646536840902,48.81040787292331
IDFM:2335,IDFM:C01794,Dewoitine,T6,1,2.2144096022606923,48.783609420371576
IDFM:41856,IDFM:C01794,Division Leclerc,T6,1,2.272667119414505,48.79448338974187
IDFM:41674,IDFM:C01794,Georges Millandy,T6,1,2.230907397738476,48.78347840329607
IDFM:2343,IDFM:C01794,Georges Pompidou,T6,1,2.2370997108408037,48.784903209449894
IDFM:2344,IDFM:C01794,Hôpital Béclère,T6,1,2.2545158974341466,48.786722030549306
IDFM:2333,IDFM:C01794,Inovel Parc Nord,T6,1,2.2090739355511997,48.7813886169742
IDFM:41852,IDFM:C01794,L'Onde (Maison des Arts),T6,1,2.1805178670857552,48.78197867380151
IDFM:2330,IDFM:C01794,Louvois,T6,1,2.1965117748015714,48.78007707892303
IDFM:2340,IDFM:C01794,Mail de la Plaine,T6,1,2.2470120576498944,48.783702401127314
IDFM:2331,IDFM:C01794,Mairie de Vélizy,T6,1,2.1914772216859033,48.7804523553652
IDFM:2347,IDFM:C01794,Meudon-la-Forêt,T6,1,2.225243941818259,48.78358122600311
IDFM:2338,IDFM:C01794,Parc André Malraux,T6,1,2.281951760516498,48.79989099783623
IDFM:2339,IDFM:C01794,Pavé Blanc,T6,1,2.24005806542245,48.78083419035381
IDFM:41853,IDFM:C01794,Robert Wagner,T6,1,2.178923121792774,48.78515619730213
IDFM:41858,IDFM:C01794,Soleil Levant,T6,1,2.2632787267180916,48.79029308871476
IDFM:41672,IDFM:C01794,Vauban,T6,1,2.2941807575017688,48.80720849985385
IDFM:422040,IDFM:C01794,Viroflay - Rive Droite,T6,1,2.1688246231837143,48.80561113755719
IDFM:422038,IDFM:C01794,Viroflay - Rive Gauche,T6,1,2.1712873924830536,48.80100974979797
IDFM:41854,IDFM:C01794,Vélizy 2,T6,1,2.219990129216053,48.784959137764865
IDFM:42105,IDFM:C01795,Blumenthal,T8,1,2.3391376515219138,48.94780222584445
IDFM:42133,IDFM:C01795,César,T8,1,2.3425217278579336,48.94957442194962
IDFM:42117,IDFM:C01795,Delaunay - Belleville,T8,1,2.3473300427976387,48.94558992100393
IDFM:42111,IDFM:C01795,Gilbert Bonnemaison,T8,1,2.3078322049153495,48.95538632563975
IDFM:42131,IDFM:C01795,Jean Vilar,T8,1,2.3434647101990063,48.952749531031785
IDFM:42115,IDFM:C01795,Lacépède,T8,1,2.311484809982228,48.95591544563658
IDFM:42110,IDFM:C01795,Les Béatus,T8,1,2.32076542440102,48.95159790569531
IDFM:42103,IDFM:C01795,Les Mobiles,T8,1,2.3289318678290774,48.94991728235479
IDFM:42130,IDFM:C01795,Pablo Neruda,T8,1,2.3431423443321426,48.95665060232743
IDFM:42119,IDFM:C01795,Paul Éluard,T8,1,2.3451995587161356,48.939679018629505
IDFM:42121,IDFM:C01795,Pierre de Geyter,T8,1,2.3527553185300127,48.93200867959388
IDFM:42104,IDFM:C01795,Rose Bertin,T8,1,2.3153369617898174,48.95322169679358
IDFM:42122,IDFM:C01795,Saint-Denis - Gare,T8,1,2.3478007279584023,48.93527321401707
IDFM:42120,IDFM:C01795,Saint-Denis - Porte de Paris,T8,1,2.3572594652267886,48.92980268222413
IDFM:42127,IDFM:C01795,Villetaneuse - Université,T8,1,2.3420233511955395,48.959288316549845
IDFM:42101,IDFM:C01795,Épinay - Orgemont,T8,1,2.2953710419066633,48.955439639607796
IDFM:42102,IDFM:C01795,Épinay-sur-Seine - Gare,T8,1,2.301866287294441,48.95578788474862
IDFM:471757,IDFM:C01843,Allée de la Tour-Rendez-vous,T4,1,2.5066078373197493,48.8973222717198
IDFM:478646,IDFM:C01843,Arboretum,T4,1,2.5617277945708947,48.89792786614079
IDFM:472147,IDFM:C01843,Aulnay-sous-Bois,T4,1,2.4966639180053942,48.93193959342646
IDFM:479491,IDFM:C01843,Bondy,T4,1,2.4821459223584963,48.893788132907794
IDFM:478664,IDFM:C01843,Clichy - Montfermeil,T4,1,2.5550419889334854,48.90457600945255
IDFM:477286,IDFM:C01843,Clichy-sous-Bois - Mairie,T4,1,2.5463714170220673,48.90785738876322
IDFM:472316,IDFM:C01843,Freinville Sevran,T4,1,2.5191119152298866,48.92650570779087
IDFM:472857,IDFM:C01843,Gargan,T4,1,2.5164613516942587,48.90724427401961
IDFM:478656,IDFM:C01843,Hôpital de Montfermeil,T4,1,2.5706917712825232,48.90092352532447
IDFM:472077,IDFM:C01843,L'Abbaye,T4,1,2.5163373380585234,48.92181377624612
IDFM:471008,IDFM:C01843,Les Coquetiers,T4,1,2.499778763554864,48.89259955643689
IDFM:472503,IDFM:C01843,Les Pavillons-sous-Bois,T4,1,2.51195212875012,48.90268153114687
IDFM:470693,IDFM:C01843,Lycée Henri Sellier,T4,1,2.515102289926692,48.91596341991985
IDFM:478658,IDFM:C01843,Léon Blum,T4,1,2.5322933145660347,48.90850919427112
IDFM:478654,IDFM:C01843,Maurice Audin,T4,1,2.5391971898507815,48.908432532367925
IDFM:478652,IDFM:C01843,Notre-Dame-des-Anges,T4,1,2.5560689335371465,48.90092867239745
IDFM:472376,IDFM:C01843,Remise à Jorelle,T4,1,2.48796300226277,48.89308470595271
IDFM:478659,IDFM:C01843,Romain Rolland,T4,1,2.5479400309512013,48.904747261514075
IDFM:472618,IDFM:C01843,Rougemont Chanteloup,T4,1,2.5148802676265842,48.93099853401149
IDFM:478650,IDFM:C01843,République - Marx Dormoy,T4,1,2.5240026096733446,48.90657452643611
IDFM:472379,IDFM:C01857,Angerville,TER Centre - Val-de-Loire,0,2.00375053575689,48.311605619796445
IDFM:monomodalStopPlace:59049,IDFM:C01857,Auneau,TER Centre - Val-de-Loire,0,1.779631964523447,48.445347392939446
IDFM:monomodalStopPlace:411446,IDFM:C01857,Bonneval,TER Centre - Val-de-Loire,0,1.3862711811788562,48.18642221696536
IDFM:monomodalStopPlace:411443,IDFM:C01857,Châteaudun,TER Centre - Val-de-Loire,0,1.3384330021828876,48.073492940832686
IDFM:471744,IDFM:C01857,Dourdan,TER Centre - Val-de-Loire,0,2.0087424391542505,48.53374839632352
IDFM:471199,IDFM:C01857,Guillerval,TER Centre - Val-de-Loire,0,2.0597029804841855,48.374270890771015
IDFM:471205,IDFM:C01857,Monnerville,TER Centre - Val-de-Loire,0,2.032496711110358,48.34861020605319
IDFM:471335,IDFM:C01857,Paris Austerlitz,TER Centre - Val-de-Loire,0,2.367428529718273,48.840198430537235
IDFM:monomodalStopPlace:411449,IDFM:C01857,Voves,TER Centre - Val-de-Loire,0,1.6220416259899684,48.27503094784323
IDFM:471897,IDFM:C01857,Étampes,TER Centre - Val-de-Loire,0,2.1597818297506097,48.43704251781967
IDFM:472271,IDFM:C01863,Crépy-en-Valois,TER Hauts-de-France,0,2.88786193926847,49.23112734453057
IDFM:470808,IDFM:C01863,Dammartin - Juilly - Saint-Mard,TER Hauts-de-France,0,2.6991884467454095,49.03225834293
IDFM:472518,IDFM:C01863,Le Plessis-Belleville,TER Hauts-de-France,0,2.7451012914760264,49.09641247950464
IDFM:472571,IDFM:C01863,Nanteuil-le-Haudouin,TER Hauts-de-France,0,2.794239459394093,49.14268218680525
IDFM:472210,IDFM:C01999,Dugny - La Courneuve,T11,1,2.4110928172865975,48.94392822941941
IDFM:470688,IDFM:C01999,Le Bourget,T11,1,2.423387588144166,48.93028748884126
IDFM:471933,IDFM:C01999,Pierrefitte - Stains,T11,1,2.3673315248897993,48.96014842669058
IDFM:471887,IDFM:C01999,Stains - La Cerisaie,T11,1,2.391778426287431,48.95473095417108
IDFM:470851,IDFM:C01999,Villetaneuse - Université,T11,1,2.3423692336546855,48.96001412404236
IDFM:470874,IDFM:C01999,Épinay - Villetaneuse,T11,1,2.3283230135674,48.959001027924124
IDFM:472986,IDFM:C01999,Épinay-sur-Seine,T11,1,2.3023806541414746,48.95459933953863
IDFM:478996,IDFM:C02317,Beethoven - Concorde,T9,1,2.3814930788097044,48.798851114366414
IDFM:478992,IDFM:C02317,Camille Groult,T9,1,2.391986520561624,48.78568378877092
IDFM:479012,IDFM:C02317,Carle - Darthé,T9,1,2.4088090411538663,48.759284981536396
IDFM:479009,IDFM:C02317,Christophe Colomb,T9,1,2.4169489194080387,48.752156575213434
IDFM:479007,IDFM:C02317,Châteaudun - Barbès,T9,1,2.3685026456935985,48.81536342981393
IDFM:479005,IDFM:C02317,Cimetière Parisien d'Ivry,T9,1,2.3706323252009955,48.812676508124376
IDFM:479003,IDFM:C02317,Constant Coquelin,T9,1,2.39377234709805,48.78309807843203
IDFM:479001,IDFM:C02317,Four - Peary,T9,1,2.41189627404119,48.75452877335907
IDFM:478999,IDFM:C02317,Germaine Tailleferre,T9,1,2.377818563756306,48.80330652504857
IDFM:478995,IDFM:C02317,La Briqueterie,T9,1,2.3748570948500003,48.807293360445506
IDFM:478985,IDFM:C02317,Les Saules,T9,1,2.416286471992537,48.74692764733843
IDFM:478997,IDFM:C02317,Mairie de Vitry-sur-Seine,T9,1,2.388422082517457,48.79019409121699
IDFM:478976,IDFM:C02317,Musée MAC VAL,T9,1,2.386246915774877,48.792854158713254
IDFM:478974,IDFM:C02317,Orly - Gaston Viens,T9,1,2.4086572334508998,48.745064255188964
IDFM:478980,IDFM:C02317,Porte de Choisy,T9,1,2.36515675963709,48.819487362723784
IDFM:478978,IDFM:C02317,Rouget de Lisle,T9,1,2.405818113794633,48.763897664913614
IDFM:478982,IDFM:C02317,Trois Communes,T9,1,2.399414263739419,48.772999217643275
IDFM:478989,IDFM:C02317,Verdun - Hoche,T9,1,2.402868605975108,48.76841152870543
IDFM:478987,IDFM:C02317,Watteau - Rondenay,T9,1,2.396389553620034,48.77862778114128
IDFM:480934,IDFM:C02344,Allée Royale,T13,1,2.078550694578374,48.81471254702679
IDFM:481073,IDFM:C02344,Bailly,T13,1,2.0747945512488157,48.83682245423104
IDFM:480925,IDFM:C02344,Camp des Loges,T13,1,2.0816715298124233,48.91396014141924
IDFM:481070,IDFM:C02344,Fourqueux - Bel Air,T13,1,2.070045320488207,48.894916774465436
IDFM:480930,IDFM:C02344,L'Etang - Les Sablons,T13,1,2.069143640548403,48.87249318762653
IDFM:480936,IDFM:C02344,Les Portes de Saint-Cyr,T13,1,2.0772233657082713,48.80660303960453
IDFM:480928,IDFM:C02344,Lisière Pereire,T13,1,2.0729667082533965,48.90320443568524
IDFM:480942,IDFM:C02344,Mareil-Marly,T13,1,2.079248303212842,48.881254716770314
IDFM:480938,IDFM:C02344,Noisy-le-Roi,T13,1,2.061600841452587,48.84126613196806
IDFM:480908,IDFM:C02344,Saint-Cyr,T13,1,2.0747164220775898,48.79901049572037
IDFM:494486,IDFM:C02344,Saint-Cyr - voie 2,T13,1,2.074730353991662,48.79899261499845
IDFM:481067,IDFM:C02344,Saint-Germain-en-Laye,T13,1,2.09525149723148,48.90159864573253
IDFM:480906,IDFM:C02344,Saint-Nom-la-Bretèche - Forêt de Marly,T13,1,2.0506737802676884,48.86740156342333
IDFM:471867,IDFM:C02368,Nemours - Saint-Pierre,TER Centre - Val de Loire,0,2.684971579397758,48.2686866786253
IDFM:472407,IDFM:C02370,Versailles Chantiers,TER Normandie,0,2.134892090456604,48.79511678544446
IDFM:471056,IDFM:C02375,Bréval,TER Normandie,0,1.541822077356298,48.94347692036552
IDFM:470928,IDFM:C02375,Bueil,TER Normandie,0,1.4433450623575812,48.92535002417697
IDFM:472625,IDFM:C02375,Mantes-la-Jolie,TER Normandie,0,1.7037115607457107,48.989108270220356
IDFM:monomodalStopPlace:411365,IDFM:C02375,Évreux Normandie,TER Normandie,0,1.1498558322259895,49.01841486817869
IDFM:486824,IDFM:C02528,Cité-Jardin,T10,1,2.2597371032854907,48.765523570833665
IDFM:486812,IDFM:C02528,Hôpital Béclère,T10,1,2.253140948603363,48.787212621063574
IDFM:486810,IDFM:C02528,Jardin Parisien,T10,1,2.2526918762602426,48.790056463730636
IDFM:486834,IDFM:C02528,La Croix de Berny,T10,1,2.3029386540372965,48.76270295868273
IDFM:486842,IDFM:C02528,LaVallée,T10,1,2.2904462285875615,48.76143315090478
IDFM:486814,IDFM:C02528,Le Hameau,T10,1,2.2531801515197767,48.7825718667625
IDFM:486826,IDFM:C02528,Les Peintres,T10,1,2.2660821939599636,48.76469477440883
IDFM:486820,IDFM:C02528,Malabry,T10,1,2.2496680495546872,48.76936877660444
IDFM:486818,IDFM:C02528,Noveos,T10,1,2.2499911677709328,48.77671013955453
IDFM:486816,IDFM:C02528,Parc des Sports,T10,1,2.2519002511228843,48.77976216186565
IDFM:486830,IDFM:C02528,Petit-Châtenay,T10,1,2.2806873887091164,48.76273741651541
IDFM:486828,IDFM:C02528,Théâtre La Piscine,T10,1,2.272781979105487,48.763782355553076
IDFM:486822,IDFM:C02528,Vallée aux Loups,T10,1,2.254881267223396,48.766379319065955
IDFM:486973,IDFM:C02529,Amédée Gordini,T12,1,2.3737611037624227,48.65871699238074
IDFM:486963,IDFM:C02529,Bois Briard,T12,1,2.4157870315464205,48.621978362261956
IDFM:486967,IDFM:C02529,Bois de Saint-Eutrope,T12,1,2.395640771717404,48.634106879601184
IDFM:486957,IDFM:C02529,Champlan,T12,1,2.2807748122386062,48.70800615065619
IDFM:486892,IDFM:C02529,Chilly-Mazarin,T12,1,2.3070041156465386,48.700880135173904
IDFM:486976,IDFM:C02529,Coteaux de l'Orge,T12,1,2.3626624490651054,48.66530998181564
IDFM:486970,IDFM:C02529,Ferme Neuve,T12,1,2.383397100254066,48.652160364304976
IDFM:486889,IDFM:C02529,Gravigny Balizy,T12,1,2.3172789511158483,48.6861833682167
IDFM:486897,IDFM:C02529,Longjumeau,T12,1,2.2939319851422555,48.70236857101797
IDFM:494313,IDFM:C02529,Massy - Palaiseau,T12,1,2.2571118623676085,48.72484767069716
IDFM:486960,IDFM:C02529,Massy Europe,T12,1,2.2726290062107015,48.72349961335241
IDFM:486978,IDFM:C02529,Parc du Château,T12,1,2.3553595398237315,48.66783428643461
IDFM:486888,IDFM:C02529,Petit Vaux,T12,1,2.3328203985549356,48.67657931899926
IDFM:486965,IDFM:C02529,Traité de Rome,T12,1,2.407352671145046,48.62513001357748
IDFM:486898,IDFM:C02529,Épinay-sur-Orge,T12,1,2.335142179579945,48.67058965007191
IDFM:486902,IDFM:C02529,Évry - Courcouronnes,T12,1,2.4254761927969914,48.62493096325826
IDFM:monomodalStopPlace:43091,IDFM:C02711,Bièvres,V,0,2.2161603396773564,48.75087243760775
IDFM:monomodalStopPlace:43083,IDFM:C02711,Igny,V,0,2.230807643224045,48.74084886110891
IDFM:monomodalStopPlace:43136,IDFM:C02711,Jouy-en-Josas,V,0,2.164447836855006,48.764760068378486
IDFM:monomodalStopPlace:57674,IDFM:C02711,Petit Jouy Les Loges,V,0,2.146851969344536,48.77123768805397
IDFM:monomodalStopPlace:43215,IDFM:C02711,Vauboyen,V,0,2.1925522822775045,48.75897132762851
IDFM:492420,IDFM:C02732,Couilly - Saint-Germain - Quincy,T14,1,2.854152348003086,48.88280440161704
IDFM:492424,IDFM:C02732,Crécy-la-Chapelle,T14,1,2.90519227878914,48.85956357664495
IDFM:492416,IDFM:C02732,Esbly,T14,1,2.809285919946294,48.90274164027046
IDFM:492418,IDFM:C02732,Montry - Condé,T14,1,2.8255986508264512,48.89108472386095
IDFM:492422,IDFM:C02732,Villiers Montbarbin,T14,1,2.8825308779964818,48.86352745620305
IDFM:monomodalStopPlace:43105_IDFM:C01727,IDFM:C01727,Cernay,C,0,2.257017857907824,48.985149200200375
IDFM:monomodalStopPlace:47898_IDFM:C01727,IDFM:C01727,Ermont - Eaubonne,C,1,2.2707541014797794,48.98049890628609
IDFM:monomodalStopPlace:43126_IDFM:C01727,IDFM:C01727,Franconville - Le Plessis-Bouchard,C,1,2.2341907839306554,48.99374640051787
IDFM:monomodalStopPlace:43072_IDFM:C01727,IDFM:C01727,Gare d'Austerlitz,C,1,2.367818767583529,48.84032035638395
IDFM:monomodalStopPlace:45739_IDFM:C01727,IDFM:C01727,Juvisy,C,1,2.383334629403869,48.68970940912314
IDFM:monomodalStopPlace:58774_IDFM:C01727,IDFM:C01727,Massy - Palaiseau,C,1,2.2587677282577334,48.72551907437078
IDFM:monomodalStopPlace:47940_IDFM:C01727,IDFM:C01727,Massy - Verrières,C,1,2.273978779055319,48.7349579552114
IDFM:monomodalStopPlace:43166_IDFM:C01727,IDFM:C01727,Montigny - Beauchamp,C,1,2.196515175604304,49.007744118117
IDFM:monomodalStopPlace:415093_IDFM:C01727,IDFM:C01727,Neuilly - Porte Maillot,C,1,2.284217509613705,48.87834780404864
IDFM:monomodalStopPlace:43180_IDFM:C01727,IDFM:C01727,Pierrelaye,C,0,2.1545313948758564,49.01917957374756
IDFM:monomodalStopPlace:44411_IDFM:C01727,IDFM:C01727,Pontoise,C,1,2.0957859968423524,49.04673337596684
IDFM:monomodalStopPlace:46990_IDFM:C01727,IDFM:C01727,Saint-Cyr,C,0,2.072712440765476,48.79877460471833
IDFM:monomodalStopPlace:44877_IDFM:C01727,IDFM:C01727,Saint-Michel Notre-Dame,C,0,2.344959780029387,48.85302379374016
IDFM:monomodalStopPlace:47599_IDFM:C01727,IDFM:C01727,Saint-Ouen-l'Aumône,C,0,2.105230857870794,49.04530690087292
IDFM:monomodalStopPlace:43150_IDFM:C01727,IDFM:C01727,Saint-Ouen-l'Aumône Liesse,C,1,2.128124092657316,49.0341234164973
IDFM:monomodalStopPlace:461504_IDFM:C01727,IDFM:C01727,Saint-Quentin en Yvelines - Montigny-le-Bretonneux,C,1,2.044615988930814,48.78748491597792
IDFM:monomodalStopPlace:43219_IDFM:C01727,IDFM:C01727,Versailles Chantiers,C,1,2.1349078603373464,48.79526039893613
IDFM:monomodalStopPlace:462388_IDFM:C01727,IDFM:C01727,Viroflay Rive Gauche,C,1,2.17158260741522,48.800665521455045
IDFM:monomodalStopPlace:45102_IDFM:C01728,IDFM:C01728,Châtelet - Les Halles,D,0,2.34697651043533,48.86174503191322
IDFM:monomodalStopPlace:411440_IDFM:C01728,IDFM:C01728,Creil,D,0,2.46892902764167,49.264185555044406
IDFM:monomodalStopPlace:470195_IDFM:C01728,IDFM:C01728,Gare de Lyon,D,1,2.376365660931201,48.84340211646564
IDFM:monomodalStopPlace:462394_IDFM:C01728,IDFM:C01728,Gare du Nord,D,1,2.356693437528564,48.88230685842714
IDFM:monomodalStopPlace:45739_IDFM:C01728,IDFM:C01728,Juvisy,D,1,2.383334629403869,48.68970940912314
IDFM:monomodalStopPlace:47909_IDFM:C01728,IDFM:C01728,Melun,D,0,2.65469836071817,48.527491277248295
IDFM:monomodalStopPlace:412743_IDFM:C01728,IDFM:C01728,Saint-Denis,D,1,2.345479004987329,48.93482889939617
IDFM:monomodalStopPlace:43096_IDFM:C01729,IDFM:C01729,Bondy,E,1,2.4795800358385867,48.893965864676495
IDFM:monomodalStopPlace:58879_IDFM:C01729,IDFM:C01729,Chelles - Gournay,E,1,2.5833806594500697,48.87411948897062
IDFM:monomodalStopPlace:43044_IDFM:C01729,IDFM:C01729,Gagny,E,1,2.5254046016945138,48.883728731604535
IDFM:monomodalStopPlace:470519_IDFM:C01729,IDFM:C01729,Gare de l'Est,E,1,2.360305141171757,48.87857171221123
IDFM:monomodalStopPlace:470549_IDFM:C01729,IDFM:C01729,La Défense,E,1,2.238418596250407,48.892229801568206
IDFM:monomodalStopPlace:43127_IDFM:C01729,IDFM:C01729,Le Chénay Gagny,E,1,2.5527724908646303,48.8771591253828
IDFM:monomodalStopPlace:47901_IDFM:C01729,IDFM:C01729,Le Raincy - Villemomble - Montfermeil,E,0,2.513061005684412,48.8888544132907
IDFM:monomodalStopPlace:415093_IDFM:C01729,IDFM:C01729,Neuilly - Porte Maillot,E,1,2.284217509613705,48.87834780404864
IDFM:monomodalStopPlace:44201_IDFM:C01729,IDFM:C01729,Noisy-le-Sec,E,1,2.45919809568668,48.8966634168645
IDFM:monomodalStopPlace:43176_IDFM:C01729,IDFM:C01729,Pantin,E,1,2.4010414542870944,48.897987452300434
IDFM:monomodalStopPlace:58498_IDFM:C01729,IDFM:C01729,Rosa Parks,E,1,2.373718272865468,48.89645824176388
IDFM:monomodalStopPlace:43208_IDFM:C01729,IDFM:C01729,Tournan,E,1,2.758901334165272,48.739445157221006
IDFM:monomodalStopPlace:43211_IDFM:C01729,IDFM:C01729,Vaires - Torcy,E,1,2.637705554664271,48.87517306494243
IDFM:monomodalStopPlace:47900_IDFM:C01729,IDFM:C01729,Val de Fontenay,E,0,2.4890536307751616,48.85424654032024
IDFM:monomodalStopPlace:43096_IDFM:C01730,IDFM:C01730,Bondy,P,1,2.4795800358385867,48.893965864676495
IDFM:monomodalStopPlace:58879_IDFM:C01730,IDFM:C01730,Chelles - Gournay,P,1,2.5833806594500697,48.87411948897062
IDFM:monomodalStopPlace:411378_IDFM:C01730,IDFM:C01730,Château-Thierry,P,0,3.409522741444065,49.03793350543396
IDFM:monomodalStopPlace:43044_IDFM:C01730,IDFM:C01730,Gagny,P,1,2.5254046016945138,48.883728731604535
IDFM:monomodalStopPlace:470519_IDFM:C01730,IDFM:C01730,Gare de l'Est,P,1,2.360305141171757,48.87857171221123
IDFM:monomodalStopPlace:43127_IDFM:C01730,IDFM:C01730,Le Chénay Gagny,P,1,2.5527724908646303,48.8771591253828
IDFM:monomodalStopPlace:47901_IDFM:C01730,IDFM:C01730,Le Raincy - Villemomble - Montfermeil,P,0,2.513061005684412,48.8888544132907
IDFM:monomodalStopPlace:44201_IDFM:C01730,IDFM:C01730,Noisy-le-Sec,P,1,2.45919809568668,48.8966634168645
IDFM:monomodalStopPlace:43176_IDFM:C01730,IDFM:C01730,Pantin,P,1,2.4010414542870944,48.897987452300434
IDFM:monomodalStopPlace:58498_IDFM:C01730,IDFM:C01730,Rosa Parks,P,1,2.373718272865468,48.89645824176388
IDFM:monomodalStopPlace:43208_IDFM:C01730,IDFM:C01730,Tournan,P,1,2.758901334165272,48.739445157221006
IDFM:monomodalStopPlace:43211_IDFM:C01730,IDFM:C01730,Vaires - Torcy,P,1,2.637705554664271,48.87517306494243
IDFM:monomodalStopPlace:470195_IDFM:C01731,IDFM:C01731,Gare de Lyon,R,1,2.376365660931201,48.84340211646564
IDFM:monomodalStopPlace:47909_IDFM:C01731,IDFM:C01731,Melun,R,0,2.65469836071817,48.527491277248295
IDFM:monomodalStopPlace:411482_IDFM:C01731,IDFM:C01731,Montargis,R,0,2.743201130533139,48.00669739961254
IDFM:monomodalStopPlace:47910_IDFM:C01731,IDFM:C01731,Montereau,R,1,2.942541935520315,48.37960363189276
IDFM:monomodalStopPlace:43245_IDFM:C01731,IDFM:C01731,Nemours-Saint-Pierre,R,1,2.6850524330729284,48.26863657605134
IDFM:monomodalStopPlace:411492_IDFM:C01736,IDFM:C01736,Dreux,N,0,1.3704314171005365,48.731106368847485
IDFM:monomodalStopPlace:43238_IDFM:C01736,IDFM:C01736,Gare Montparnasse,N,1,2.316388731382968,48.83841119933774
IDFM:monomodalStopPlace:43147_IDFM:C01736,IDFM:C01736,La Verrière,N,1,1.943057018064192,48.7551716132828
IDFM:monomodalStopPlace:43157_IDFM:C01736,IDFM:C01736,Mantes-la-Jolie,N,1,1.703836824856348,48.98929502141949
IDFM:monomodalStopPlace:46990_IDFM:C01736,IDFM:C01736,Saint-Cyr,N,0,2.072712440765476,48.79877460471833
IDFM:monomodalStopPlace:461504_IDFM:C01736,IDFM:C01736,Saint-Quentin en Yvelines - Montigny-le-Bretonneux,N,1,2.044615988930814,48.78748491597792
IDFM:monomodalStopPlace:43209_IDFM:C01736,IDFM:C01736,Trappes,N,1,2.0065902166898377,48.7747853970692
IDFM:monomodalStopPlace:43219_IDFM:C01736,IDFM:C01736,Versailles Chantiers,N,1,2.1349078603373464,48.79526039893613
IDFM:monomodalStopPlace:462388_IDFM:C01736,IDFM:C01736,Viroflay Rive Gauche,N,1,2.17158260741522,48.800665521455045
IDFM:monomodalStopPlace:47882_IDFM:C01736,IDFM:C01736,Épône - Mézières,N,0,1.809133387838305,48.96340497197892
IDFM:monomodalStopPlace:43105_IDFM:C01737,IDFM:C01737,Cernay,H,0,2.257017857907824,48.985149200200375
IDFM:monomodalStopPlace:411440_IDFM:C01737,IDFM:C01737,Creil,H,0,2.46892902764167,49.264185555044406
IDFM:monomodalStopPlace:47898_IDFM:C01737,IDFM:C01737,Ermont - Eaubonne,H,1,2.2707541014797794,48.98049890628609
IDFM:monomodalStopPlace:43126_IDFM:C01737,IDFM:C01737,Franconville - Le Plessis-Bouchard,H,1,2.2341907839306554,48.99374640051787
IDFM:monomodalStopPlace:462394_IDFM:C01737,IDFM:C01737,Gare du Nord,H,1,2.356693437528564,48.88230685842714
IDFM:monomodalStopPlace:43166_IDFM:C01737,IDFM:C01737,Montigny - Beauchamp,H,1,2.196515175604304,49.007744118117
IDFM:monomodalStopPlace:43180_IDFM:C01737,IDFM:C01737,Pierrelaye,H,0,2.1545313948758564,49.01917957374756
IDFM:monomodalStopPlace:44411_IDFM:C01737,IDFM:C01737,Pontoise,H,1,2.0957859968423524,49.04673337596684
IDFM:monomodalStopPlace:412743_IDFM:C01737,IDFM:C01737,Saint-Denis,H,1,2.345479004987329,48.93482889939617
IDFM:monomodalStopPlace:47599_IDFM:C01737,IDFM:C01737,Saint-Ouen-l'Aumône,H,0,2.105230857870794,49.04530690087292
IDFM:monomodalStopPlace:43150_IDFM:C01737,IDFM:C01737,Saint-Ouen-l'Aumône Liesse,H,1,2.128124092657316,49.0341234164973
IDFM:monomodalStopPlace:43071_IDFM:C01738,IDFM:C01738,Aulnay-sous-Bois,K,1,2.495597257086315,48.932150935734064
IDFM:monomodalStopPlace:462394_IDFM:C01738,IDFM:C01738,Gare du Nord,K,1,2.356693437528564,48.88230685842714
IDFM:monomodalStopPlace:43164_IDFM:C01738,IDFM:C01738,Mitry - Claye,K,1,2.6422341369736606,48.9757479508066
IDFM:monomodalStopPlace:43069_IDFM:C01739,IDFM:C01739,Asnières-sur-Seine,J,1,2.2832114335873186,48.90587474197106
IDFM:monomodalStopPlace:43114_IDFM:C01739,IDFM:C01739,Conflans Fin d'Oise,J,1,2.07464992457102,48.99115628725848
IDFM:monomodalStopPlace:47898_IDFM:C01739,IDFM:C01739,Ermont - Eaubonne,J,1,2.2707541014797794,48.98049890628609
IDFM:monomodalStopPlace:58566_IDFM:C01739,IDFM:C01739,Gare Saint-Lazare,J,1,2.3244386552397684,48.87747568635212
IDFM:monomodalStopPlace:43082_IDFM:C01739,IDFM:C01739,Houilles - Carrières-sur-Seine,J,1,2.1851757042018707,48.92034757911033
IDFM:monomodalStopPlace:47412_IDFM:C01739,IDFM:C01739,La Garenne-Colombes,J,1,2.239794753045828,48.90957685679064
IDFM:monomodalStopPlace:473109_IDFM:C01739,IDFM:C01739,Maisons-Laffitte,J,1,2.144672265933885,48.94574060746957
IDFM:monomodalStopPlace:43157_IDFM:C01739,IDFM:C01739,Mantes-la-Jolie,J,1,1.703836824856348,48.98929502141949
IDFM:monomodalStopPlace:47874_IDFM:C01739,IDFM:C01739,Poissy,J,1,2.040804469960689,48.93324983956547
IDFM:monomodalStopPlace:44411_IDFM:C01739,IDFM:C01739,Pontoise,J,1,2.0957859968423524,49.04673337596684
IDFM:monomodalStopPlace:43191_IDFM:C01739,IDFM:C01739,Sartrouville,J,1,2.157220038850732,48.93769529363442
IDFM:monomodalStopPlace:59038_IDFM:C01739,IDFM:C01739,Vernon - Giverny,J,0,1.477776772218189,49.09162665982844
IDFM:monomodalStopPlace:47882_IDFM:C01739,IDFM:C01739,Épône - Mézières,J,0,1.809133387838305,48.96340497197892
IDFM:monomodalStopPlace:46647_IDFM:C01740,IDFM:C01740,Achères Ville,L,1,2.077726524656544,48.97064357081442
IDFM:monomodalStopPlace:43069_IDFM:C01740,IDFM:C01740,Asnières-sur-Seine,L,1,2.2832114335873186,48.90587474197106
IDFM:monomodalStopPlace:44559_IDFM:C01740,IDFM:C01740,Cergy Préfecture,L,1,2.079780949001308,49.036306683133965
IDFM:monomodalStopPlace:47897_IDFM:C01740,IDFM:C01740,Cergy Saint-Christophe,L,1,2.0345219282999176,49.049642166828754
IDFM:monomodalStopPlace:43104_IDFM:C01740,IDFM:C01740,Cergy le Haut,L,1,2.011579068023536,49.04823262405815
IDFM:monomodalStopPlace:43241_IDFM:C01740,IDFM:C01740,Chaville Rive Droite,L,1,2.1885894806735937,48.81299614830529
IDFM:monomodalStopPlace:43114_IDFM:C01740,IDFM:C01740,Conflans Fin d'Oise,L,1,2.07464992457102,48.99115628725848
IDFM:monomodalStopPlace:58566_IDFM:C01740,IDFM:C01740,Gare Saint-Lazare,L,1,2.3244386552397684,48.87747568635212
IDFM:monomodalStopPlace:43082_IDFM:C01740,IDFM:C01740,Houilles - Carrières-sur-Seine,L,1,2.1851757042018707,48.92034757911033
IDFM:monomodalStopPlace:470549_IDFM:C01740,IDFM:C01740,La Défense,L,1,2.238418596250407,48.892229801568206
IDFM:monomodalStopPlace:47412_IDFM:C01740,IDFM:C01740,La Garenne-Colombes,L,1,2.239794753045828,48.90957685679064
IDFM:monomodalStopPlace:473109_IDFM:C01740,IDFM:C01740,Maisons-Laffitte,L,1,2.144672265933885,48.94574060746957
IDFM:monomodalStopPlace:43170_IDFM:C01740,IDFM:C01740,Nanterre Université,L,1,2.213536495127317,48.90112974604822
IDFM:monomodalStopPlace:47879_IDFM:C01740,IDFM:C01740,Neuville Université,L,1,2.078348820578231,49.01374275942672
IDFM:monomodalStopPlace:43184_IDFM:C01740,IDFM:C01740,Puteaux,L,1,2.2336164976472146,48.8833721630466
IDFM:monomodalStopPlace:43196_IDFM:C01740,IDFM:C01740,Saint-Cloud,L,1,2.2176312182469986,48.846058536430505
IDFM:monomodalStopPlace:43191_IDFM:C01740,IDFM:C01740,Sartrouville,L,1,2.157220038850732,48.93769529363442
IDFM:monomodalStopPlace:43205_IDFM:C01740,IDFM:C01740,Suresnes Mont Valérien,L,1,2.2210567895582143,48.87168952202666
IDFM:monomodalStopPlace:47767_IDFM:C01740,IDFM:C01740,Sèvres - Ville-d'Avray,L,1,2.2007294495659546,48.827253206930806
IDFM:monomodalStopPlace:43241_IDFM:C01741,IDFM:C01741,Chaville Rive Droite,U,1,2.1885894806735937,48.81299614830529
IDFM:monomodalStopPlace:470549_IDFM:C01741,IDFM:C01741,La Défense,U,1,2.238418596250407,48.892229801568206
IDFM:monomodalStopPlace:43147_IDFM:C01741,IDFM:C01741,La Verrière,U,1,1.943057018064192,48.7551716132828
IDFM:monomodalStopPlace:43184_IDFM:C01741,IDFM:C01741,Puteaux,U,1,2.2336164976472146,48.8833721630466
IDFM:monomodalStopPlace:43196_IDFM:C01741,IDFM:C01741,Saint-Cloud,U,1,2.2176312182469986,48.846058536430505
IDFM:monomodalStopPlace:46990_IDFM:C01741,IDFM:C01741,Saint-Cyr,U,0,2.072712440765476,48.79877460471833
IDFM:monomodalStopPlace:461504_IDFM:C01741,IDFM:C01741,Saint-Quentin en Yvelines - Montigny-le-Bretonneux,U,1,2.044615988930814,48.78748491597792
IDFM:monomodalStopPlace:43205_IDFM:C01741,IDFM:C01741,Suresnes Mont Valérien,U,1,2.2210567895582143,48.87168952202666
IDFM:monomodalStopPlace:47767_IDFM:C01741,IDFM:C01741,Sèvres - Ville-d'Avray,U,1,2.2007294495659546,48.827253206930806
IDFM:monomodalStopPlace:43209_IDFM:C01741,IDFM:C01741,Trappes,U,1,2.0065902166898377,48.7747853970692
IDFM:monomodalStopPlace:43219_IDFM:C01741,IDFM:C01741,Versailles Chantiers,U,1,2.1349078603373464,48.79526039893613
IDFM:monomodalStopPlace:46647_IDFM:C01742,IDFM:C01742,Achères Ville,A,1,2.077726524656544,48.97064357081442
IDFM:monomodalStopPlace:44559_IDFM:C01742,IDFM:C01742,Cergy Préfecture,A,1,2.079780949001308,49.036306683133965
IDFM:monomodalStopPlace:47897_IDFM:C01742,IDFM:C01742,Cergy Saint-Christophe,A,1,2.0345219282999176,49.049642166828754
IDFM:monomodalStopPlace:43104_IDFM:C01742,IDFM:C01742,Cergy le Haut,A,1,2.011579068023536,49.04823262405815
IDFM:monomodalStopPlace:45102_IDFM:C01742,IDFM:C01742,Châtelet - Les Halles,A,0,2.34697651043533,48.86174503191322
IDFM:monomodalStopPlace:43114_IDFM:C01742,IDFM:C01742,Conflans Fin d'Oise,A,1,2.07464992457102,48.99115628725848
IDFM:monomodalStopPlace:470195_IDFM:C01742,IDFM:C01742,Gare de Lyon,A,1,2.376365660931201,48.84340211646564
IDFM:monomodalStopPlace:43082_IDFM:C01742,IDFM:C01742,Houilles - Carrières-sur-Seine,A,1,2.1851757042018707,48.92034757911033
IDFM:monomodalStopPlace:470549_IDFM:C01742,IDFM:C01742,La Défense,A,1,2.238418596250407,48.892229801568206
IDFM:monomodalStopPlace:473109_IDFM:C01742,IDFM:C01742,Maisons-Laffitte,A,1,2.144672265933885,48.94574060746957
IDFM:monomodalStopPlace:43170_IDFM:C01742,IDFM:C01742,Nanterre Université,A,1,2.213536495127317,48.90112974604822
IDFM:monomodalStopPlace:47879_IDFM:C01742,IDFM:C01742,Neuville Université,A,1,2.078348820578231,49.01374275942672
IDFM:monomodalStopPlace:47874_IDFM:C01742,IDFM:C01742,Poissy,A,1,2.040804469960689,48.93324983956547
IDFM:monomodalStopPlace:43191_IDFM:C01742,IDFM:C01742,Sartrouville,A,1,2.157220038850732,48.93769529363442
IDFM:monomodalStopPlace:47900_IDFM:C01742,IDFM:C01742,Val de Fontenay,A,0,2.4890536307751616,48.85424654032024
IDFM:monomodalStopPlace:43071_IDFM:C01743,IDFM:C01743,Aulnay-sous-Bois,B,1,2.495597257086315,48.932150935734064
IDFM:monomodalStopPlace:45102_IDFM:C01743,IDFM:C01743,Châtelet - Les Halles,B,0,2.34697651043533,48.86174503191322
IDFM:monomodalStopPlace:462394_IDFM:C01743,IDFM:C01743,Gare du Nord,B,1,2.356693437528564,48.88230685842714
IDFM:monomodalStopPlace:58774_IDFM:C01743,IDFM:C01743,Massy - Palaiseau,B,1,2.2587677282577334,48.72551907437078
IDFM:monomodalStopPlace:47940_IDFM:C01743,IDFM:C01743,Massy - Verrières,B,1,2.273978779055319,48.7349579552114
IDFM:monomodalStopPlace:43164_IDFM:C01743,IDFM:C01743,Mitry - Claye,B,1,2.6422341369736606,48.9757479508066
IDFM:monomodalStopPlace:44877_IDFM:C01743,IDFM:C01743,Saint-Michel Notre-Dame,B,0,2.344959780029387,48.85302379374016
IDFM:monomodalStopPlace:43238_IDFM:C01744,IDFM:C01744,Gare Montparnasse,TER Centre - Val de Loire,1,2.316388731382968,48.83841119933774
IDFM:monomodalStopPlace:470195_IDFM:C01745,IDFM:C01745,Gare de Lyon,TER Bourgogne - Franche-Comté,1,2.376365660931201,48.84340211646564
IDFM:monomodalStopPlace:47910_IDFM:C01745,IDFM:C01745,Montereau,TER Bourgogne - Franche-Comté,1,2.942214453191682,48.37958560154466
IDFM:monomodalStopPlace:479035_IDFM:C01745,IDFM:C01745,Paris-Bercy Bourgogne - Pays d'Auvergne,TER Bourgogne - Franche-Comté,0,2.384209720351069,48.83858620193177
IDFM:monomodalStopPlace:411440_IDFM:C01746,IDFM:C01746,Creil,TER Hauts-de-France,0,2.46892902764167,49.264185555044406
IDFM:monomodalStopPlace:462394_IDFM:C01746,IDFM:C01746,Gare du Nord,TER Hauts-de-France,1,2.356693437528564,48.88230685842714
IDFM:monomodalStopPlace:411378_IDFM:C01747,IDFM:C01747,Château-Thierry,TER Grand-Est,0,3.4095535130519865,49.037933400500975
IDFM:monomodalStopPlace:470519_IDFM:C01747,IDFM:C01747,Gare de l'Est,TER Grand-Est,1,2.360305141171757,48.87857171221123
IDFM:monomodalStopPlace:58566_IDFM:C01748,IDFM:C01748,Gare Saint-Lazare,TER Normandie,1,2.3244386552397684,48.87747568635212
IDFM:monomodalStopPlace:59038_IDFM:C01748,IDFM:C01748,Vernon - Giverny,TER Normandie,0,1.4776820210097443,49.0916991352119
IDFM:monomodalStopPlace:43072_IDFM:C01857,IDFM:C01857,Gare d'Austerlitz,TER Centre - Val-de-Loire,1,2.367818767583529,48.84032035638395
IDFM:monomodalStopPlace:462394_IDFM:C01863,IDFM:C01863,Gare du Nord,TER Hauts-de-France,1,2.356693437528564,48.88230685842714
IDFM:monomodalStopPlace:411482_IDFM:C02368,IDFM:C02368,Montargis,TER Centre - Val de Loire,0,2.743201130533139,48.00669739961254
IDFM:monomodalStopPlace:43245_IDFM:C02368,IDFM:C02368,Nemours-Saint-Pierre,TER Centre - Val de Loire,1,2.6850524330729284,48.26863657605134
IDFM:monomodalStopPlace:479035_IDFM:C02368,IDFM:C02368,Paris-Bercy Bourgogne - Pays d'Auvergne,TER Centre - Val de Loire,0,2.384209720351069,48.83858620193177
IDFM:monomodalStopPlace:411492_IDFM:C02370,IDFM:C02370,Dreux,TER Normandie,0,1.3704314171005365,48.731106368847485
IDFM:monomodalStopPlace:43238_IDFM:C02370,IDFM:C02370,Gare Montparnasse,TER Normandie,1,2.316388731382968,48.83841119933774
IDFM:monomodalStopPlace:58566_IDFM:C02375,IDFM:C02375,Gare Saint-Lazare,TER Normandie,1,2.3244386552397684,48.87747568635212
IDFM:monomodalStopPlace:58774_IDFM:C02711,IDFM:C02711,Massy - Palaiseau,V,1,2.2587677282577334,48.72551907437078
IDFM:monomodalStopPlace:43219_IDFM:C02711,IDFM:C02711,Versailles Chantiers,V,1,2.1349078603373464,48.79526039893613
